opForge Assembler v0.9.7
ADDR    BYTES                    LINE  SOURCE
------  -----------------------  ----  ------
----                                1          .module prvm.amigaos.runtime
----                                2          .cpu 68020
----                                3          .pub
----                                4  
----    EQU 4F505250                5  PRVM_MAGIC_OPRP                     = $4F505250
----    EQU 0070                    6  PRVM_REQUEST_FRAME_SIZE             = 112
----    EQU 0014                    7  PRVM_TOKEN_RECORD_SIZE              = 20
----    EQU 0020                    8  PRVM_RESULT_RECORD_SIZE             = 32
----    EQU 0100                    9  PRVM_DEFAULT_STEP_BUDGET            = 256
----                               10  
----    EQU 0000                   11  PRVM_FRAME_MAGIC                    = 0
----    EQU 0004                   12  PRVM_FRAME_ABI_VERSION              = 4
----    EQU 0006                   13  PRVM_FRAME_FRAME_SIZE               = 6
----    EQU 0008                   14  PRVM_FRAME_CALL_MODE                = 8
----    EQU 000A                   15  PRVM_FRAME_ENTRY_KIND               = 10
----    EQU 000C                   16  PRVM_FRAME_LINE_NUM                 = 12
----    EQU 0010                   17  PRVM_FRAME_SOURCE_PTR               = 16
----    EQU 0014                   18  PRVM_FRAME_SOURCE_LEN               = 20
----    EQU 0018                   19  PRVM_FRAME_TOKEN_PTR                = 24
----    EQU 001C                   20  PRVM_FRAME_TOKEN_COUNT              = 28
----    EQU 0020                   21  PRVM_FRAME_TOKEN_RECORD_SIZE        = 32
----    EQU 0024                   22  PRVM_FRAME_LEXEME_PTR               = 36
----    EQU 0028                   23  PRVM_FRAME_LEXEME_LEN               = 40
----    EQU 002C                   24  PRVM_FRAME_PROGRAM_PTR              = 44
----    EQU 0030                   25  PRVM_FRAME_PROGRAM_LEN              = 48
----    EQU 0034                   26  PRVM_FRAME_RESULT_PTR               = 52
----    EQU 0038                   27  PRVM_FRAME_RESULT_CAPACITY          = 56
----    EQU 003C                   28  PRVM_FRAME_DIAGNOSTIC_PTR           = 60
----    EQU 0044                   29  PRVM_FRAME_RESUME_PTR               = 68
----    EQU 0048                   30  PRVM_FRAME_RESUME_CAPACITY          = 72
----    EQU 004C                   31  PRVM_FRAME_EXPR_REQUEST_PTR         = 76
----    EQU 0050                   32  PRVM_FRAME_EXPR_REQUEST_SIZE        = 80
----    EQU 0054                   33  PRVM_FRAME_EXPR_RESULT_PTR          = 84
----    EQU 0058                   34  PRVM_FRAME_EXPR_RESULT_COUNT        = 88
----    EQU 005C                   35  PRVM_FRAME_PARSER_CONTRACT_VERSION  = 92
----    EQU 0060                   36  PRVM_FRAME_STEP_BUDGET              = 96
----    EQU 0064                   37  PRVM_FRAME_FLAGS                    = 100
----                               38  
----    EQU 0000                   39  PRVM_STATUS_OK                      = 0
----    EQU 0001                   40  PRVM_STATUS_EXPR_REQUEST            = 1
----    EQU 0002                   41  PRVM_STATUS_NEWLINE_UNSUPPORTED     = 2
----    EQU 0003                   42  PRVM_STATUS_ENTRY_BOUNDARY          = 3
----    EQU 0004                   43  PRVM_STATUS_INVALID_ARGUMENT        = 4
----    EQU 0005                   44  PRVM_STATUS_INVALID_TOKEN           = 5
----    EQU 0006                   45  PRVM_STATUS_INVALID_PROGRAM         = 6
----    EQU 0007                   46  PRVM_STATUS_OUTPUT_OVERFLOW         = 7
----    EQU 0009                   47  PRVM_STATUS_UNSUPPORTED_OPCODE      = 9
----    EQU 000A                   48  PRVM_STATUS_INVALID_RESUME          = 10
----    EQU 000B                   49  PRVM_STATUS_EXPR_RESULT_INVALID     = 11
----    EQU 000C                   50  PRVM_STATUS_BUDGET_EXCEEDED         = 12
----                               51  
----    EQU 0001                   52  PRVM_ENTRY_KIND_OPASM_STATEMENT     = 1
----    EQU 0000                   53  PRVM_CALL_MODE_START                = 0
----    EQU 0001                   54  PRVM_CALL_MODE_RESUME               = 1
----    EQU 0001                   55  PRVM_ABI_VERSION_V1                 = 1
----    EQU 0002                   56  PRVM_PARSER_CONTRACT_VERSION_V2     = 2
----                               57  
----    EQU 0000                   58  PRVM_TOKEN_KIND_IDENTIFIER          = 0
----    EQU 0007                   59  PRVM_TOKEN_KIND_DOT                 = 7
----    EQU 0004                   60  PRVM_TOKEN_KIND_COMMA               = 4
----    EQU 0005                   61  PRVM_TOKEN_KIND_COLON               = 5
----                               62  
----    EQU 0001                   63  PRVM_RESULT_BEGIN_STATEMENT         = 1
----    EQU 0002                   64  PRVM_RESULT_LABEL_TEXT              = 2
----    EQU 0003                   65  PRVM_RESULT_MNEMONIC_TEXT           = 3
----    EQU 0004                   66  PRVM_RESULT_OPERAND_EXPR_SLOT       = 4
----    EQU 0005                   67  PRVM_RESULT_FINISH_LINE             = 5
----                               68  
----    EQU 0020                   69  PRVM_EXPR_REQUEST_RECORD_SIZE       = 32
----    EQU 0020                   70  PRVM_EXPR_RESULT_SLOT_SIZE          = 32
----    EQU 0001                   71  PRVM_EXPR_SLOT_READY                = 1
----    EQU 0002                   72  PRVM_EXPR_SLOT_READY_ERROR          = 2
----    EQU 50525253               73  PRVM_RESUME_MAGIC                   = $50525253
----    EQU 0001                   74  PRVM_RESUME_VERSION                 = 1
----    EQU 0028                   75  PRVM_RESUME_STATE_SIZE              = 40
----    EQU 0001                   76  PRVM_CONTINUATION_PARSE_OPERAND     = 1
----                               77  
----    EQU 0000                   78  PRVM_OPCODE_END                     = $00
----    EQU 0001                   79  PRVM_OPCODE_JUMP                    = $01
----    EQU 0003                   80  PRVM_OPCODE_JUMP_IF_FALSE           = $03
----    EQU 0004                   81  PRVM_OPCODE_CHECKPOINT              = $04
----    EQU 0005                   82  PRVM_OPCODE_ROLLBACK                = $05
----    EQU 0006                   83  PRVM_OPCODE_COMMIT                  = $06
----    EQU 0010                   84  PRVM_OPCODE_PEEK_KIND               = $10
----    EQU 0013                   85  PRVM_OPCODE_IS_EOL                  = $13
----    EQU 0014                   86  PRVM_OPCODE_PEEK_ASSIGNMENT         = $14
----    EQU 0015                   87  PRVM_OPCODE_PEEK_STAR_ORG           = $15
----    EQU 0020                   88  PRVM_OPCODE_ADVANCE                 = $20
----    EQU 0030                   89  PRVM_OPCODE_LOAD_IDENTIFIER         = $30
----    EQU 0040                   90  PRVM_OPCODE_PARSE_OPTIONAL_LABEL    = $40
----    EQU 0041                   91  PRVM_OPCODE_SCAN_COMMA_BOUNDARIES   = $41
----    EQU 0050                   92  PRVM_OPCODE_PARSE_OPERAND_EXPR      = $50
----    EQU 0060                   93  PRVM_OPCODE_BEGIN_STATEMENT         = $60
----    EQU 0062                   94  PRVM_OPCODE_SET_MNEMONIC            = $62
----    EQU 0064                   95  PRVM_OPCODE_FINISH_LINE             = $64
----    EQU 0065                   96  PRVM_OPCODE_SET_DOT_MNEMONIC        = $65
----                               97  
----    EQU 0000                   98  LOCAL_LOADED_FLAG                   = 0
----    EQU 0004                   99  LOCAL_LOADED_COL_START              = 4
----    EQU 0008                  100  LOCAL_LOADED_COL_END                = 8
----    EQU 000C                  101  LOCAL_LOADED_LEXEME_OFFSET          = 12
----    EQU 0010                  102  LOCAL_LOADED_LEXEME_LEN             = 16
----    EQU 0014                  103  LOCAL_FINISHED_FLAG                 = 20
----    EQU 0018                  104  LOCAL_STEP_COUNT                    = 24
----    EQU 001C                  105  LOCAL_OPERAND_COUNT                 = 28
----    EQU 0020                  106  LOCAL_EXPR_START_TOKEN              = 32
----    EQU 0024                  107  LOCAL_EXPR_END_TOKEN                = 36
----    EQU 0028                  108  LOCAL_EXPR_SLOT_INDEX               = 40
----    EQU 002C                  109  LOCAL_LABEL_FLAG                    = 44
----    EQU 0030                  110  LOCAL_LABEL_COL_START               = 48
----    EQU 0034                  111  LOCAL_LABEL_COL_END                 = 52
----    EQU 0038                  112  LOCAL_LABEL_LEXEME_OFFSET           = 56
----    EQU 003C                  113  LOCAL_LABEL_LEXEME_LEN              = 60
----    EQU 0040                  114  LOCAL_BOOL_VALUE                    = 64
----    EQU 0044                  115  LOCAL_CHECKPOINT_DEPTH              = 68
----    EQU 0048                  116  LOCAL_CHECKPOINT_STACK              = 72
----    EQU 001C                  117  LOCAL_CHECKPOINT_RECORD_SIZE        = 28
----    EQU 0004                  118  LOCAL_CHECKPOINT_MAX_DEPTH          = 4
----    EQU 00B8                  119  LOCAL_SIZE                          = 184
----                              120  
----                              121          .section data, kind=data  ; [section data]
----                              122    ; [section data]
----                              123  abiMarker  ; [section data]
0000    4F 50 46 4F 52 47 45 2D 50 52 56 4D 2D 41 42 49 2D 56 31 00   124          .byte "OPFORGE-PRVM-ABI-V1",0  ; [section data]
----                              125    ; [section data]
----                              126          .endsection
----                              127  
----                              128          .section code, kind=code  ; [section code]
----                              129    ; [section code]
----                              130  ; ---------------------------------------------------------------------------  ; [section code]
----                              131  ; Native parser VM entry.  ; [section code]
----                              132  ;  ; [section code]
----                              133  ; Call ABI:  ; [section code]
----                              134  ; - A0: PRVM_REQUEST_FRAME_V1 pointer  ; [section code]
----                              135  ; - D0: request frame size in bytes  ; [section code]
----                              136  ;  ; [section code]
----                              137  ; Return ABI:  ; [section code]
----                              138  ; - D0: PRVM_STATUS_*  ; [section code]
----                              139  ; - D1: result record count on success  ; [section code]
----                              140  ; - D2: final token cursor or status-specific offset  ; [section code]
----                              141  ; - D3: committed result bytes on success  ; [section code]
----                              142  ; ---------------------------------------------------------------------------  ; [section code]
----                              143    ; [section code]
----                              144  prvm_run_68000  ; [section code]
0000    48 E7 0F 0E               145          MOVEM.L D4-D7/A4-A6, -(SP)  ; [section code]
0004    22 08                     146          MOVE.L A0, D1  ; [section code]
0006    4A 81                     147          TST.L D1  ; [section code]
0008    67 00 09 58               148          BEQ prvmInvalidArgument  ; [section code]
000C    0C 80 00 00 00 70         149          CMPI.L #PRVM_REQUEST_FRAME_SIZE, D0  ; [section code]
0012    6D 00 09 4E               150          BLT prvmInvalidArgument  ; [section code]
----                              151    ; [section code]
0016    28 48                     152          MOVEA.L A0, A4  ; [section code]
0018    9F FC 00 00 00 B8         153          SUBA.L #LOCAL_SIZE, SP  ; [section code]
001E    47 EF 00 00               154          LEA 0(SP), A3  ; [section code]
0022    42 AB 00 00               155          CLR.L LOCAL_LOADED_FLAG(A3)  ; [section code]
0026    42 AB 00 14               156          CLR.L LOCAL_FINISHED_FLAG(A3)  ; [section code]
002A    42 AB 00 18               157          CLR.L LOCAL_STEP_COUNT(A3)  ; [section code]
002E    42 AB 00 1C               158          CLR.L LOCAL_OPERAND_COUNT(A3)  ; [section code]
0032    42 AB 00 2C               159          CLR.L LOCAL_LABEL_FLAG(A3)  ; [section code]
0036    42 AB 00 40               160          CLR.L LOCAL_BOOL_VALUE(A3)  ; [section code]
003A    42 AB 00 44               161          CLR.L LOCAL_CHECKPOINT_DEPTH(A3)  ; [section code]
----                              162    ; [section code]
003E    0C AC 4F 50 52 50 00 00   163          CMPI.L #PRVM_MAGIC_OPRP, PRVM_FRAME_MAGIC(A4)  ; [section code]
0046    66 00 09 02               164          BNE prvmInvalidArgumentWithLocals  ; [section code]
004A    0C 6C 00 01 00 04         165          CMPI.W #PRVM_ABI_VERSION_V1, PRVM_FRAME_ABI_VERSION(A4)  ; [section code]
0050    66 00 08 F8               166          BNE prvmInvalidArgumentWithLocals  ; [section code]
0054    70 00                     167          MOVEQ #0, D0  ; [section code]
0056    30 2C 00 06               168          MOVE.W PRVM_FRAME_FRAME_SIZE(A4), D0  ; [section code]
005A    0C 80 00 00 00 70         169          CMPI.L #PRVM_REQUEST_FRAME_SIZE, D0  ; [section code]
0060    6D 00 08 E8               170          BLT prvmInvalidArgumentWithLocals  ; [section code]
0064    0C 6C 00 00 00 08         171          CMPI.W #PRVM_CALL_MODE_START, PRVM_FRAME_CALL_MODE(A4)  ; [section code]
006A    67 00 00 0C               172          BEQ prvmValidateEntryKind  ; [section code]
006E    0C 6C 00 01 00 08         173          CMPI.W #PRVM_CALL_MODE_RESUME, PRVM_FRAME_CALL_MODE(A4)  ; [section code]
0074    66 00 08 D4               174          BNE prvmInvalidArgumentWithLocals  ; [section code]
----                              175  prvmValidateEntryKind  ; [section code]
0078    0C 6C 00 01 00 0A         176          CMPI.W #PRVM_ENTRY_KIND_OPASM_STATEMENT, PRVM_FRAME_ENTRY_KIND(A4)  ; [section code]
007E    66 00 08 7C               177          BNE prvmEntryBoundary  ; [section code]
0082    0C 6C 00 14 00 20         178          CMPI.W #PRVM_TOKEN_RECORD_SIZE, PRVM_FRAME_TOKEN_RECORD_SIZE(A4)  ; [section code]
0088    66 00 08 C0               179          BNE prvmInvalidArgumentWithLocals  ; [section code]
008C    0C AC 00 00 00 02 00 5C   180          CMPI.L #PRVM_PARSER_CONTRACT_VERSION_V2, PRVM_FRAME_PARSER_CONTRACT_VERSION(A4)  ; [section code]
0094    66 00 08 7C               181          BNE prvmInvalidProgramAtCursor  ; [section code]
0098    4A AC 00 64               182          TST.L PRVM_FRAME_FLAGS(A4)  ; [section code]
009C    66 00 08 AC               183          BNE prvmInvalidArgumentWithLocals  ; [section code]
----                              184    ; [section code]
00A0    2C 2C 00 14               185          MOVE.L PRVM_FRAME_SOURCE_LEN(A4), D6  ; [section code]
00A4    6B 00 08 A4               186          BMI prvmInvalidArgumentWithLocals  ; [section code]
00A8    67 00 00 0C               187          BEQ prvmValidateTokenBuffer  ; [section code]
00AC    20 2C 00 10               188          MOVE.L PRVM_FRAME_SOURCE_PTR(A4), D0  ; [section code]
00B0    4A 80                     189          TST.L D0  ; [section code]
00B2    67 00 08 96               190          BEQ prvmInvalidArgumentWithLocals  ; [section code]
----                              191    ; [section code]
----                              192  prvmValidateTokenBuffer  ; [section code]
00B6    28 2C 00 1C               193          MOVE.L PRVM_FRAME_TOKEN_COUNT(A4), D4  ; [section code]
00BA    6B 00 08 8E               194          BMI prvmInvalidArgumentWithLocals  ; [section code]
00BE    67 00 00 0C               195          BEQ prvmValidateLexemeBuffer  ; [section code]
00C2    20 2C 00 18               196          MOVE.L PRVM_FRAME_TOKEN_PTR(A4), D0  ; [section code]
00C6    4A 80                     197          TST.L D0  ; [section code]
00C8    67 00 08 80               198          BEQ prvmInvalidArgumentWithLocals  ; [section code]
----                              199    ; [section code]
----                              200  prvmValidateLexemeBuffer  ; [section code]
00CC    20 2C 00 28               201          MOVE.L PRVM_FRAME_LEXEME_LEN(A4), D0  ; [section code]
00D0    6B 00 08 78               202          BMI prvmInvalidArgumentWithLocals  ; [section code]
00D4    67 00 00 0C               203          BEQ prvmValidateProgramBuffer  ; [section code]
00D8    2E 2C 00 24               204          MOVE.L PRVM_FRAME_LEXEME_PTR(A4), D7  ; [section code]
00DC    4A 87                     205          TST.L D7  ; [section code]
00DE    67 00 08 6A               206          BEQ prvmInvalidArgumentWithLocals  ; [section code]
----                              207    ; [section code]
----                              208  prvmValidateProgramBuffer  ; [section code]
00E2    2C 2C 00 30               209          MOVE.L PRVM_FRAME_PROGRAM_LEN(A4), D6  ; [section code]
00E6    6F 00 08 2A               210          BLE prvmInvalidProgramAtCursor  ; [section code]
00EA    20 2C 00 2C               211          MOVE.L PRVM_FRAME_PROGRAM_PTR(A4), D0  ; [section code]
00EE    4A 80                     212          TST.L D0  ; [section code]
00F0    67 00 08 58               213          BEQ prvmInvalidArgumentWithLocals  ; [section code]
00F4    20 2C 00 34               214          MOVE.L PRVM_FRAME_RESULT_PTR(A4), D0  ; [section code]
00F8    4A 80                     215          TST.L D0  ; [section code]
00FA    67 00 08 4E               216          BEQ prvmInvalidArgumentWithLocals  ; [section code]
00FE    20 2C 00 38               217          MOVE.L PRVM_FRAME_RESULT_CAPACITY(A4), D0  ; [section code]
0102    6B 00 08 46               218          BMI prvmInvalidArgumentWithLocals  ; [section code]
0106    20 2C 00 3C               219          MOVE.L PRVM_FRAME_DIAGNOSTIC_PTR(A4), D0  ; [section code]
010A    4A 80                     220          TST.L D0  ; [section code]
010C    67 00 08 3C               221          BEQ prvmInvalidArgumentWithLocals  ; [section code]
0110    20 2C 00 44               222          MOVE.L PRVM_FRAME_RESUME_PTR(A4), D0  ; [section code]
0114    4A 80                     223          TST.L D0  ; [section code]
0116    67 00 08 32               224          BEQ prvmInvalidArgumentWithLocals  ; [section code]
011A    20 2C 00 48               225          MOVE.L PRVM_FRAME_RESUME_CAPACITY(A4), D0  ; [section code]
011E    0C 80 00 00 00 28         226          CMPI.L #PRVM_RESUME_STATE_SIZE, D0  ; [section code]
0124    6D 00 08 24               227          BLT prvmInvalidArgumentWithLocals  ; [section code]
0128    20 2C 00 4C               228          MOVE.L PRVM_FRAME_EXPR_REQUEST_PTR(A4), D0  ; [section code]
012C    4A 80                     229          TST.L D0  ; [section code]
012E    67 00 08 1A               230          BEQ prvmInvalidArgumentWithLocals  ; [section code]
0132    20 2C 00 50               231          MOVE.L PRVM_FRAME_EXPR_REQUEST_SIZE(A4), D0  ; [section code]
0136    0C 80 00 00 00 20         232          CMPI.L #PRVM_EXPR_REQUEST_RECORD_SIZE, D0  ; [section code]
013C    6D 00 08 0C               233          BLT prvmInvalidArgumentWithLocals  ; [section code]
0140    20 2C 00 58               234          MOVE.L PRVM_FRAME_EXPR_RESULT_COUNT(A4), D0  ; [section code]
0144    6B 00 08 04               235          BMI prvmInvalidArgumentWithLocals  ; [section code]
0148    67 00 00 0C               236          BEQ prvmValidateExpressionResultBufferDone  ; [section code]
014C    2E 2C 00 54               237          MOVE.L PRVM_FRAME_EXPR_RESULT_PTR(A4), D7  ; [section code]
0150    4A 87                     238          TST.L D7  ; [section code]
0152    67 00 07 F6               239          BEQ prvmInvalidArgumentWithLocals  ; [section code]
----                              240  prvmValidateExpressionResultBufferDone  ; [section code]
----                              241    ; [section code]
0156    20 6C 00 10               242          MOVEA.L PRVM_FRAME_SOURCE_PTR(A4), A0  ; [section code]
015A    2C 2C 00 14               243          MOVE.L PRVM_FRAME_SOURCE_LEN(A4), D6  ; [section code]
015E    42 80                     244          CLR.L D0  ; [section code]
----                              245  prvmNewlineScanLoop  ; [section code]
0160    B0 86                     246          CMP.L D6, D0  ; [section code]
0162    64 00 00 28               247          BCC prvmNewlineScanDone  ; [section code]
0166    0C 30 00 0A 08 00         248          CMPI.B #10, 0(A0,D0.L)  ; [section code]
016C    67 00 00 12               249          BEQ prvmNewlineUnsupported  ; [section code]
0170    0C 30 00 0D 08 00         250          CMPI.B #13, 0(A0,D0.L)  ; [section code]
0176    67 00 00 08               251          BEQ prvmNewlineUnsupported  ; [section code]
017A    52 80                     252          ADDQ.L #1, D0  ; [section code]
017C    60 00 FF E2               253          BRA prvmNewlineScanLoop  ; [section code]
----                              254    ; [section code]
----                              255  prvmNewlineUnsupported  ; [section code]
0180    42 81                     256          CLR.L D1  ; [section code]
0182    24 00                     257          MOVE.L D0, D2  ; [section code]
0184    42 83                     258          CLR.L D3  ; [section code]
0186    70 02                     259          MOVEQ #PRVM_STATUS_NEWLINE_UNSUPPORTED, D0  ; [section code]
0188    60 00 07 CC               260          BRA prvmReturnWithLocals  ; [section code]
----                              261    ; [section code]
----                              262  prvmNewlineScanDone  ; [section code]
018C    2A 6C 00 2C               263          MOVEA.L PRVM_FRAME_PROGRAM_PTR(A4), A5  ; [section code]
0190    2C 2C 00 30               264          MOVE.L PRVM_FRAME_PROGRAM_LEN(A4), D6  ; [section code]
0194    4D F5 68 00               265          LEA 0(A5,D6.L), A6  ; [section code]
0198    2C 2C 00 60               266          MOVE.L PRVM_FRAME_STEP_BUDGET(A4), D6  ; [section code]
019C    6E 00 00 08               267          BGT prvmStartProgram  ; [section code]
01A0    2C 3C 00 00 01 00         268          MOVE.L #PRVM_DEFAULT_STEP_BUDGET, D6  ; [section code]
----                              269    ; [section code]
----                              270  prvmStartProgram  ; [section code]
01A6    0C 6C 00 01 00 08         271          CMPI.W #PRVM_CALL_MODE_RESUME, PRVM_FRAME_CALL_MODE(A4)  ; [section code]
01AC    67 00 03 78               272          BEQ prvmResumeFromExpression  ; [section code]
01B0    42 81                     273          CLR.L D1  ; [section code]
01B2    42 82                     274          CLR.L D2  ; [section code]
01B4    42 83                     275          CLR.L D3  ; [section code]
----                              276    ; [section code]
----                              277  prvmProgramLoop  ; [section code]
01B6    20 2B 00 18               278          MOVE.L LOCAL_STEP_COUNT(A3), D0  ; [section code]
01BA    52 80                     279          ADDQ.L #1, D0  ; [section code]
01BC    27 40 00 18               280          MOVE.L D0, LOCAL_STEP_COUNT(A3)  ; [section code]
01C0    B0 86                     281          CMP.L D6, D0  ; [section code]
01C2    62 00 07 7C               282          BHI prvmBudgetExceeded  ; [section code]
01C6    BB CE                     283          CMPA.L A6, A5  ; [section code]
01C8    64 00 07 48               284          BCC prvmInvalidProgramAtCursor  ; [section code]
----                              285    ; [section code]
01CC    7E 00                     286          MOVEQ #0, D7  ; [section code]
01CE    1E 1D                     287          MOVE.B (A5)+, D7  ; [section code]
01D0    0C 07 00 00               288          CMPI.B #PRVM_OPCODE_END, D7  ; [section code]
01D4    67 00 00 96               289          BEQ prvmOpcodeEnd  ; [section code]
01D8    0C 07 00 01               290          CMPI.B #PRVM_OPCODE_JUMP, D7  ; [section code]
01DC    67 00 00 9C               291          BEQ prvmOpcodeJump  ; [section code]
01E0    0C 07 00 03               292          CMPI.B #PRVM_OPCODE_JUMP_IF_FALSE, D7  ; [section code]
01E4    67 00 00 A4               293          BEQ prvmOpcodeJumpIfFalse  ; [section code]
01E8    0C 07 00 04               294          CMPI.B #PRVM_OPCODE_CHECKPOINT, D7  ; [section code]
01EC    67 00 00 B4               295          BEQ prvmOpcodeCheckpoint  ; [section code]
01F0    0C 07 00 05               296          CMPI.B #PRVM_OPCODE_ROLLBACK, D7  ; [section code]
01F4    67 00 00 BA               297          BEQ prvmOpcodeRollback  ; [section code]
01F8    0C 07 00 06               298          CMPI.B #PRVM_OPCODE_COMMIT, D7  ; [section code]
01FC    67 00 00 D6               299          BEQ prvmOpcodeCommit  ; [section code]
0200    0C 07 00 10               300          CMPI.B #PRVM_OPCODE_PEEK_KIND, D7  ; [section code]
0204    67 00 00 DC               301          BEQ prvmOpcodePeekKind  ; [section code]
0208    0C 07 00 13               302          CMPI.B #PRVM_OPCODE_IS_EOL, D7  ; [section code]
020C    67 00 00 EA               303          BEQ prvmOpcodeIsEol  ; [section code]
0210    0C 07 00 14               304          CMPI.B #PRVM_OPCODE_PEEK_ASSIGNMENT, D7  ; [section code]
0214    67 00 00 F8               305          BEQ prvmOpcodePeekAssignment  ; [section code]
0218    0C 07 00 15               306          CMPI.B #PRVM_OPCODE_PEEK_STAR_ORG, D7  ; [section code]
021C    67 00 00 F8               307          BEQ prvmOpcodePeekStarOrg  ; [section code]
0220    0C 07 00 20               308          CMPI.B #PRVM_OPCODE_ADVANCE, D7  ; [section code]
0224    67 00 00 F8               309          BEQ prvmOpcodeAdvance  ; [section code]
0228    0C 07 00 30               310          CMPI.B #PRVM_OPCODE_LOAD_IDENTIFIER, D7  ; [section code]
022C    67 00 00 FC               311          BEQ prvmOpcodeLoadIdentifier  ; [section code]
0230    0C 07 00 40               312          CMPI.B #PRVM_OPCODE_PARSE_OPTIONAL_LABEL, D7  ; [section code]
0234    67 00 01 5A               313          BEQ prvmOpcodeParseOptionalLabel  ; [section code]
0238    0C 07 00 41               314          CMPI.B #PRVM_OPCODE_SCAN_COMMA_BOUNDARIES, D7  ; [section code]
023C    67 00 FF 78               315          BEQ prvmProgramLoop  ; [section code]
0240    0C 07 00 50               316          CMPI.B #PRVM_OPCODE_PARSE_OPERAND_EXPR, D7  ; [section code]
0244    67 00 02 44               317          BEQ prvmOpcodeParseOperandExpr  ; [section code]
0248    0C 07 00 60               318          CMPI.B #PRVM_OPCODE_BEGIN_STATEMENT, D7  ; [section code]
024C    67 00 01 EA               319          BEQ prvmOpcodeBeginStatement  ; [section code]
0250    0C 07 00 62               320          CMPI.B #PRVM_OPCODE_SET_MNEMONIC, D7  ; [section code]
0254    67 00 02 00               321          BEQ prvmOpcodeSetMnemonic  ; [section code]
0258    0C 07 00 64               322          CMPI.B #PRVM_OPCODE_FINISH_LINE, D7  ; [section code]
025C    67 00 02 16               323          BEQ prvmOpcodeFinishLine  ; [section code]
0260    0C 07 00 65               324          CMPI.B #PRVM_OPCODE_SET_DOT_MNEMONIC, D7  ; [section code]
0264    67 00 02 0A               325          BEQ prvmOpcodeSetDotMnemonic  ; [section code]
0268    60 00 06 B6               326          BRA prvmUnsupportedOpcode  ; [section code]
----                              327    ; [section code]
----                              328  prvmOpcodeEnd  ; [section code]
026C    4A AB 00 14               329          TST.L LOCAL_FINISHED_FLAG(A3)  ; [section code]
0270    67 00 06 A0               330          BEQ prvmInvalidProgramAtCursor  ; [section code]
0274    70 00                     331          MOVEQ #PRVM_STATUS_OK, D0  ; [section code]
0276    60 00 06 DE               332          BRA prvmReturnWithLocals  ; [section code]
----                              333    ; [section code]
----                              334  prvmOpcodeJump  ; [section code]
027A    61 00 03 52               335          BSR.W prvmReadProgramTarget  ; [section code]
027E    4A 80                     336          TST.L D0  ; [section code]
0280    66 00 06 D4               337          BNE prvmReturnWithLocals  ; [section code]
0284    2A 45                     338          MOVEA.L D5, A5  ; [section code]
0286    60 00 FF 2E               339          BRA prvmProgramLoop  ; [section code]
----                              340    ; [section code]
----                              341  prvmOpcodeJumpIfFalse  ; [section code]
028A    61 00 03 42               342          BSR.W prvmReadProgramTarget  ; [section code]
028E    4A 80                     343          TST.L D0  ; [section code]
0290    66 00 06 C4               344          BNE prvmReturnWithLocals  ; [section code]
0294    4A AB 00 40               345          TST.L LOCAL_BOOL_VALUE(A3)  ; [section code]
0298    66 00 FF 1C               346          BNE prvmProgramLoop  ; [section code]
029C    2A 45                     347          MOVEA.L D5, A5  ; [section code]
029E    60 00 FF 16               348          BRA prvmProgramLoop  ; [section code]
----                              349    ; [section code]
----                              350  prvmOpcodeCheckpoint  ; [section code]
02A2    61 00 03 58               351          BSR.W prvmPushCheckpoint  ; [section code]
02A6    4A 80                     352          TST.L D0  ; [section code]
02A8    66 00 06 AC               353          BNE prvmReturnWithLocals  ; [section code]
02AC    60 00 FF 08               354          BRA prvmProgramLoop  ; [section code]
----                              355    ; [section code]
----                              356  prvmOpcodeRollback  ; [section code]
02B0    61 00 03 7A               357          BSR.W prvmPopCheckpointAddress  ; [section code]
02B4    4A 80                     358          TST.L D0  ; [section code]
02B6    66 00 06 9E               359          BNE prvmReturnWithLocals  ; [section code]
02BA    24 18                     360          MOVE.L (A0)+, D2  ; [section code]
02BC    22 18                     361          MOVE.L (A0)+, D1  ; [section code]
02BE    26 18                     362          MOVE.L (A0)+, D3  ; [section code]
02C0    27 58 00 1C               363          MOVE.L (A0)+, LOCAL_OPERAND_COUNT(A3)  ; [section code]
02C4    27 58 00 14               364          MOVE.L (A0)+, LOCAL_FINISHED_FLAG(A3)  ; [section code]
02C8    27 58 00 2C               365          MOVE.L (A0)+, LOCAL_LABEL_FLAG(A3)  ; [section code]
02CC    27 58 00 40               366          MOVE.L (A0)+, LOCAL_BOOL_VALUE(A3)  ; [section code]
02D0    60 00 FE E4               367          BRA prvmProgramLoop  ; [section code]
----                              368    ; [section code]
----                              369  prvmOpcodeCommit  ; [section code]
02D4    61 00 03 56               370          BSR.W prvmPopCheckpointAddress  ; [section code]
02D8    4A 80                     371          TST.L D0  ; [section code]
02DA    66 00 06 7A               372          BNE prvmReturnWithLocals  ; [section code]
02DE    60 00 FE D6               373          BRA prvmProgramLoop  ; [section code]
----                              374    ; [section code]
----                              375  prvmOpcodePeekKind  ; [section code]
02E2    BB CE                     376          CMPA.L A6, A5  ; [section code]
02E4    64 00 06 2C               377          BCC prvmInvalidProgramAtCursor  ; [section code]
02E8    70 00                     378          MOVEQ #0, D0  ; [section code]
02EA    10 1D                     379          MOVE.B (A5)+, D0  ; [section code]
02EC    61 00 03 66               380          BSR.W prvmPeekKind  ; [section code]
02F0    27 40 00 40               381          MOVE.L D0, LOCAL_BOOL_VALUE(A3)  ; [section code]
02F4    60 00 FE C0               382          BRA prvmProgramLoop  ; [section code]
----                              383    ; [section code]
----                              384  prvmOpcodeIsEol  ; [section code]
02F8    42 AB 00 40               385          CLR.L LOCAL_BOOL_VALUE(A3)  ; [section code]
02FC    B4 84                     386          CMP.L D4, D2  ; [section code]
02FE    65 00 FE B6               387          BCS prvmProgramLoop  ; [section code]
0302    27 7C 00 00 00 01 00 40   388          MOVE.L #1, LOCAL_BOOL_VALUE(A3)  ; [section code]
030A    60 00 FE AA               389          BRA prvmProgramLoop  ; [section code]
----                              390    ; [section code]
----                              391  prvmOpcodePeekAssignment  ; [section code]
030E    42 AB 00 40               392          CLR.L LOCAL_BOOL_VALUE(A3)  ; [section code]
0312    60 00 FE A2               393          BRA prvmProgramLoop  ; [section code]
----                              394    ; [section code]
----                              395  prvmOpcodePeekStarOrg  ; [section code]
0316    42 AB 00 40               396          CLR.L LOCAL_BOOL_VALUE(A3)  ; [section code]
031A    60 00 FE 9A               397          BRA prvmProgramLoop  ; [section code]
----                              398    ; [section code]
----                              399  prvmOpcodeAdvance  ; [section code]
031E    B4 84                     400          CMP.L D4, D2  ; [section code]
0320    64 00 FE 94               401          BCC prvmProgramLoop  ; [section code]
0324    52 82                     402          ADDQ.L #1, D2  ; [section code]
0326    60 00 FE 8E               403          BRA prvmProgramLoop  ; [section code]
----                              404    ; [section code]
----                              405  prvmOpcodeLoadIdentifier  ; [section code]
032A    61 00 02 82               406          BSR.W prvmCurrentTokenPtr  ; [section code]
032E    4A 80                     407          TST.L D0  ; [section code]
0330    66 00 06 24               408          BNE prvmReturnWithLocals  ; [section code]
0334    0C 69 00 00 00 00         409          CMPI.W #PRVM_TOKEN_KIND_IDENTIFIER, 0(A1)  ; [section code]
033A    66 00 05 CC               410          BNE prvmInvalidTokenAtCursor  ; [section code]
033E    20 29 00 04               411          MOVE.L 4(A1), D0  ; [section code]
0342    67 00 05 C4               412          BEQ prvmInvalidTokenAtCursor  ; [section code]
0346    2E 29 00 08               413          MOVE.L 8(A1), D7  ; [section code]
034A    BE 80                     414          CMP.L D0, D7  ; [section code]
034C    65 00 05 BA               415          BCS prvmInvalidTokenAtCursor  ; [section code]
0350    20 29 00 0C               416          MOVE.L 12(A1), D0  ; [section code]
0354    2E 29 00 10               417          MOVE.L 16(A1), D7  ; [section code]
0358    67 00 05 AE               418          BEQ prvmInvalidTokenAtCursor  ; [section code]
035C    2A 00                     419          MOVE.L D0, D5  ; [section code]
035E    DA 87                     420          ADD.L D7, D5  ; [section code]
0360    65 00 05 A6               421          BCS prvmInvalidTokenAtCursor  ; [section code]
0364    BA AC 00 28               422          CMP.L PRVM_FRAME_LEXEME_LEN(A4), D5  ; [section code]
0368    62 00 05 9E               423          BHI prvmInvalidTokenAtCursor  ; [section code]
036C    27 69 00 04 00 04         424          MOVE.L 4(A1), LOCAL_LOADED_COL_START(A3)  ; [section code]
0372    27 69 00 08 00 08         425          MOVE.L 8(A1), LOCAL_LOADED_COL_END(A3)  ; [section code]
0378    27 69 00 0C 00 0C         426          MOVE.L 12(A1), LOCAL_LOADED_LEXEME_OFFSET(A3)  ; [section code]
037E    27 69 00 10 00 10         427          MOVE.L 16(A1), LOCAL_LOADED_LEXEME_LEN(A3)  ; [section code]
0384    27 7C 00 00 00 01 00 00   428          MOVE.L #1, LOCAL_LOADED_FLAG(A3)  ; [section code]
038C    60 00 FE 28               429          BRA prvmProgramLoop  ; [section code]
----                              430    ; [section code]
----                              431  prvmOpcodeParseOptionalLabel  ; [section code]
0390    4A 82                     432          TST.L D2  ; [section code]
0392    66 00 FE 22               433          BNE prvmProgramLoop  ; [section code]
0396    4A 84                     434          TST.L D4  ; [section code]
0398    67 00 FE 1C               435          BEQ prvmProgramLoop  ; [section code]
039C    42 80                     436          CLR.L D0  ; [section code]
039E    61 00 02 14               437          BSR.W prvmTokenPtrByIndex  ; [section code]
03A2    4A 80                     438          TST.L D0  ; [section code]
03A4    66 00 05 B0               439          BNE prvmReturnWithLocals  ; [section code]
03A8    0C 69 00 00 00 00         440          CMPI.W #PRVM_TOKEN_KIND_IDENTIFIER, 0(A1)  ; [section code]
03AE    66 00 FE 06               441          BNE prvmProgramLoop  ; [section code]
03B2    0C A9 00 00 00 01 00 04   442          CMPI.L #1, 4(A1)  ; [section code]
03BA    66 00 FD FA               443          BNE prvmProgramLoop  ; [section code]
03BE    20 29 00 0C               444          MOVE.L 12(A1), D0  ; [section code]
03C2    2E 29 00 10               445          MOVE.L 16(A1), D7  ; [section code]
03C6    67 00 05 40               446          BEQ prvmInvalidTokenAtCursor  ; [section code]
03CA    2A 00                     447          MOVE.L D0, D5  ; [section code]
03CC    DA 87                     448          ADD.L D7, D5  ; [section code]
03CE    65 00 05 38               449          BCS prvmInvalidTokenAtCursor  ; [section code]
03D2    BA AC 00 28               450          CMP.L PRVM_FRAME_LEXEME_LEN(A4), D5  ; [section code]
03D6    62 00 05 30               451          BHI prvmInvalidTokenAtCursor  ; [section code]
03DA    27 69 00 04 00 30         452          MOVE.L 4(A1), LOCAL_LABEL_COL_START(A3)  ; [section code]
03E0    27 69 00 08 00 34         453          MOVE.L 8(A1), LOCAL_LABEL_COL_END(A3)  ; [section code]
03E6    27 69 00 0C 00 38         454          MOVE.L 12(A1), LOCAL_LABEL_LEXEME_OFFSET(A3)  ; [section code]
03EC    27 69 00 10 00 3C         455          MOVE.L 16(A1), LOCAL_LABEL_LEXEME_LEN(A3)  ; [section code]
03F2    27 7C 00 00 00 01 00 2C   456          MOVE.L #1, LOCAL_LABEL_FLAG(A3)  ; [section code]
03FA    74 01                     457          MOVEQ #1, D2  ; [section code]
03FC    0C 84 00 00 00 02         458          CMPI.L #2, D4  ; [section code]
0402    65 00 00 26               459          BCS prvmEmitOptionalLabel  ; [section code]
0406    70 01                     460          MOVEQ #1, D0  ; [section code]
0408    61 00 01 AA               461          BSR.W prvmTokenPtrByIndex  ; [section code]
040C    4A 80                     462          TST.L D0  ; [section code]
040E    66 00 05 46               463          BNE prvmReturnWithLocals  ; [section code]
0412    0C 69 00 05 00 00         464          CMPI.W #PRVM_TOKEN_KIND_COLON, 0(A1)  ; [section code]
0418    66 00 00 10               465          BNE prvmEmitOptionalLabel  ; [section code]
041C    20 29 00 04               466          MOVE.L 4(A1), D0  ; [section code]
0420    B0 AB 00 34               467          CMP.L LOCAL_LABEL_COL_END(A3), D0  ; [section code]
0424    66 00 00 04               468          BNE prvmEmitOptionalLabel  ; [section code]
0428    74 02                     469          MOVEQ #2, D2  ; [section code]
----                              470    ; [section code]
----                              471  prvmEmitOptionalLabel  ; [section code]
042A    61 00 02 C2               472          BSR.W prvmEmitLabelText  ; [section code]
042E    4A 80                     473          TST.L D0  ; [section code]
0430    66 00 05 24               474          BNE prvmReturnWithLocals  ; [section code]
0434    60 00 FD 80               475          BRA prvmProgramLoop  ; [section code]
----                              476    ; [section code]
----                              477  prvmOpcodeBeginStatement  ; [section code]
0438    42 AB 00 00               478          CLR.L LOCAL_LOADED_FLAG(A3)  ; [section code]
043C    42 AB 00 14               479          CLR.L LOCAL_FINISHED_FLAG(A3)  ; [section code]
0440    42 AB 00 1C               480          CLR.L LOCAL_OPERAND_COUNT(A3)  ; [section code]
0444    42 AB 00 2C               481          CLR.L LOCAL_LABEL_FLAG(A3)  ; [section code]
0448    61 00 02 6E               482          BSR.W prvmEmitBeginStatement  ; [section code]
044C    4A 80                     483          TST.L D0  ; [section code]
044E    66 00 05 06               484          BNE prvmReturnWithLocals  ; [section code]
0452    60 00 FD 62               485          BRA prvmProgramLoop  ; [section code]
----                              486    ; [section code]
----                              487  prvmOpcodeSetMnemonic  ; [section code]
0456    4A AB 00 00               488          TST.L LOCAL_LOADED_FLAG(A3)  ; [section code]
045A    67 00 04 B6               489          BEQ prvmInvalidProgramAtCursor  ; [section code]
045E    61 00 02 D4               490          BSR.W prvmEmitMnemonicText  ; [section code]
0462    4A 80                     491          TST.L D0  ; [section code]
0464    66 00 04 F0               492          BNE prvmReturnWithLocals  ; [section code]
0468    42 AB 00 00               493          CLR.L LOCAL_LOADED_FLAG(A3)  ; [section code]
046C    60 00 FD 48               494          BRA prvmProgramLoop  ; [section code]
----                              495    ; [section code]
----                              496  prvmOpcodeSetDotMnemonic  ; [section code]
0470    60 00 FF E4               497          BRA prvmOpcodeSetMnemonic  ; [section code]
----                              498    ; [section code]
----                              499  prvmOpcodeFinishLine  ; [section code]
0474    61 00 03 3E               500          BSR.W prvmEmitFinishLine  ; [section code]
0478    4A 80                     501          TST.L D0  ; [section code]
047A    66 00 04 DA               502          BNE prvmReturnWithLocals  ; [section code]
047E    27 7C 00 00 00 01 00 14   503          MOVE.L #1, LOCAL_FINISHED_FLAG(A3)  ; [section code]
0486    60 00 FD 2E               504          BRA prvmProgramLoop  ; [section code]
----                              505    ; [section code]
----                              506  prvmOpcodeParseOperandExpr  ; [section code]
048A    20 4D                     507          MOVEA.L A5, A0  ; [section code]
048C    D1 FC 00 00 00 04         508          ADDA.L #4, A0  ; [section code]
0492    B1 CE                     509          CMPA.L A6, A0  ; [section code]
0494    62 00 04 7C               510          BHI prvmInvalidProgramAtCursor  ; [section code]
0498    10 1D                     511          MOVE.B (A5)+, D0  ; [section code]
049A    0C 00 00 FF               512          CMPI.B #$FF, D0  ; [section code]
049E    66 00 04 80               513          BNE prvmUnsupportedOpcode  ; [section code]
04A2    10 1D                     514          MOVE.B (A5)+, D0  ; [section code]
04A4    0C 00 00 FF               515          CMPI.B #$FF, D0  ; [section code]
04A8    66 00 04 76               516          BNE prvmUnsupportedOpcode  ; [section code]
04AC    10 1D                     517          MOVE.B (A5)+, D0  ; [section code]
04AE    0C 00 00 FF               518          CMPI.B #$FF, D0  ; [section code]
04B2    66 00 04 6C               519          BNE prvmUnsupportedOpcode  ; [section code]
04B6    10 1D                     520          MOVE.B (A5)+, D0  ; [section code]
04B8    0C 00 00 FF               521          CMPI.B #$FF, D0  ; [section code]
04BC    66 00 04 62               522          BNE prvmUnsupportedOpcode  ; [section code]
04C0    B4 84                     523          CMP.L D4, D2  ; [section code]
04C2    64 00 FC F2               524          BCC prvmProgramLoop  ; [section code]
04C6    60 00 00 02               525          BRA prvmRequestOperandAtCursor  ; [section code]
----                              526    ; [section code]
----                              527  prvmRequestOperandAtCursor  ; [section code]
04CA    27 42 00 20               528          MOVE.L D2, LOCAL_EXPR_START_TOKEN(A3)  ; [section code]
04CE    2A 02                     529          MOVE.L D2, D5  ; [section code]
----                              530  prvmFindOperandEndLoop  ; [section code]
04D0    BA 84                     531          CMP.L D4, D5  ; [section code]
04D2    64 00 00 1E               532          BCC prvmOperandEndFound  ; [section code]
04D6    20 05                     533          MOVE.L D5, D0  ; [section code]
04D8    61 00 00 DA               534          BSR.W prvmTokenPtrByIndex  ; [section code]
04DC    4A 80                     535          TST.L D0  ; [section code]
04DE    66 00 04 76               536          BNE prvmReturnWithLocals  ; [section code]
04E2    0C 69 00 04 00 00         537          CMPI.W #PRVM_TOKEN_KIND_COMMA, 0(A1)  ; [section code]
04E8    67 00 00 08               538          BEQ prvmOperandEndFound  ; [section code]
04EC    52 85                     539          ADDQ.L #1, D5  ; [section code]
04EE    60 00 FF E0               540          BRA prvmFindOperandEndLoop  ; [section code]
----                              541    ; [section code]
----                              542  prvmOperandEndFound  ; [section code]
04F2    27 45 00 24               543          MOVE.L D5, LOCAL_EXPR_END_TOKEN(A3)  ; [section code]
04F6    20 2B 00 1C               544          MOVE.L LOCAL_OPERAND_COUNT(A3), D0  ; [section code]
04FA    27 40 00 28               545          MOVE.L D0, LOCAL_EXPR_SLOT_INDEX(A3)  ; [section code]
04FE    61 00 02 EC               546          BSR.W prvmWriteExpressionRequest  ; [section code]
0502    4A 80                     547          TST.L D0  ; [section code]
0504    66 00 04 50               548          BNE prvmReturnWithLocals  ; [section code]
0508    61 00 03 44               549          BSR.W prvmWriteResumeState  ; [section code]
050C    4A 80                     550          TST.L D0  ; [section code]
050E    66 00 04 46               551          BNE prvmReturnWithLocals  ; [section code]
0512    22 2B 00 28               552          MOVE.L LOCAL_EXPR_SLOT_INDEX(A3), D1  ; [section code]
0516    24 2B 00 20               553          MOVE.L LOCAL_EXPR_START_TOKEN(A3), D2  ; [section code]
051A    26 3C 00 00 00 28         554          MOVE.L #PRVM_RESUME_STATE_SIZE, D3  ; [section code]
0520    70 01                     555          MOVEQ #PRVM_STATUS_EXPR_REQUEST, D0  ; [section code]
0522    60 00 04 32               556          BRA prvmReturnWithLocals  ; [section code]
----                              557    ; [section code]
----                              558  prvmResumeFromExpression  ; [section code]
0526    24 6C 00 44               559          MOVEA.L PRVM_FRAME_RESUME_PTR(A4), A2  ; [section code]
052A    0C AA 50 52 52 53 00 00   560          CMPI.L #PRVM_RESUME_MAGIC, 0(A2)  ; [section code]
0532    66 00 03 F6               561          BNE prvmInvalidResume  ; [section code]
0536    0C 6A 00 01 00 04         562          CMPI.W #PRVM_RESUME_VERSION, 4(A2)  ; [section code]
053C    66 00 03 EC               563          BNE prvmInvalidResume  ; [section code]
0540    0C 6A 00 28 00 06         564          CMPI.W #PRVM_RESUME_STATE_SIZE, 6(A2)  ; [section code]
0546    6D 00 03 E2               565          BLT prvmInvalidResume  ; [section code]
054A    0C AA 00 00 00 01 00 08   566          CMPI.L #PRVM_CONTINUATION_PARSE_OPERAND, 8(A2)  ; [section code]
0552    66 00 03 D6               567          BNE prvmInvalidResume  ; [section code]
0556    27 6A 00 0C 00 28         568          MOVE.L 12(A2), LOCAL_EXPR_SLOT_INDEX(A3)  ; [section code]
055C    24 2A 00 14               569          MOVE.L 20(A2), D2  ; [section code]
0560    22 2A 00 18               570          MOVE.L 24(A2), D1  ; [section code]
0564    27 6A 00 1C 00 1C         571          MOVE.L 28(A2), LOCAL_OPERAND_COUNT(A3)  ; [section code]
056A    27 6A 00 20 00 20         572          MOVE.L 32(A2), LOCAL_EXPR_START_TOKEN(A3)  ; [section code]
0570    27 6A 00 24 00 24         573          MOVE.L 36(A2), LOCAL_EXPR_END_TOKEN(A3)  ; [section code]
0576    20 2C 00 2C               574          MOVE.L PRVM_FRAME_PROGRAM_PTR(A4), D0  ; [section code]
057A    D0 AA 00 10               575          ADD.L 16(A2), D0  ; [section code]
057E    2A 40                     576          MOVEA.L D0, A5  ; [section code]
0580    BB CE                     577          CMPA.L A6, A5  ; [section code]
0582    62 00 03 A6               578          BHI prvmInvalidResume  ; [section code]
0586    61 00 03 20               579          BSR.W prvmValidateExpressionResultSlot  ; [section code]
058A    4A 80                     580          TST.L D0  ; [section code]
058C    66 00 03 C8               581          BNE prvmReturnWithLocals  ; [section code]
0590    61 00 01 E0               582          BSR.W prvmEmitOperandExprSlot  ; [section code]
0594    4A 80                     583          TST.L D0  ; [section code]
0596    66 00 03 BE               584          BNE prvmReturnWithLocals  ; [section code]
059A    20 2B 00 1C               585          MOVE.L LOCAL_OPERAND_COUNT(A3), D0  ; [section code]
059E    52 80                     586          ADDQ.L #1, D0  ; [section code]
05A0    27 40 00 1C               587          MOVE.L D0, LOCAL_OPERAND_COUNT(A3)  ; [section code]
05A4    B4 84                     588          CMP.L D4, D2  ; [section code]
05A6    65 00 FF 22               589          BCS prvmRequestOperandAtCursor  ; [section code]
05AA    60 00 FC 0A               590          BRA prvmProgramLoop  ; [section code]
----                              591    ; [section code]
----                              592  prvmCurrentTokenPtr  ; [section code]
05AE    20 02                     593          MOVE.L D2, D0  ; [section code]
05B0    60 00 00 02               594          BRA prvmTokenPtrByIndex  ; [section code]
----                              595    ; [section code]
----                              596  prvmTokenPtrByIndex  ; [section code]
05B4    B0 84                     597          CMP.L D4, D0  ; [section code]
05B6    64 00 00 D0               598          BCC prvmCurrentTokenInvalid  ; [section code]
05BA    E9 88                     599          LSL.L #4, D0  ; [section code]
05BC    2E 00                     600          MOVE.L D0, D7  ; [section code]
05BE    E8 8F                     601          LSR.L #4, D7  ; [section code]
05C0    E5 8F                     602          LSL.L #2, D7  ; [section code]
05C2    D0 87                     603          ADD.L D7, D0  ; [section code]
05C4    22 6C 00 18               604          MOVEA.L PRVM_FRAME_TOKEN_PTR(A4), A1  ; [section code]
05C8    D3 C0                     605          ADDA.L D0, A1  ; [section code]
05CA    42 80                     606          CLR.L D0  ; [section code]
05CC    4E 75                     607          RTS  ; [section code]
----                              608    ; [section code]
----                              609  prvmReadProgramTarget  ; [section code]
05CE    20 4D                     610          MOVEA.L A5, A0  ; [section code]
05D0    D1 FC 00 00 00 02         611          ADDA.L #2, A0  ; [section code]
05D6    B1 CE                     612          CMPA.L A6, A0  ; [section code]
05D8    62 00 03 38               613          BHI prvmInvalidProgramAtCursor  ; [section code]
05DC    7A 00                     614          MOVEQ #0, D5  ; [section code]
05DE    1A 1D                     615          MOVE.B (A5)+, D5  ; [section code]
05E0    7E 00                     616          MOVEQ #0, D7  ; [section code]
05E2    1E 1D                     617          MOVE.B (A5)+, D7  ; [section code]
05E4    E1 8F                     618          LSL.L #8, D7  ; [section code]
05E6    8A 87                     619          OR.L D7, D5  ; [section code]
05E8    20 2C 00 2C               620          MOVE.L PRVM_FRAME_PROGRAM_PTR(A4), D0  ; [section code]
05EC    D0 85                     621          ADD.L D5, D0  ; [section code]
05EE    20 40                     622          MOVEA.L D0, A0  ; [section code]
05F0    B1 CE                     623          CMPA.L A6, A0  ; [section code]
05F2    62 00 03 1E               624          BHI prvmInvalidProgramAtCursor  ; [section code]
05F6    2A 08                     625          MOVE.L A0, D5  ; [section code]
05F8    42 80                     626          CLR.L D0  ; [section code]
05FA    4E 75                     627          RTS  ; [section code]
----                              628    ; [section code]
----                              629  prvmPushCheckpoint  ; [section code]
05FC    20 2B 00 44               630          MOVE.L LOCAL_CHECKPOINT_DEPTH(A3), D0  ; [section code]
0600    0C 80 00 00 00 04         631          CMPI.L #LOCAL_CHECKPOINT_MAX_DEPTH, D0  ; [section code]
0606    64 00 03 0A               632          BCC prvmInvalidProgramAtCursor  ; [section code]
060A    61 00 00 36               633          BSR.W prvmCheckpointAddressForDepth  ; [section code]
060E    20 C2                     634          MOVE.L D2, (A0)+  ; [section code]
0610    20 C1                     635          MOVE.L D1, (A0)+  ; [section code]
0612    20 C3                     636          MOVE.L D3, (A0)+  ; [section code]
0614    20 EB 00 1C               637          MOVE.L LOCAL_OPERAND_COUNT(A3), (A0)+  ; [section code]
0618    20 EB 00 14               638          MOVE.L LOCAL_FINISHED_FLAG(A3), (A0)+  ; [section code]
061C    20 EB 00 2C               639          MOVE.L LOCAL_LABEL_FLAG(A3), (A0)+  ; [section code]
0620    20 EB 00 40               640          MOVE.L LOCAL_BOOL_VALUE(A3), (A0)+  ; [section code]
0624    52 AB 00 44               641          ADDQ.L #1, LOCAL_CHECKPOINT_DEPTH(A3)  ; [section code]
0628    42 80                     642          CLR.L D0  ; [section code]
062A    4E 75                     643          RTS  ; [section code]
----                              644    ; [section code]
----                              645  prvmPopCheckpointAddress  ; [section code]
062C    20 2B 00 44               646          MOVE.L LOCAL_CHECKPOINT_DEPTH(A3), D0  ; [section code]
0630    67 00 02 E0               647          BEQ prvmInvalidProgramAtCursor  ; [section code]
0634    53 80                     648          SUBQ.L #1, D0  ; [section code]
0636    27 40 00 44               649          MOVE.L D0, LOCAL_CHECKPOINT_DEPTH(A3)  ; [section code]
063A    61 00 00 06               650          BSR.W prvmCheckpointAddressForDepth  ; [section code]
063E    42 80                     651          CLR.L D0  ; [section code]
0640    4E 75                     652          RTS  ; [section code]
----                              653    ; [section code]
----                              654  prvmCheckpointAddressForDepth  ; [section code]
0642    2A 00                     655          MOVE.L D0, D5  ; [section code]
0644    EB 8D                     656          LSL.L #5, D5  ; [section code]
0646    2E 00                     657          MOVE.L D0, D7  ; [section code]
0648    E5 8F                     658          LSL.L #2, D7  ; [section code]
064A    9A 87                     659          SUB.L D7, D5  ; [section code]
064C    41 EB 00 48               660          LEA LOCAL_CHECKPOINT_STACK(A3), A0  ; [section code]
0650    D1 C5                     661          ADDA.L D5, A0  ; [section code]
0652    4E 75                     662          RTS  ; [section code]
----                              663    ; [section code]
----                              664  prvmPeekKind  ; [section code]
0654    B4 84                     665          CMP.L D4, D2  ; [section code]
0656    64 00 00 2C               666          BCC prvmPeekKindFalse  ; [section code]
065A    2A 02                     667          MOVE.L D2, D5  ; [section code]
065C    E9 8D                     668          LSL.L #4, D5  ; [section code]
065E    2E 02                     669          MOVE.L D2, D7  ; [section code]
0660    E5 8F                     670          LSL.L #2, D7  ; [section code]
0662    DA 87                     671          ADD.L D7, D5  ; [section code]
0664    22 6C 00 18               672          MOVEA.L PRVM_FRAME_TOKEN_PTR(A4), A1  ; [section code]
0668    D3 C5                     673          ADDA.L D5, A1  ; [section code]
066A    0C 00 00 03               674          CMPI.B #$03, D0  ; [section code]
066E    67 00 00 06               675          BEQ prvmPeekKindDot  ; [section code]
0672    60 00 00 10               676          BRA prvmPeekKindFalse  ; [section code]
----                              677    ; [section code]
----                              678  prvmPeekKindDot  ; [section code]
0676    0C 69 00 07 00 00         679          CMPI.W #PRVM_TOKEN_KIND_DOT, 0(A1)  ; [section code]
067C    66 00 00 06               680          BNE prvmPeekKindFalse  ; [section code]
0680    70 01                     681          MOVEQ #1, D0  ; [section code]
0682    4E 75                     682          RTS  ; [section code]
----                              683    ; [section code]
----                              684  prvmPeekKindFalse  ; [section code]
0684    42 80                     685          CLR.L D0  ; [section code]
0686    4E 75                     686          RTS  ; [section code]
----                              687    ; [section code]
----                              688  prvmCurrentTokenInvalid  ; [section code]
0688    42 81                     689          CLR.L D1  ; [section code]
068A    42 83                     690          CLR.L D3  ; [section code]
068C    70 05                     691          MOVEQ #PRVM_STATUS_INVALID_TOKEN, D0  ; [section code]
068E    4E 75                     692          RTS  ; [section code]
----                              693    ; [section code]
----                              694  prvmResultRecordPtr  ; [section code]
0690    20 01                     695          MOVE.L D1, D0  ; [section code]
0692    EB 88                     696          LSL.L #5, D0  ; [section code]
0694    2E 00                     697          MOVE.L D0, D7  ; [section code]
0696    06 87 00 00 00 20         698          ADDI.L #PRVM_RESULT_RECORD_SIZE, D7  ; [section code]
069C    BE AC 00 38               699          CMP.L PRVM_FRAME_RESULT_CAPACITY(A4), D7  ; [section code]
06A0    62 00 02 7A               700          BHI prvmOutputOverflow  ; [section code]
06A4    24 6C 00 34               701          MOVEA.L PRVM_FRAME_RESULT_PTR(A4), A2  ; [section code]
06A8    D5 C0                     702          ADDA.L D0, A2  ; [section code]
06AA    42 80                     703          CLR.L D0  ; [section code]
06AC    4E 75                     704          RTS  ; [section code]
----                              705    ; [section code]
----                              706  prvmCommitResultRecord  ; [section code]
06AE    52 81                     707          ADDQ.L #1, D1  ; [section code]
06B0    26 01                     708          MOVE.L D1, D3  ; [section code]
06B2    EB 8B                     709          LSL.L #5, D3  ; [section code]
06B4    42 80                     710          CLR.L D0  ; [section code]
06B6    4E 75                     711          RTS  ; [section code]
----                              712    ; [section code]
----                              713  prvmEmitBeginStatement  ; [section code]
06B8    61 00 FF D6               714          BSR.W prvmResultRecordPtr  ; [section code]
06BC    4A 80                     715          TST.L D0  ; [section code]
06BE    66 00 01 2A               716          BNE prvmEmitRecordReturn  ; [section code]
06C2    35 7C 00 01 00 00         717          MOVE.W #PRVM_RESULT_BEGIN_STATEMENT, 0(A2)  ; [section code]
06C8    42 6A 00 02               718          CLR.W 2(A2)  ; [section code]
06CC    25 6C 00 0C 00 04         719          MOVE.L PRVM_FRAME_LINE_NUM(A4), 4(A2)  ; [section code]
06D2    42 AA 00 08               720          CLR.L 8(A2)  ; [section code]
06D6    42 AA 00 0C               721          CLR.L 12(A2)  ; [section code]
06DA    42 AA 00 10               722          CLR.L 16(A2)  ; [section code]
06DE    42 AA 00 14               723          CLR.L 20(A2)  ; [section code]
06E2    42 AA 00 18               724          CLR.L 24(A2)  ; [section code]
06E6    42 AA 00 1C               725          CLR.L 28(A2)  ; [section code]
06EA    60 00 FF C2               726          BRA prvmCommitResultRecord  ; [section code]
----                              727    ; [section code]
----                              728  prvmEmitLabelText  ; [section code]
06EE    4A AB 00 2C               729          TST.L LOCAL_LABEL_FLAG(A3)  ; [section code]
06F2    67 00 00 F6               730          BEQ prvmEmitRecordReturn  ; [section code]
06F6    61 00 FF 98               731          BSR.W prvmResultRecordPtr  ; [section code]
06FA    4A 80                     732          TST.L D0  ; [section code]
06FC    66 00 00 EC               733          BNE prvmEmitRecordReturn  ; [section code]
0700    35 7C 00 02 00 00         734          MOVE.W #PRVM_RESULT_LABEL_TEXT, 0(A2)  ; [section code]
0706    42 6A 00 02               735          CLR.W 2(A2)  ; [section code]
070A    25 6C 00 0C 00 04         736          MOVE.L PRVM_FRAME_LINE_NUM(A4), 4(A2)  ; [section code]
0710    25 6B 00 30 00 08         737          MOVE.L LOCAL_LABEL_COL_START(A3), 8(A2)  ; [section code]
0716    25 6B 00 34 00 0C         738          MOVE.L LOCAL_LABEL_COL_END(A3), 12(A2)  ; [section code]
071C    25 6B 00 38 00 10         739          MOVE.L LOCAL_LABEL_LEXEME_OFFSET(A3), 16(A2)  ; [section code]
0722    25 6B 00 3C 00 14         740          MOVE.L LOCAL_LABEL_LEXEME_LEN(A3), 20(A2)  ; [section code]
0728    42 AA 00 18               741          CLR.L 24(A2)  ; [section code]
072C    42 AA 00 1C               742          CLR.L 28(A2)  ; [section code]
0730    60 00 FF 7C               743          BRA prvmCommitResultRecord  ; [section code]
----                              744    ; [section code]
----                              745  prvmEmitMnemonicText  ; [section code]
0734    61 00 FF 5A               746          BSR.W prvmResultRecordPtr  ; [section code]
0738    4A 80                     747          TST.L D0  ; [section code]
073A    66 00 00 AE               748          BNE prvmEmitRecordReturn  ; [section code]
073E    35 7C 00 03 00 00         749          MOVE.W #PRVM_RESULT_MNEMONIC_TEXT, 0(A2)  ; [section code]
0744    42 6A 00 02               750          CLR.W 2(A2)  ; [section code]
0748    25 6C 00 0C 00 04         751          MOVE.L PRVM_FRAME_LINE_NUM(A4), 4(A2)  ; [section code]
074E    25 6B 00 04 00 08         752          MOVE.L LOCAL_LOADED_COL_START(A3), 8(A2)  ; [section code]
0754    25 6B 00 08 00 0C         753          MOVE.L LOCAL_LOADED_COL_END(A3), 12(A2)  ; [section code]
075A    25 6B 00 0C 00 10         754          MOVE.L LOCAL_LOADED_LEXEME_OFFSET(A3), 16(A2)  ; [section code]
0760    25 6B 00 10 00 14         755          MOVE.L LOCAL_LOADED_LEXEME_LEN(A3), 20(A2)  ; [section code]
0766    42 AA 00 18               756          CLR.L 24(A2)  ; [section code]
076A    42 AA 00 1C               757          CLR.L 28(A2)  ; [section code]
076E    60 00 FF 3E               758          BRA prvmCommitResultRecord  ; [section code]
----                              759    ; [section code]
----                              760  prvmEmitOperandExprSlot  ; [section code]
0772    61 00 FF 1C               761          BSR.W prvmResultRecordPtr  ; [section code]
0776    4A 80                     762          TST.L D0  ; [section code]
0778    66 00 00 70               763          BNE prvmEmitRecordReturn  ; [section code]
077C    35 7C 00 04 00 00         764          MOVE.W #PRVM_RESULT_OPERAND_EXPR_SLOT, 0(A2)  ; [section code]
0782    42 6A 00 02               765          CLR.W 2(A2)  ; [section code]
0786    25 69 00 08 00 04         766          MOVE.L 8(A1), 4(A2)  ; [section code]
078C    25 69 00 0C 00 08         767          MOVE.L 12(A1), 8(A2)  ; [section code]
0792    25 69 00 10 00 0C         768          MOVE.L 16(A1), 12(A2)  ; [section code]
0798    25 6B 00 1C 00 10         769          MOVE.L LOCAL_OPERAND_COUNT(A3), 16(A2)  ; [section code]
079E    25 6B 00 28 00 14         770          MOVE.L LOCAL_EXPR_SLOT_INDEX(A3), 20(A2)  ; [section code]
07A4    25 6B 00 20 00 18         771          MOVE.L LOCAL_EXPR_START_TOKEN(A3), 24(A2)  ; [section code]
07AA    25 6B 00 24 00 1C         772          MOVE.L LOCAL_EXPR_END_TOKEN(A3), 28(A2)  ; [section code]
07B0    60 00 FE FC               773          BRA prvmCommitResultRecord  ; [section code]
----                              774    ; [section code]
----                              775  prvmEmitFinishLine  ; [section code]
07B4    61 00 FE DA               776          BSR.W prvmResultRecordPtr  ; [section code]
07B8    4A 80                     777          TST.L D0  ; [section code]
07BA    66 00 00 2E               778          BNE prvmEmitRecordReturn  ; [section code]
07BE    35 7C 00 05 00 00         779          MOVE.W #PRVM_RESULT_FINISH_LINE, 0(A2)  ; [section code]
07C4    42 6A 00 02               780          CLR.W 2(A2)  ; [section code]
07C8    25 6C 00 0C 00 04         781          MOVE.L PRVM_FRAME_LINE_NUM(A4), 4(A2)  ; [section code]
07CE    42 AA 00 08               782          CLR.L 8(A2)  ; [section code]
07D2    42 AA 00 0C               783          CLR.L 12(A2)  ; [section code]
07D6    42 AA 00 10               784          CLR.L 16(A2)  ; [section code]
07DA    42 AA 00 14               785          CLR.L 20(A2)  ; [section code]
07DE    42 AA 00 18               786          CLR.L 24(A2)  ; [section code]
07E2    42 AA 00 1C               787          CLR.L 28(A2)  ; [section code]
07E6    60 00 FE C6               788          BRA prvmCommitResultRecord  ; [section code]
----                              789    ; [section code]
----                              790  prvmEmitRecordReturn  ; [section code]
07EA    4E 75                     791          RTS  ; [section code]
----                              792    ; [section code]
----                              793  prvmWriteExpressionRequest  ; [section code]
07EC    24 6C 00 4C               794          MOVEA.L PRVM_FRAME_EXPR_REQUEST_PTR(A4), A2  ; [section code]
07F0    35 7C 00 01 00 00         795          MOVE.W #1, 0(A2)  ; [section code]
07F6    42 6A 00 02               796          CLR.W 2(A2)  ; [section code]
07FA    25 6B 00 1C 00 04         797          MOVE.L LOCAL_OPERAND_COUNT(A3), 4(A2)  ; [section code]
0800    25 6B 00 28 00 08         798          MOVE.L LOCAL_EXPR_SLOT_INDEX(A3), 8(A2)  ; [section code]
0806    25 6B 00 20 00 0C         799          MOVE.L LOCAL_EXPR_START_TOKEN(A3), 12(A2)  ; [section code]
080C    25 6B 00 24 00 10         800          MOVE.L LOCAL_EXPR_END_TOKEN(A3), 16(A2)  ; [section code]
0812    20 2B 00 20               801          MOVE.L LOCAL_EXPR_START_TOKEN(A3), D0  ; [section code]
0816    B0 84                     802          CMP.L D4, D0  ; [section code]
0818    64 00 00 22               803          BCC prvmWriteExpressionRequestEndSpan  ; [section code]
081C    61 00 FD 96               804          BSR.W prvmTokenPtrByIndex  ; [section code]
0820    4A 80                     805          TST.L D0  ; [section code]
0822    66 00 00 28               806          BNE prvmWriteExpressionRequestReturn  ; [section code]
0826    25 6C 00 0C 00 14         807          MOVE.L PRVM_FRAME_LINE_NUM(A4), 20(A2)  ; [section code]
082C    25 69 00 04 00 18         808          MOVE.L 4(A1), 24(A2)  ; [section code]
0832    25 69 00 08 00 1C         809          MOVE.L 8(A1), 28(A2)  ; [section code]
0838    42 80                     810          CLR.L D0  ; [section code]
083A    4E 75                     811          RTS  ; [section code]
----                              812    ; [section code]
----                              813  prvmWriteExpressionRequestEndSpan  ; [section code]
083C    25 6C 00 0C 00 14         814          MOVE.L PRVM_FRAME_LINE_NUM(A4), 20(A2)  ; [section code]
0842    42 AA 00 18               815          CLR.L 24(A2)  ; [section code]
0846    42 AA 00 1C               816          CLR.L 28(A2)  ; [section code]
084A    42 80                     817          CLR.L D0  ; [section code]
----                              818  prvmWriteExpressionRequestReturn  ; [section code]
084C    4E 75                     819          RTS  ; [section code]
----                              820    ; [section code]
----                              821  prvmWriteResumeState  ; [section code]
084E    24 6C 00 44               822          MOVEA.L PRVM_FRAME_RESUME_PTR(A4), A2  ; [section code]
0852    25 7C 50 52 52 53 00 00   823          MOVE.L #PRVM_RESUME_MAGIC, 0(A2)  ; [section code]
085A    35 7C 00 01 00 04         824          MOVE.W #PRVM_RESUME_VERSION, 4(A2)  ; [section code]
0860    35 7C 00 28 00 06         825          MOVE.W #PRVM_RESUME_STATE_SIZE, 6(A2)  ; [section code]
0866    25 7C 00 00 00 01 00 08   826          MOVE.L #PRVM_CONTINUATION_PARSE_OPERAND, 8(A2)  ; [section code]
086E    25 6B 00 28 00 0C         827          MOVE.L LOCAL_EXPR_SLOT_INDEX(A3), 12(A2)  ; [section code]
0874    20 0D                     828          MOVE.L A5, D0  ; [section code]
0876    90 AC 00 2C               829          SUB.L PRVM_FRAME_PROGRAM_PTR(A4), D0  ; [section code]
087A    25 40 00 10               830          MOVE.L D0, 16(A2)  ; [section code]
087E    20 2B 00 24               831          MOVE.L LOCAL_EXPR_END_TOKEN(A3), D0  ; [section code]
0882    B0 84                     832          CMP.L D4, D0  ; [section code]
0884    64 00 00 04               833          BCC prvmWriteResumeCursor  ; [section code]
0888    52 80                     834          ADDQ.L #1, D0  ; [section code]
----                              835  prvmWriteResumeCursor  ; [section code]
088A    25 40 00 14               836          MOVE.L D0, 20(A2)  ; [section code]
088E    25 41 00 18               837          MOVE.L D1, 24(A2)  ; [section code]
0892    25 6B 00 1C 00 1C         838          MOVE.L LOCAL_OPERAND_COUNT(A3), 28(A2)  ; [section code]
0898    25 6B 00 20 00 20         839          MOVE.L LOCAL_EXPR_START_TOKEN(A3), 32(A2)  ; [section code]
089E    25 6B 00 24 00 24         840          MOVE.L LOCAL_EXPR_END_TOKEN(A3), 36(A2)  ; [section code]
08A4    42 80                     841          CLR.L D0  ; [section code]
08A6    4E 75                     842          RTS  ; [section code]
----                              843    ; [section code]
----                              844  prvmValidateExpressionResultSlot  ; [section code]
08A8    20 2B 00 28               845          MOVE.L LOCAL_EXPR_SLOT_INDEX(A3), D0  ; [section code]
08AC    B0 AC 00 58               846          CMP.L PRVM_FRAME_EXPR_RESULT_COUNT(A4), D0  ; [section code]
08B0    64 00 00 82               847          BCC prvmExpressionResultInvalid  ; [section code]
08B4    EB 88                     848          LSL.L #5, D0  ; [section code]
08B6    22 6C 00 54               849          MOVEA.L PRVM_FRAME_EXPR_RESULT_PTR(A4), A1  ; [section code]
08BA    D3 C0                     850          ADDA.L D0, A1  ; [section code]
08BC    30 29 00 00               851          MOVE.W 0(A1), D0  ; [section code]
08C0    0C 40 00 01               852          CMPI.W #PRVM_EXPR_SLOT_READY, D0  ; [section code]
08C4    67 00 00 0A               853          BEQ prvmValidateExpressionResultReady  ; [section code]
08C8    0C 40 00 02               854          CMPI.W #PRVM_EXPR_SLOT_READY_ERROR, D0  ; [section code]
08CC    66 00 00 66               855          BNE prvmExpressionResultInvalid  ; [section code]
----                              856  prvmValidateExpressionResultReady  ; [section code]
08D0    4A 69 00 02               857          TST.W 2(A1)  ; [section code]
08D4    66 00 00 5E               858          BNE prvmExpressionResultInvalid  ; [section code]
08D8    20 29 00 04               859          MOVE.L 4(A1), D0  ; [section code]
08DC    B0 AB 00 28               860          CMP.L LOCAL_EXPR_SLOT_INDEX(A3), D0  ; [section code]
08E0    66 00 00 52               861          BNE prvmExpressionResultInvalid  ; [section code]
08E4    0C A9 FF FF FF FF 00 18   862          CMPI.L #$FFFFFFFF, 24(A1)  ; [section code]
08EC    66 00 00 46               863          BNE prvmExpressionResultInvalid  ; [section code]
08F0    4A A9 00 1C               864          TST.L 28(A1)  ; [section code]
08F4    66 00 00 3E               865          BNE prvmExpressionResultInvalid  ; [section code]
08F8    42 80                     866          CLR.L D0  ; [section code]
08FA    4E 75                     867          RTS  ; [section code]
----                              868    ; [section code]
----                              869  prvmEntryBoundary  ; [section code]
08FC    42 81                     870          CLR.L D1  ; [section code]
08FE    42 82                     871          CLR.L D2  ; [section code]
0900    42 83                     872          CLR.L D3  ; [section code]
0902    70 03                     873          MOVEQ #PRVM_STATUS_ENTRY_BOUNDARY, D0  ; [section code]
0904    60 00 00 50               874          BRA prvmReturnWithLocals  ; [section code]
----                              875    ; [section code]
----                              876  prvmInvalidTokenAtCursor  ; [section code]
0908    42 81                     877          CLR.L D1  ; [section code]
090A    42 83                     878          CLR.L D3  ; [section code]
090C    70 05                     879          MOVEQ #PRVM_STATUS_INVALID_TOKEN, D0  ; [section code]
090E    60 00 00 46               880          BRA prvmReturnWithLocals  ; [section code]
----                              881    ; [section code]
----                              882  prvmInvalidProgramAtCursor  ; [section code]
0912    42 81                     883          CLR.L D1  ; [section code]
0914    42 83                     884          CLR.L D3  ; [section code]
0916    70 06                     885          MOVEQ #PRVM_STATUS_INVALID_PROGRAM, D0  ; [section code]
0918    60 00 00 3C               886          BRA prvmReturnWithLocals  ; [section code]
----                              887    ; [section code]
----                              888  prvmOutputOverflow  ; [section code]
091C    70 07                     889          MOVEQ #PRVM_STATUS_OUTPUT_OVERFLOW, D0  ; [section code]
091E    4E 75                     890          RTS  ; [section code]
----                              891    ; [section code]
----                              892  prvmUnsupportedOpcode  ; [section code]
0920    42 81                     893          CLR.L D1  ; [section code]
0922    42 83                     894          CLR.L D3  ; [section code]
0924    70 09                     895          MOVEQ #PRVM_STATUS_UNSUPPORTED_OPCODE, D0  ; [section code]
0926    60 00 00 2E               896          BRA prvmReturnWithLocals  ; [section code]
----                              897    ; [section code]
----                              898  prvmInvalidResume  ; [section code]
092A    42 81                     899          CLR.L D1  ; [section code]
092C    42 83                     900          CLR.L D3  ; [section code]
092E    70 0A                     901          MOVEQ #PRVM_STATUS_INVALID_RESUME, D0  ; [section code]
0930    60 00 00 24               902          BRA prvmReturnWithLocals  ; [section code]
----                              903    ; [section code]
----                              904  prvmExpressionResultInvalid  ; [section code]
0934    22 2B 00 28               905          MOVE.L LOCAL_EXPR_SLOT_INDEX(A3), D1  ; [section code]
0938    42 83                     906          CLR.L D3  ; [section code]
093A    70 0B                     907          MOVEQ #PRVM_STATUS_EXPR_RESULT_INVALID, D0  ; [section code]
093C    60 00 00 18               908          BRA prvmReturnWithLocals  ; [section code]
----                              909    ; [section code]
----                              910  prvmBudgetExceeded  ; [section code]
0940    42 81                     911          CLR.L D1  ; [section code]
0942    42 83                     912          CLR.L D3  ; [section code]
0944    70 0C                     913          MOVEQ #PRVM_STATUS_BUDGET_EXCEEDED, D0  ; [section code]
0946    60 00 00 0E               914          BRA prvmReturnWithLocals  ; [section code]
----                              915    ; [section code]
----                              916  prvmInvalidArgumentWithLocals  ; [section code]
094A    42 81                     917          CLR.L D1  ; [section code]
094C    42 82                     918          CLR.L D2  ; [section code]
094E    42 83                     919          CLR.L D3  ; [section code]
0950    70 04                     920          MOVEQ #PRVM_STATUS_INVALID_ARGUMENT, D0  ; [section code]
0952    60 00 00 02               921          BRA prvmReturnWithLocals  ; [section code]
----                              922    ; [section code]
----                              923  prvmReturnWithLocals  ; [section code]
0956    DF FC 00 00 00 B8         924          ADDA.L #LOCAL_SIZE, SP  ; [section code]
095C    4C DF 70 F0               925          MOVEM.L (SP)+, D4-D7/A4-A6  ; [section code]
0960    4E 75                     926          RTS  ; [section code]
----                              927    ; [section code]
----                              928  prvmInvalidArgument  ; [section code]
0962    42 81                     929          CLR.L D1  ; [section code]
0964    42 82                     930          CLR.L D2  ; [section code]
0966    42 83                     931          CLR.L D3  ; [section code]
0968    70 04                     932          MOVEQ #PRVM_STATUS_INVALID_ARGUMENT, D0  ; [section code]
096A    4C DF 70 F0               933          MOVEM.L (SP)+, D4-D7/A4-A6  ; [section code]
096E    4E 75                     934          RTS  ; [section code]
----                              935    ; [section code]
----                              936          .endsection
----                              937          .endmodule
----                              938  ; Optional AmigaOS PRVM report demo for the parity-locked interpreter.
----                              939  
----                              940          .module main
----                              941          .cpu 68020
----                              942          .use prvm.amigaos.runtime (prvm_run_68000)
----                              943  
----    EQU 0004                  944  SysBase                         = 4
----    EQU 0000                  945  RETURN_OK                       = 0
----    EQU 0014                  946  RETURN_FAIL                     = 20
----                              947  
----    EQU FFFFFDD8              948  OpenLibrary                     = -552
----    EQU FFFFFE62              949  CloseLibrary                    = -414
----    EQU FFFFFC4C              950  PutStr                          = -948
----                              951  
----    EQU 0070                  952  PRVM_REQUEST_FRAME_SIZE         = 112
----    EQU 4F505250              953  PRVM_MAGIC_OPRP                 = $4F505250
----    EQU 0001                  954  PRVM_ABI_VERSION_V1             = 1
----    EQU 0000                  955  PRVM_CALL_MODE_START            = 0
----    EQU 0001                  956  PRVM_ENTRY_KIND_OPASM_STATEMENT = 1
----    EQU 0014                  957  PRVM_TOKEN_RECORD_SIZE          = 20
----    EQU 0002                  958  PRVM_PARSER_CONTRACT_VERSION_V2 = 2
----                              959  
----    EQU 0000                  960  PRVM_STATUS_OK                  = 0
----                              961  
----    EQU 0001                  962  PRVM_RESULT_BEGIN_STATEMENT     = 1
----    EQU 0002                  963  PRVM_RESULT_LABEL_TEXT          = 2
----    EQU 0003                  964  PRVM_RESULT_MNEMONIC_TEXT       = 3
----    EQU 0005                  965  PRVM_RESULT_FINISH_LINE         = 5
----                              966  
----    EQU 0000                  967  PRVM_OPCODE_END                 = $00
----    EQU 0001                  968  PRVM_OPCODE_JUMP                = $01
----    EQU 0003                  969  PRVM_OPCODE_JUMP_IF_FALSE       = $03
----    EQU 0010                  970  PRVM_OPCODE_PEEK_KIND           = $10
----    EQU 0013                  971  PRVM_OPCODE_IS_EOL              = $13
----    EQU 0014                  972  PRVM_OPCODE_PEEK_ASSIGNMENT     = $14
----    EQU 0015                  973  PRVM_OPCODE_PEEK_STAR_ORG       = $15
----    EQU 0020                  974  PRVM_OPCODE_ADVANCE             = $20
----    EQU 0022                  975  PRVM_OPCODE_CONSUME_OPERATOR    = $22
----    EQU 0030                  976  PRVM_OPCODE_LOAD_IDENTIFIER     = $30
----    EQU 0033                  977  PRVM_OPCODE_LOAD_INLINE_TEXT    = $33
----    EQU 0040                  978  PRVM_OPCODE_PARSE_OPTIONAL_LABEL = $40
----    EQU 0041                  979  PRVM_OPCODE_SCAN_COMMA_BOUNDARIES = $41
----    EQU 0050                  980  PRVM_OPCODE_PARSE_OPERAND_EXPR  = $50
----    EQU 0060                  981  PRVM_OPCODE_BEGIN_STATEMENT     = $60
----    EQU 0062                  982  PRVM_OPCODE_SET_MNEMONIC        = $62
----    EQU 0064                  983  PRVM_OPCODE_FINISH_LINE         = $64
----    EQU 0065                  984  PRVM_OPCODE_SET_DOT_MNEMONIC    = $65
----    EQU 0066                  985  PRVM_OPCODE_FINISH_ASSIGNMENT   = $66
----    EQU 003B                  986  PRVM_DEBUG_PROGRAM_LEN          = 59
----                              987  
----                              988          .section entry, kind=code  ; [section entry]
----                              989    ; [section entry]
----                              990  start  ; [section entry]
0000    7E 14                     991          MOVEQ #RETURN_FAIL, D7  ; [section entry]
----                              992    ; [section entry]
0002    43 FA 02 5C               993          LEA dosName(PC), A1  ; [section entry]
0006    70 24                     994          MOVEQ #36, D0  ; [section entry]
0008    2C 78 00 04               995          MOVEA.L SysBase.W, A6  ; [section entry]
000C    4E AE FD D8               996          JSR OpenLibrary(A6)  ; [section entry]
----                              997    ; [section entry]
0010    4A 80                     998          TST.L D0  ; [section entry]
0012    66 14                     999          BNE.S prvmDebugCliHaveDos  ; [section entry]
----                             1000    ; [section entry]
0014    43 FA 02 4A              1001          LEA dosName(PC), A1  ; [section entry]
0018    70 00                    1002          MOVEQ #0, D0  ; [section entry]
001A    2C 78 00 04              1003          MOVEA.L SysBase.W, A6  ; [section entry]
001E    4E AE FD D8              1004          JSR OpenLibrary(A6)  ; [section entry]
0022    4A 80                    1005          TST.L D0  ; [section entry]
0024    67 00 00 5A              1006          BEQ.W prvmDebugCliDone  ; [section entry]
----                             1007    ; [section entry]
----                             1008  prvmDebugCliHaveDos  ; [section entry]
0028    2A 40                    1009          MOVEA.L D0, A5  ; [section entry]
002A    61 00 00 60              1010          BSR.W prvmDebugCliBuildRequestFrame  ; [section entry]
002E    41 FA 04 05              1011          LEA requestFrame(PC), A0  ; [section entry]
0032    20 3C 00 00 00 70        1012          MOVE.L #PRVM_REQUEST_FRAME_SIZE, D0  ; [section entry]
0038    4E B9 00 00 00 00        1013          JSR prvm_run_68000.L  ; [section entry]
----                             1014    ; [section entry]
003E    41 FA 03 E5              1015          LEA prvmStatus(PC), A0  ; [section entry]
0042    21 40 00 00              1016          MOVE.L D0, 0(A0)  ; [section entry]
0046    21 41 00 04              1017          MOVE.L D1, 4(A0)  ; [section entry]
004A    21 42 00 08              1018          MOVE.L D2, 8(A0)  ; [section entry]
004E    21 43 00 0C              1019          MOVE.L D3, 12(A0)  ; [section entry]
----                             1020    ; [section entry]
0052    61 00 01 1C              1021          BSR.W prvmDebugCliValidateResult  ; [section entry]
0056    4A 80                    1022          TST.L D0  ; [section entry]
0058    66 0E                    1023          BNE.S prvmDebugCliReportFailure  ; [section entry]
----                             1024    ; [section entry]
005A    43 FA 02 10              1025          LEA reportSuccessText(PC), A1  ; [section entry]
005E    22 09                    1026          MOVE.L A1, D1  ; [section entry]
0060    61 00 00 22              1027          BSR.W prvmDebugCliPutStr  ; [section entry]
0064    7E 00                    1028          MOVEQ #RETURN_OK, D7  ; [section entry]
0066    60 0E                    1029          BRA.S prvmDebugCliCloseDos  ; [section entry]
----                             1030    ; [section entry]
----                             1031  prvmDebugCliReportFailure  ; [section entry]
0068    61 00 01 CA              1032          BSR.W prvmDebugCliFormatStatus  ; [section entry]
006C    43 FA 02 EE              1033          LEA reportFailureText(PC), A1  ; [section entry]
0070    22 09                    1034          MOVE.L A1, D1  ; [section entry]
0072    61 00 00 10              1035          BSR.W prvmDebugCliPutStr  ; [section entry]
----                             1036    ; [section entry]
----                             1037  prvmDebugCliCloseDos  ; [section entry]
0076    22 4D                    1038          MOVEA.L A5, A1  ; [section entry]
0078    2C 78 00 04              1039          MOVEA.L SysBase.W, A6  ; [section entry]
007C    4E AE FE 62              1040          JSR CloseLibrary(A6)  ; [section entry]
----                             1041    ; [section entry]
----                             1042  prvmDebugCliDone  ; [section entry]
0080    20 07                    1043          MOVE.L D7, D0  ; [section entry]
0082    4E 75                    1044          RTS  ; [section entry]
----                             1045    ; [section entry]
----                             1046  prvmDebugCliPutStr  ; [section entry]
0084    2C 4D                    1047          MOVEA.L A5, A6  ; [section entry]
0086    4E AE FC 4C              1048          JSR PutStr(A6)  ; [section entry]
008A    4E 75                    1049          RTS  ; [section entry]
----                             1050    ; [section entry]
----                             1051  prvmDebugCliBuildRequestFrame  ; [section entry]
008C    41 FA 03 A7              1052          LEA requestFrame(PC), A0  ; [section entry]
0090    21 7C 4F 50 52 50 00 00  1053          MOVE.L #PRVM_MAGIC_OPRP, 0(A0)  ; [section entry]
0098    31 7C 00 01 00 04        1054          MOVE.W #PRVM_ABI_VERSION_V1, 4(A0)  ; [section entry]
009E    31 7C 00 70 00 06        1055          MOVE.W #PRVM_REQUEST_FRAME_SIZE, 6(A0)  ; [section entry]
00A4    31 7C 00 00 00 08        1056          MOVE.W #PRVM_CALL_MODE_START, 8(A0)  ; [section entry]
00AA    31 7C 00 01 00 0A        1057          MOVE.W #PRVM_ENTRY_KIND_OPASM_STATEMENT, 10(A0)  ; [section entry]
00B0    21 7C 00 00 00 01 00 0C  1058          MOVE.L #1, 12(A0)  ; [section entry]
00B8    43 FA 02 E2              1059          LEA sourceLine(PC), A1  ; [section entry]
00BC    21 49 00 10              1060          MOVE.L A1, 16(A0)  ; [section entry]
00C0    21 7C 00 00 00 0A 00 14  1061          MOVE.L #10, 20(A0)  ; [section entry]
00C8    43 FA 03 1F              1062          LEA tokenRecord(PC), A1  ; [section entry]
00CC    21 49 00 18              1063          MOVE.L A1, 24(A0)  ; [section entry]
00D0    21 7C 00 00 00 03 00 1C  1064          MOVE.L #3, 28(A0)  ; [section entry]
00D8    31 7C 00 14 00 20        1065          MOVE.W #PRVM_TOKEN_RECORD_SIZE, 32(A0)  ; [section entry]
00DE    42 68 00 22              1066          CLR.W 34(A0)  ; [section entry]
00E2    43 FA 02 C2              1067          LEA lexemeBytes(PC), A1  ; [section entry]
00E6    21 49 00 24              1068          MOVE.L A1, 36(A0)  ; [section entry]
00EA    21 7C 00 00 00 08 00 28  1069          MOVE.L #8, 40(A0)  ; [section entry]
00F2    43 FA 02 BA              1070          LEA parserProgram(PC), A1  ; [section entry]
00F6    21 49 00 2C              1071          MOVE.L A1, 44(A0)  ; [section entry]
00FA    21 7C 00 00 00 3B 00 30  1072          MOVE.L #PRVM_DEBUG_PROGRAM_LEN, 48(A0)  ; [section entry]
0102    43 FA 03 A1              1073          LEA resultBuffer(PC), A1  ; [section entry]
0106    21 49 00 34              1074          MOVE.L A1, 52(A0)  ; [section entry]
010A    21 7C 00 00 00 80 00 38  1075          MOVE.L #128, 56(A0)  ; [section entry]
0112    43 FA 04 11              1076          LEA diagnosticBuffer(PC), A1  ; [section entry]
0116    21 49 00 3C              1077          MOVE.L A1, 60(A0)  ; [section entry]
011A    21 7C 00 00 00 20 00 40  1078          MOVE.L #32, 64(A0)  ; [section entry]
0122    43 FA 04 21              1079          LEA resumeBuffer(PC), A1  ; [section entry]
0126    21 49 00 44              1080          MOVE.L A1, 68(A0)  ; [section entry]
012A    21 7C 00 00 00 28 00 48  1081          MOVE.L #40, 72(A0)  ; [section entry]
0132    43 FA 04 39              1082          LEA exprRequestBuffer(PC), A1  ; [section entry]
0136    21 49 00 4C              1083          MOVE.L A1, 76(A0)  ; [section entry]
013A    21 7C 00 00 00 20 00 50  1084          MOVE.L #32, 80(A0)  ; [section entry]
0142    43 FA 04 49              1085          LEA exprResultBuffer(PC), A1  ; [section entry]
0146    21 49 00 54              1086          MOVE.L A1, 84(A0)  ; [section entry]
014A    21 7C 00 00 00 00 00 58  1087          MOVE.L #0, 88(A0)  ; [section entry]
0152    21 7C 00 00 00 02 00 5C  1088          MOVE.L #PRVM_PARSER_CONTRACT_VERSION_V2, 92(A0)  ; [section entry]
015A    21 7C 00 00 00 40 00 60  1089          MOVE.L #64, 96(A0)  ; [section entry]
0162    42 A8 00 64              1090          CLR.L 100(A0)  ; [section entry]
0166    42 A8 00 68              1091          CLR.L 104(A0)  ; [section entry]
016A    42 A8 00 6C              1092          CLR.L 108(A0)  ; [section entry]
016E    4E 75                    1093          RTS  ; [section entry]
----                             1094    ; [section entry]
----                             1095  prvmDebugCliValidateResult  ; [section entry]
0170    43 FA 02 B3              1096          LEA prvmStatus(PC), A1  ; [section entry]
0174    41 FA 03 2F              1097          LEA resultBuffer(PC), A0  ; [section entry]
0178    0C A9 00 00 00 00 00 00  1098          CMPI.L #PRVM_STATUS_OK, 0(A1)  ; [section entry]
0180    66 00 00 AE              1099          BNE.W prvmDebugCliInvalid  ; [section entry]
0184    0C A9 00 00 00 04 00 04  1100          CMPI.L #4, 4(A1)  ; [section entry]
018C    66 00 00 A2              1101          BNE.W prvmDebugCliInvalid  ; [section entry]
0190    0C A9 00 00 00 03 00 08  1102          CMPI.L #3, 8(A1)  ; [section entry]
0198    66 00 00 96              1103          BNE.W prvmDebugCliInvalid  ; [section entry]
019C    0C A9 00 00 00 80 00 0C  1104          CMPI.L #128, 12(A1)  ; [section entry]
01A4    66 00 00 8A              1105          BNE.W prvmDebugCliInvalid  ; [section entry]
01A8    0C 68 00 01 00 00        1106          CMPI.W #PRVM_RESULT_BEGIN_STATEMENT, 0(A0)  ; [section entry]
01AE    66 00 00 80              1107          BNE.W prvmDebugCliInvalid  ; [section entry]
01B2    0C 68 00 02 00 20        1108          CMPI.W #PRVM_RESULT_LABEL_TEXT, 32(A0)  ; [section entry]
01B8    66 00 00 76              1109          BNE.W prvmDebugCliInvalid  ; [section entry]
01BC    0C A8 00 00 00 01 00 28  1110          CMPI.L #1, 40(A0)  ; [section entry]
01C4    66 00 00 6A              1111          BNE.W prvmDebugCliInvalid  ; [section entry]
01C8    0C A8 00 00 00 06 00 2C  1112          CMPI.L #6, 44(A0)  ; [section entry]
01D0    66 00 00 5E              1113          BNE.W prvmDebugCliInvalid  ; [section entry]
01D4    4A A8 00 30              1114          TST.L 48(A0)  ; [section entry]
01D8    66 00 00 56              1115          BNE.W prvmDebugCliInvalid  ; [section entry]
01DC    0C A8 00 00 00 05 00 34  1116          CMPI.L #5, 52(A0)  ; [section entry]
01E4    66 00 00 4A              1117          BNE.W prvmDebugCliInvalid  ; [section entry]
01E8    0C 68 00 03 00 40        1118          CMPI.W #PRVM_RESULT_MNEMONIC_TEXT, 64(A0)  ; [section entry]
01EE    66 00 00 40              1119          BNE.W prvmDebugCliInvalid  ; [section entry]
01F2    0C A8 00 00 00 08 00 48  1120          CMPI.L #8, 72(A0)  ; [section entry]
01FA    66 00 00 34              1121          BNE.W prvmDebugCliInvalid  ; [section entry]
01FE    0C A8 00 00 00 0B 00 4C  1122          CMPI.L #11, 76(A0)  ; [section entry]
0206    66 00 00 28              1123          BNE.W prvmDebugCliInvalid  ; [section entry]
020A    0C A8 00 00 00 05 00 50  1124          CMPI.L #5, 80(A0)  ; [section entry]
0212    66 00 00 1C              1125          BNE.W prvmDebugCliInvalid  ; [section entry]
0216    0C A8 00 00 00 03 00 54  1126          CMPI.L #3, 84(A0)  ; [section entry]
021E    66 00 00 10              1127          BNE.W prvmDebugCliInvalid  ; [section entry]
0222    0C 68 00 05 00 60        1128          CMPI.W #PRVM_RESULT_FINISH_LINE, 96(A0)  ; [section entry]
0228    66 00 00 06              1129          BNE.W prvmDebugCliInvalid  ; [section entry]
022C    42 80                    1130          CLR.L D0  ; [section entry]
022E    4E 75                    1131          RTS  ; [section entry]
----                             1132    ; [section entry]
----                             1133  prvmDebugCliInvalid  ; [section entry]
0230    70 01                    1134          MOVEQ #1, D0  ; [section entry]
0232    4E 75                    1135          RTS  ; [section entry]
----                             1136    ; [section entry]
----                             1137  prvmDebugCliFormatStatus  ; [section entry]
0234    43 FA 01 EF              1138          LEA prvmStatus(PC), A1  ; [section entry]
0238    20 29 00 00              1139          MOVE.L 0(A1), D0  ; [section entry]
023C    41 FA 01 35              1140          LEA reportFailureStatusHexDigits(PC), A0  ; [section entry]
0240    74 07                    1141          MOVEQ #7, D2  ; [section entry]
----                             1142    ; [section entry]
----                             1143  prvmDebugCliFormatStatusLoop  ; [section entry]
0242    E9 98                    1144          ROL.L #4, D0  ; [section entry]
0244    26 00                    1145          MOVE.L D0, D3  ; [section entry]
0246    02 03 00 0F              1146          ANDI.B #$0F, D3  ; [section entry]
024A    0C 03 00 0A              1147          CMPI.B #10, D3  ; [section entry]
024E    65 04                    1148          BCS.S prvmDebugCliFormatStatusDigit  ; [section entry]
0250    06 03 00 07              1149          ADDI.B #7, D3  ; [section entry]
----                             1150    ; [section entry]
----                             1151  prvmDebugCliFormatStatusDigit  ; [section entry]
0254    06 03 00 30              1152          ADDI.B #"0", D3  ; [section entry]
0258    10 C3                    1153          MOVE.B D3, (A0)+  ; [section entry]
025A    51 CA FF E6              1154          DBRA D2, prvmDebugCliFormatStatusLoop  ; [section entry]
025E    4E 75                    1155          RTS  ; [section entry]
----                             1156    ; [section entry]
----                             1157  dosName  ; [section entry]
0260    64 6F 73 2E 6C 69 62 72 61 72 79 00  1158          .byte "dos.library",0  ; [section entry]
----                             1159  reportSuccessText  ; [section entry]
026C    4F 50 46 4F 52 47 45 2D 50 52 56 4D 20 31 0A  1160          .byte "OPFORGE-PRVM 1",10  ; [section entry]
027B    53 54 41 54 55 53 20 30 0A  1161          .byte "STATUS 0",10  ; [section entry]
0284    52 45 53 55 4C 54 53 20 34 0A  1162          .byte "RESULTS 4",10  ; [section entry]
028E    43 55 52 53 4F 52 20 33 0A  1163          .byte "CURSOR 3",10  ; [section entry]
0297    42 59 54 45 53 20 31 32 38 0A  1164          .byte "BYTES 128",10  ; [section entry]
02A1    52 45 53 55 4C 54 20 30 20 4B 49 4E 44 20 62 65 67 69 6E 5F 73 74 61 74 65 6D 65 6E 74 0A  1165          .byte "RESULT 0 KIND begin_statement",10  ; [section entry]
02BF    52 45 53 55 4C 54 20 31 20 4B 49 4E 44 20 6C 61 62 65 6C 5F 74 65 78 74 20 53 54 41 52 54 20 31 20 45 4E 44 20 36 20 4C 45 4E 20 35 20 4C 45 58 48 45 58 20 37 33 37 34 36 31 37 32 37 34 0A  1166          .byte "RESULT 1 KIND label_text START 1 END 6 LEN 5 LEXHEX 7374617274",10  ; [section entry]
02FE    52 45 53 55 4C 54 20 32 20 4B 49 4E 44 20 6D 6E 65 6D 6F 6E 69 63 5F 74 65 78 74 20 53 54 41 52 54 20 38 20 45 4E 44 20 31 31 20 4C 45 4E 20 33 20 4C 45 58 48 45 58 20 34 45 34 46 35 30 0A  1167          .byte "RESULT 2 KIND mnemonic_text START 8 END 11 LEN 3 LEXHEX 4E4F50",10  ; [section entry]
033D    52 45 53 55 4C 54 20 33 20 4B 49 4E 44 20 66 69 6E 69 73 68 5F 6C 69 6E 65 0A  1168          .byte "RESULT 3 KIND finish_line",10  ; [section entry]
0357    45 4E 44 0A 00           1169          .byte "END",10,0  ; [section entry]
----                             1170  reportFailureText  ; [section entry]
035C    4F 50 46 4F 52 47 45 2D 50 52 56 4D 20 31 0A  1171          .byte "OPFORGE-PRVM 1",10  ; [section entry]
036B    53 54 41 54 55 53 20 24  1172          .byte "STATUS $"  ; [section entry]
----                             1173  reportFailureStatusHexDigits  ; [section entry]
0373    30 30 30 30 30 30 30 30 0A  1174          .byte "00000000",10  ; [section entry]
037C    52 45 53 55 4C 54 53 20 30 0A  1175          .byte "RESULTS 0",10  ; [section entry]
0386    43 55 52 53 4F 52 20 30 0A  1176          .byte "CURSOR 0",10  ; [section entry]
038F    42 59 54 45 53 20 30 0A  1177          .byte "BYTES 0",10  ; [section entry]
0397    45 4E 44 0A 00           1178          .byte "END",10,0  ; [section entry]
----                             1179    ; [section entry]
----                             1180  sourceLine  ; [section entry]
039C    73 74 61 72 74 3A 20 4E 4F 50  1181          .byte "start: NOP"  ; [section entry]
----                             1182    ; [section entry]
----                             1183  lexemeBytes  ; [section entry]
03A6    73 74 61 72 74 4E 4F 50  1184          .byte "startNOP"  ; [section entry]
----                             1185    ; [section entry]
----                             1186  parserProgram  ; [section entry]
03AE    60 40 13 03 08 00 64 00  1187          .byte $60,$40,$13,$03,$08,$00,$64,$00  ; [section entry]
03B6    14 03 0E 00 66 00        1188          .byte $14,$03,$0E,$00,$66,$00  ; [section entry]
03BC    15 03 24 00              1189          .byte $15,$03,$24,$00  ; [section entry]
03C0    33 04 2E 6F 72 67 62 20 22 02 41 50  1190          .byte $33,$04,".","o","r","g",$62,$20,$22,$02,$41,$50  ; [section entry]
03CC    FF FF FF FF 64 00        1191          .byte $FF,$FF,$FF,$FF,$64,$00  ; [section entry]
03D2    10 03 03 30 00 20 30 65 20 01 33 00  1192          .byte $10,$03,$03,$30,$00,$20,$30,$65,$20,$01,$33,$00  ; [section entry]
03DE    30 62 20 41 50 FF FF FF FF 64 00  1193          .byte $30,$62,$20,$41,$50,$FF,$FF,$FF,$FF,$64,$00  ; [section entry]
----                             1194    ; [section entry]
----                             1195  tokenRecord  ; [section entry]
03E9    00 00                    1196          .word 0  ; [section entry]
03EB    00 00                    1197          .word 0  ; [section entry]
03ED    00 00 00 01              1198          .long 1  ; [section entry]
03F1    00 00 00 06              1199          .long 6  ; [section entry]
03F5    00 00 00 00              1200          .long 0  ; [section entry]
03F9    00 00 00 05              1201          .long 5  ; [section entry]
03FD    00 05                    1202          .word 5  ; [section entry]
03FF    00 00                    1203          .word 0  ; [section entry]
0401    00 00 00 06              1204          .long 6  ; [section entry]
0405    00 00 00 07              1205          .long 7  ; [section entry]
0409    00 00 00 00              1206          .long 0  ; [section entry]
040D    00 00 00 00              1207          .long 0  ; [section entry]
0411    00 00                    1208          .word 0  ; [section entry]
0413    00 00                    1209          .word 0  ; [section entry]
0415    00 00 00 08              1210          .long 8  ; [section entry]
0419    00 00 00 0B              1211          .long 11  ; [section entry]
041D    00 00 00 05              1212          .long 5  ; [section entry]
0421    00 00 00 03              1213          .long 3  ; [section entry]
----                             1214    ; [section entry]
----                             1215  prvmStatus  ; [section entry]
0425    00 00 00 00              1216          .long 0  ; [section entry]
----                             1217  prvmResultCount  ; [section entry]
0429    00 00 00 00              1218          .long 0  ; [section entry]
----                             1219  prvmCursor  ; [section entry]
042D    00 00 00 00              1220          .long 0  ; [section entry]
----                             1221  prvmResultBytes  ; [section entry]
0431    00 00 00 00              1222          .long 0  ; [section entry]
----                             1223    ; [section entry]
----                             1224  requestFrame  ; [section entry]
0435    00 00 00 00 00 00 00 00 00 00 00 00 00 00 00 00 00 00 00 00 00 00 00 00 00 00 00 00 00 00 00 00 00 00 00 00 00 00 00 00 00 00 00 00 00 00 00 00 00 00 00 00 00 00 00 00 00 00 00 00 00 00 00 00 00 00 00 00 00 00 00 00 00 00 00 00 00 00 00 00 00 00 00 00 00 00 00 00 00 00 00 00 00 00 00 00 00 00 00 00 00 00 00 00 00 00 00 00 00 00 00 00  1225          .fill byte, 112, 0  ; [section entry]
----                             1226  resultBuffer  ; [section entry]
04A5    00 00 00 00 00 00 00 00 00 00 00 00 00 00 00 00 00 00 00 00 00 00 00 00 00 00 00 00 00 00 00 00 00 00 00 00 00 00 00 00 00 00 00 00 00 00 00 00 00 00 00 00 00 00 00 00 00 00 00 00 00 00 00 00 00 00 00 00 00 00 00 00 00 00 00 00 00 00 00 00 00 00 00 00 00 00 00 00 00 00 00 00 00 00 00 00 00 00 00 00 00 00 00 00 00 00 00 00 00 00 00 00 00 00 00 00 00 00 00 00 00 00 00 00 00 00 00 00  1227          .fill byte, 128, 0  ; [section entry]
----                             1228  diagnosticBuffer  ; [section entry]
0525    00 00 00 00 00 00 00 00 00 00 00 00 00 00 00 00 00 00 00 00 00 00 00 00 00 00 00 00 00 00 00 00  1229          .fill byte, 32, 0  ; [section entry]
----                             1230  resumeBuffer  ; [section entry]
0545    00 00 00 00 00 00 00 00 00 00 00 00 00 00 00 00 00 00 00 00 00 00 00 00 00 00 00 00 00 00 00 00 00 00 00 00 00 00 00 00  1231          .fill byte, 40, 0  ; [section entry]
----                             1232  exprRequestBuffer  ; [section entry]
056D    00 00 00 00 00 00 00 00 00 00 00 00 00 00 00 00 00 00 00 00 00 00 00 00 00 00 00 00 00 00 00 00  1233          .fill byte, 32, 0  ; [section entry]
----                             1234  exprResultBuffer  ; [section entry]
058D    00 00 00 00 00 00 00 00 00 00 00 00 00 00 00 00 00 00 00 00 00 00 00 00 00 00 00 00 00 00 00 00  1235          .fill byte, 32, 0  ; [section entry]
----                             1236    ; [section entry]
----                             1237          .endsection
----                             1238          .output "build/prvm_debug_cli.hunk", format=hunk, sections=entry,code
----                             1239          .endmodule

Lines: 1239  Errors: 0  Warnings: 0

SYMBOL TABLE

NAME             VALUE     VIS  KIND
---------------  --------  ---  ----
main.CloseLibrary  FFFFFE62  prv  lbl 
main.diagnosticBuffer  0525      prv  lbl 
main.dosName     0260      prv  lbl 
main.exprRequestBuffer  056D      prv  lbl 
main.exprResultBuffer  058D      prv  lbl 
main.lexemeBytes  03A6      prv  lbl 
main.OpenLibrary  FFFFFDD8  prv  lbl 
main.parserProgram  03AE      prv  lbl 
main.prvmCursor  042D      prv  lbl 
main.prvmDebugCliBuildRequestFrame  008C      prv  lbl 
main.prvmDebugCliCloseDos  0076      prv  lbl 
main.prvmDebugCliDone  0080      prv  lbl 
main.prvmDebugCliFormatStatus  0234      prv  lbl 
main.prvmDebugCliFormatStatusDigit  0254      prv  lbl 
main.prvmDebugCliFormatStatusLoop  0242      prv  lbl 
main.prvmDebugCliHaveDos  0028      prv  lbl 
main.prvmDebugCliInvalid  0230      prv  lbl 
main.prvmDebugCliPutStr  0084      prv  lbl 
main.prvmDebugCliReportFailure  0068      prv  lbl 
main.prvmDebugCliValidateResult  0170      prv  lbl 
main.prvmResultBytes  0431      prv  lbl 
main.prvmResultCount  0429      prv  lbl 
main.prvmStatus  0425      prv  lbl 
main.PRVM_ABI_VERSION_V1  0001      prv  lbl 
main.PRVM_CALL_MODE_START  0000      prv  lbl 
main.PRVM_DEBUG_PROGRAM_LEN  003B      prv  lbl 
main.PRVM_ENTRY_KIND_OPASM_STATEMENT  0001      prv  lbl 
main.PRVM_MAGIC_OPRP  4F505250  prv  lbl 
main.PRVM_OPCODE_ADVANCE  0020      prv  lbl 
main.PRVM_OPCODE_BEGIN_STATEMENT  0060      prv  lbl 
main.PRVM_OPCODE_CONSUME_OPERATOR  0022      prv  lbl 
main.PRVM_OPCODE_END  0000      prv  lbl 
main.PRVM_OPCODE_FINISH_ASSIGNMENT  0066      prv  lbl 
main.PRVM_OPCODE_FINISH_LINE  0064      prv  lbl 
main.PRVM_OPCODE_IS_EOL  0013      prv  lbl 
main.PRVM_OPCODE_JUMP  0001      prv  lbl 
main.PRVM_OPCODE_JUMP_IF_FALSE  0003      prv  lbl 
main.PRVM_OPCODE_LOAD_IDENTIFIER  0030      prv  lbl 
main.PRVM_OPCODE_LOAD_INLINE_TEXT  0033      prv  lbl 
main.PRVM_OPCODE_PARSE_OPERAND_EXPR  0050      prv  lbl 
main.PRVM_OPCODE_PARSE_OPTIONAL_LABEL  0040      prv  lbl 
main.PRVM_OPCODE_PEEK_ASSIGNMENT  0014      prv  lbl 
main.PRVM_OPCODE_PEEK_KIND  0010      prv  lbl 
main.PRVM_OPCODE_PEEK_STAR_ORG  0015      prv  lbl 
main.PRVM_OPCODE_SCAN_COMMA_BOUNDARIES  0041      prv  lbl 
main.PRVM_OPCODE_SET_DOT_MNEMONIC  0065      prv  lbl 
main.PRVM_OPCODE_SET_MNEMONIC  0062      prv  lbl 
main.PRVM_PARSER_CONTRACT_VERSION_V2  0002      prv  lbl 
main.PRVM_REQUEST_FRAME_SIZE  0070      prv  lbl 
main.PRVM_RESULT_BEGIN_STATEMENT  0001      prv  lbl 
main.PRVM_RESULT_FINISH_LINE  0005      prv  lbl 
main.PRVM_RESULT_LABEL_TEXT  0002      prv  lbl 
main.PRVM_RESULT_MNEMONIC_TEXT  0003      prv  lbl 
main.PRVM_STATUS_OK  0000      prv  lbl 
main.PRVM_TOKEN_RECORD_SIZE  0014      prv  lbl 
main.PutStr      FFFFFC4C  prv  lbl 
main.reportFailureStatusHexDigits  0373      prv  lbl 
main.reportFailureText  035C      prv  lbl 
main.reportSuccessText  026C      prv  lbl 
main.requestFrame  0435      prv  lbl 
main.resultBuffer  04A5      prv  lbl 
main.resumeBuffer  0545      prv  lbl 
main.RETURN_FAIL  0014      prv  lbl 
main.RETURN_OK   0000      prv  lbl 
main.sourceLine  039C      prv  lbl 
main.start       0000      prv  lbl 
main.SysBase     0004      prv  lbl 
main.tokenRecord  03E9      prv  lbl 
prvm.amigaos.runtime.abiMarker  0000      pub  lbl 
prvm.amigaos.runtime.LOCAL_BOOL_VALUE  0040      pub  lbl 
prvm.amigaos.runtime.LOCAL_CHECKPOINT_DEPTH  0044      pub  lbl 
prvm.amigaos.runtime.LOCAL_CHECKPOINT_MAX_DEPTH  0004      pub  lbl 
prvm.amigaos.runtime.LOCAL_CHECKPOINT_RECORD_SIZE  001C      pub  lbl 
prvm.amigaos.runtime.LOCAL_CHECKPOINT_STACK  0048      pub  lbl 
prvm.amigaos.runtime.LOCAL_EXPR_END_TOKEN  0024      pub  lbl 
prvm.amigaos.runtime.LOCAL_EXPR_SLOT_INDEX  0028      pub  lbl 
prvm.amigaos.runtime.LOCAL_EXPR_START_TOKEN  0020      pub  lbl 
prvm.amigaos.runtime.LOCAL_FINISHED_FLAG  0014      pub  lbl 
prvm.amigaos.runtime.LOCAL_LABEL_COL_END  0034      pub  lbl 
prvm.amigaos.runtime.LOCAL_LABEL_COL_START  0030      pub  lbl 
prvm.amigaos.runtime.LOCAL_LABEL_FLAG  002C      pub  lbl 
prvm.amigaos.runtime.LOCAL_LABEL_LEXEME_LEN  003C      pub  lbl 
prvm.amigaos.runtime.LOCAL_LABEL_LEXEME_OFFSET  0038      pub  lbl 
prvm.amigaos.runtime.LOCAL_LOADED_COL_END  0008      pub  lbl 
prvm.amigaos.runtime.LOCAL_LOADED_COL_START  0004      pub  lbl 
prvm.amigaos.runtime.LOCAL_LOADED_FLAG  0000      pub  lbl 
prvm.amigaos.runtime.LOCAL_LOADED_LEXEME_LEN  0010      pub  lbl 
prvm.amigaos.runtime.LOCAL_LOADED_LEXEME_OFFSET  000C      pub  lbl 
prvm.amigaos.runtime.LOCAL_OPERAND_COUNT  001C      pub  lbl 
prvm.amigaos.runtime.LOCAL_SIZE  00B8      pub  lbl 
prvm.amigaos.runtime.LOCAL_STEP_COUNT  0018      pub  lbl 
prvm.amigaos.runtime.prvmBudgetExceeded  0940      pub  lbl 
prvm.amigaos.runtime.prvmCheckpointAddressForDepth  0642      pub  lbl 
prvm.amigaos.runtime.prvmCommitResultRecord  06AE      pub  lbl 
prvm.amigaos.runtime.prvmCurrentTokenInvalid  0688      pub  lbl 
prvm.amigaos.runtime.prvmCurrentTokenPtr  05AE      pub  lbl 
prvm.amigaos.runtime.prvmEmitBeginStatement  06B8      pub  lbl 
prvm.amigaos.runtime.prvmEmitFinishLine  07B4      pub  lbl 
prvm.amigaos.runtime.prvmEmitLabelText  06EE      pub  lbl 
prvm.amigaos.runtime.prvmEmitMnemonicText  0734      pub  lbl 
prvm.amigaos.runtime.prvmEmitOperandExprSlot  0772      pub  lbl 
prvm.amigaos.runtime.prvmEmitOptionalLabel  042A      pub  lbl 
prvm.amigaos.runtime.prvmEmitRecordReturn  07EA      pub  lbl 
prvm.amigaos.runtime.prvmEntryBoundary  08FC      pub  lbl 
prvm.amigaos.runtime.prvmExpressionResultInvalid  0934      pub  lbl 
prvm.amigaos.runtime.prvmFindOperandEndLoop  04D0      pub  lbl 
prvm.amigaos.runtime.prvmInvalidArgument  0962      pub  lbl 
prvm.amigaos.runtime.prvmInvalidArgumentWithLocals  094A      pub  lbl 
prvm.amigaos.runtime.prvmInvalidProgramAtCursor  0912      pub  lbl 
prvm.amigaos.runtime.prvmInvalidResume  092A      pub  lbl 
prvm.amigaos.runtime.prvmInvalidTokenAtCursor  0908      pub  lbl 
prvm.amigaos.runtime.prvmNewlineScanDone  018C      pub  lbl 
prvm.amigaos.runtime.prvmNewlineScanLoop  0160      pub  lbl 
prvm.amigaos.runtime.prvmNewlineUnsupported  0180      pub  lbl 
prvm.amigaos.runtime.prvmOpcodeAdvance  031E      pub  lbl 
prvm.amigaos.runtime.prvmOpcodeBeginStatement  0438      pub  lbl 
prvm.amigaos.runtime.prvmOpcodeCheckpoint  02A2      pub  lbl 
prvm.amigaos.runtime.prvmOpcodeCommit  02D4      pub  lbl 
prvm.amigaos.runtime.prvmOpcodeEnd  026C      pub  lbl 
prvm.amigaos.runtime.prvmOpcodeFinishLine  0474      pub  lbl 
prvm.amigaos.runtime.prvmOpcodeIsEol  02F8      pub  lbl 
prvm.amigaos.runtime.prvmOpcodeJump  027A      pub  lbl 
prvm.amigaos.runtime.prvmOpcodeJumpIfFalse  028A      pub  lbl 
prvm.amigaos.runtime.prvmOpcodeLoadIdentifier  032A      pub  lbl 
prvm.amigaos.runtime.prvmOpcodeParseOperandExpr  048A      pub  lbl 
prvm.amigaos.runtime.prvmOpcodeParseOptionalLabel  0390      pub  lbl 
prvm.amigaos.runtime.prvmOpcodePeekAssignment  030E      pub  lbl 
prvm.amigaos.runtime.prvmOpcodePeekKind  02E2      pub  lbl 
prvm.amigaos.runtime.prvmOpcodePeekStarOrg  0316      pub  lbl 
prvm.amigaos.runtime.prvmOpcodeRollback  02B0      pub  lbl 
prvm.amigaos.runtime.prvmOpcodeSetDotMnemonic  0470      pub  lbl 
prvm.amigaos.runtime.prvmOpcodeSetMnemonic  0456      pub  lbl 
prvm.amigaos.runtime.prvmOperandEndFound  04F2      pub  lbl 
prvm.amigaos.runtime.prvmOutputOverflow  091C      pub  lbl 
prvm.amigaos.runtime.prvmPeekKind  0654      pub  lbl 
prvm.amigaos.runtime.prvmPeekKindDot  0676      pub  lbl 
prvm.amigaos.runtime.prvmPeekKindFalse  0684      pub  lbl 
prvm.amigaos.runtime.prvmPopCheckpointAddress  062C      pub  lbl 
prvm.amigaos.runtime.prvmProgramLoop  01B6      pub  lbl 
prvm.amigaos.runtime.prvmPushCheckpoint  05FC      pub  lbl 
prvm.amigaos.runtime.prvmReadProgramTarget  05CE      pub  lbl 
prvm.amigaos.runtime.prvmRequestOperandAtCursor  04CA      pub  lbl 
prvm.amigaos.runtime.prvmResultRecordPtr  0690      pub  lbl 
prvm.amigaos.runtime.prvmResumeFromExpression  0526      pub  lbl 
prvm.amigaos.runtime.prvmReturnWithLocals  0956      pub  lbl 
prvm.amigaos.runtime.prvmStartProgram  01A6      pub  lbl 
prvm.amigaos.runtime.prvmTokenPtrByIndex  05B4      pub  lbl 
prvm.amigaos.runtime.prvmUnsupportedOpcode  0920      pub  lbl 
prvm.amigaos.runtime.prvmValidateEntryKind  0078      pub  lbl 
prvm.amigaos.runtime.prvmValidateExpressionResultBufferDone  0156      pub  lbl 
prvm.amigaos.runtime.prvmValidateExpressionResultReady  08D0      pub  lbl 
prvm.amigaos.runtime.prvmValidateExpressionResultSlot  08A8      pub  lbl 
prvm.amigaos.runtime.prvmValidateLexemeBuffer  00CC      pub  lbl 
prvm.amigaos.runtime.prvmValidateProgramBuffer  00E2      pub  lbl 
prvm.amigaos.runtime.prvmValidateTokenBuffer  00B6      pub  lbl 
prvm.amigaos.runtime.prvmWriteExpressionRequest  07EC      pub  lbl 
prvm.amigaos.runtime.prvmWriteExpressionRequestEndSpan  083C      pub  lbl 
prvm.amigaos.runtime.prvmWriteExpressionRequestReturn  084C      pub  lbl 
prvm.amigaos.runtime.prvmWriteResumeCursor  088A      pub  lbl 
prvm.amigaos.runtime.prvmWriteResumeState  084E      pub  lbl 
prvm.amigaos.runtime.PRVM_ABI_VERSION_V1  0001      pub  lbl 
prvm.amigaos.runtime.PRVM_CALL_MODE_RESUME  0001      pub  lbl 
prvm.amigaos.runtime.PRVM_CALL_MODE_START  0000      pub  lbl 
prvm.amigaos.runtime.PRVM_CONTINUATION_PARSE_OPERAND  0001      pub  lbl 
prvm.amigaos.runtime.PRVM_DEFAULT_STEP_BUDGET  0100      pub  lbl 
prvm.amigaos.runtime.PRVM_ENTRY_KIND_OPASM_STATEMENT  0001      pub  lbl 
prvm.amigaos.runtime.PRVM_EXPR_REQUEST_RECORD_SIZE  0020      pub  lbl 
prvm.amigaos.runtime.PRVM_EXPR_RESULT_SLOT_SIZE  0020      pub  lbl 
prvm.amigaos.runtime.PRVM_EXPR_SLOT_READY  0001      pub  lbl 
prvm.amigaos.runtime.PRVM_EXPR_SLOT_READY_ERROR  0002      pub  lbl 
prvm.amigaos.runtime.PRVM_FRAME_ABI_VERSION  0004      pub  lbl 
prvm.amigaos.runtime.PRVM_FRAME_CALL_MODE  0008      pub  lbl 
prvm.amigaos.runtime.PRVM_FRAME_DIAGNOSTIC_PTR  003C      pub  lbl 
prvm.amigaos.runtime.PRVM_FRAME_ENTRY_KIND  000A      pub  lbl 
prvm.amigaos.runtime.PRVM_FRAME_EXPR_REQUEST_PTR  004C      pub  lbl 
prvm.amigaos.runtime.PRVM_FRAME_EXPR_REQUEST_SIZE  0050      pub  lbl 
prvm.amigaos.runtime.PRVM_FRAME_EXPR_RESULT_COUNT  0058      pub  lbl 
prvm.amigaos.runtime.PRVM_FRAME_EXPR_RESULT_PTR  0054      pub  lbl 
prvm.amigaos.runtime.PRVM_FRAME_FLAGS  0064      pub  lbl 
prvm.amigaos.runtime.PRVM_FRAME_FRAME_SIZE  0006      pub  lbl 
prvm.amigaos.runtime.PRVM_FRAME_LEXEME_LEN  0028      pub  lbl 
prvm.amigaos.runtime.PRVM_FRAME_LEXEME_PTR  0024      pub  lbl 
prvm.amigaos.runtime.PRVM_FRAME_LINE_NUM  000C      pub  lbl 
prvm.amigaos.runtime.PRVM_FRAME_MAGIC  0000      pub  lbl 
prvm.amigaos.runtime.PRVM_FRAME_PARSER_CONTRACT_VERSION  005C      pub  lbl 
prvm.amigaos.runtime.PRVM_FRAME_PROGRAM_LEN  0030      pub  lbl 
prvm.amigaos.runtime.PRVM_FRAME_PROGRAM_PTR  002C      pub  lbl 
prvm.amigaos.runtime.PRVM_FRAME_RESULT_CAPACITY  0038      pub  lbl 
prvm.amigaos.runtime.PRVM_FRAME_RESULT_PTR  0034      pub  lbl 
prvm.amigaos.runtime.PRVM_FRAME_RESUME_CAPACITY  0048      pub  lbl 
prvm.amigaos.runtime.PRVM_FRAME_RESUME_PTR  0044      pub  lbl 
prvm.amigaos.runtime.PRVM_FRAME_SOURCE_LEN  0014      pub  lbl 
prvm.amigaos.runtime.PRVM_FRAME_SOURCE_PTR  0010      pub  lbl 
prvm.amigaos.runtime.PRVM_FRAME_STEP_BUDGET  0060      pub  lbl 
prvm.amigaos.runtime.PRVM_FRAME_TOKEN_COUNT  001C      pub  lbl 
prvm.amigaos.runtime.PRVM_FRAME_TOKEN_PTR  0018      pub  lbl 
prvm.amigaos.runtime.PRVM_FRAME_TOKEN_RECORD_SIZE  0020      pub  lbl 
prvm.amigaos.runtime.PRVM_MAGIC_OPRP  4F505250  pub  lbl 
prvm.amigaos.runtime.PRVM_OPCODE_ADVANCE  0020      pub  lbl 
prvm.amigaos.runtime.PRVM_OPCODE_BEGIN_STATEMENT  0060      pub  lbl 
prvm.amigaos.runtime.PRVM_OPCODE_CHECKPOINT  0004      pub  lbl 
prvm.amigaos.runtime.PRVM_OPCODE_COMMIT  0006      pub  lbl 
prvm.amigaos.runtime.PRVM_OPCODE_END  0000      pub  lbl 
prvm.amigaos.runtime.PRVM_OPCODE_FINISH_LINE  0064      pub  lbl 
prvm.amigaos.runtime.PRVM_OPCODE_IS_EOL  0013      pub  lbl 
prvm.amigaos.runtime.PRVM_OPCODE_JUMP  0001      pub  lbl 
prvm.amigaos.runtime.PRVM_OPCODE_JUMP_IF_FALSE  0003      pub  lbl 
prvm.amigaos.runtime.PRVM_OPCODE_LOAD_IDENTIFIER  0030      pub  lbl 
prvm.amigaos.runtime.PRVM_OPCODE_PARSE_OPERAND_EXPR  0050      pub  lbl 
prvm.amigaos.runtime.PRVM_OPCODE_PARSE_OPTIONAL_LABEL  0040      pub  lbl 
prvm.amigaos.runtime.PRVM_OPCODE_PEEK_ASSIGNMENT  0014      pub  lbl 
prvm.amigaos.runtime.PRVM_OPCODE_PEEK_KIND  0010      pub  lbl 
prvm.amigaos.runtime.PRVM_OPCODE_PEEK_STAR_ORG  0015      pub  lbl 
prvm.amigaos.runtime.PRVM_OPCODE_ROLLBACK  0005      pub  lbl 
prvm.amigaos.runtime.PRVM_OPCODE_SCAN_COMMA_BOUNDARIES  0041      pub  lbl 
prvm.amigaos.runtime.PRVM_OPCODE_SET_DOT_MNEMONIC  0065      pub  lbl 
prvm.amigaos.runtime.PRVM_OPCODE_SET_MNEMONIC  0062      pub  lbl 
prvm.amigaos.runtime.PRVM_PARSER_CONTRACT_VERSION_V2  0002      pub  lbl 
prvm.amigaos.runtime.PRVM_REQUEST_FRAME_SIZE  0070      pub  lbl 
prvm.amigaos.runtime.PRVM_RESULT_BEGIN_STATEMENT  0001      pub  lbl 
prvm.amigaos.runtime.PRVM_RESULT_FINISH_LINE  0005      pub  lbl 
prvm.amigaos.runtime.PRVM_RESULT_LABEL_TEXT  0002      pub  lbl 
prvm.amigaos.runtime.PRVM_RESULT_MNEMONIC_TEXT  0003      pub  lbl 
prvm.amigaos.runtime.PRVM_RESULT_OPERAND_EXPR_SLOT  0004      pub  lbl 
prvm.amigaos.runtime.PRVM_RESULT_RECORD_SIZE  0020      pub  lbl 
prvm.amigaos.runtime.PRVM_RESUME_MAGIC  50525253  pub  lbl 
prvm.amigaos.runtime.PRVM_RESUME_STATE_SIZE  0028      pub  lbl 
prvm.amigaos.runtime.PRVM_RESUME_VERSION  0001      pub  lbl 
prvm.amigaos.runtime.prvm_run_68000  0000      pub  lbl 
prvm.amigaos.runtime.PRVM_STATUS_BUDGET_EXCEEDED  000C      pub  lbl 
prvm.amigaos.runtime.PRVM_STATUS_ENTRY_BOUNDARY  0003      pub  lbl 
prvm.amigaos.runtime.PRVM_STATUS_EXPR_REQUEST  0001      pub  lbl 
prvm.amigaos.runtime.PRVM_STATUS_EXPR_RESULT_INVALID  000B      pub  lbl 
prvm.amigaos.runtime.PRVM_STATUS_INVALID_ARGUMENT  0004      pub  lbl 
prvm.amigaos.runtime.PRVM_STATUS_INVALID_PROGRAM  0006      pub  lbl 
prvm.amigaos.runtime.PRVM_STATUS_INVALID_RESUME  000A      pub  lbl 
prvm.amigaos.runtime.PRVM_STATUS_INVALID_TOKEN  0005      pub  lbl 
prvm.amigaos.runtime.PRVM_STATUS_NEWLINE_UNSUPPORTED  0002      pub  lbl 
prvm.amigaos.runtime.PRVM_STATUS_OK  0000      pub  lbl 
prvm.amigaos.runtime.PRVM_STATUS_OUTPUT_OVERFLOW  0007      pub  lbl 
prvm.amigaos.runtime.PRVM_STATUS_UNSUPPORTED_OPCODE  0009      pub  lbl 
prvm.amigaos.runtime.PRVM_TOKEN_KIND_COLON  0005      pub  lbl 
prvm.amigaos.runtime.PRVM_TOKEN_KIND_COMMA  0004      pub  lbl 
prvm.amigaos.runtime.PRVM_TOKEN_KIND_DOT  0007      pub  lbl 
prvm.amigaos.runtime.PRVM_TOKEN_KIND_IDENTIFIER  0000      pub  lbl 
prvm.amigaos.runtime.PRVM_TOKEN_RECORD_SIZE  0014      pub  lbl 

Total memory is 0 bytes

GENERATED OUTPUT

(none)
