opForge Assembler v0.9.7
ADDR    BYTES                    LINE  SOURCE
------  -----------------------  ----  ------
----                                1          .module tokvm.amigaos.tokenizer_vm
----                                2          .cpu 68020
----                                3          .pub
----                                4  
----                                5  ; Positive VM statuses mirror the native tokenization result contract.
----    EQU 0000                    6  TK_STATUS_SUCCESS               = 0
----    EQU 0001                    7  TK_STATUS_NEWLINE_UNSUPPORTED   = 1
----    EQU 0002                    8  TK_STATUS_TOKEN_OVERFLOW        = 2
----    EQU 0003                    9  TK_STATUS_LEXEME_OVERFLOW       = 3
----    EQU 0004                   10  TK_STATUS_VM_FAILURE            = 4
----    EQU 0005                   11  TK_STATUS_INVALID_ARGUMENT      = 5
----    EQU 0006                   12  TK_STATUS_INVALID_PROGRAM       = 6
----    EQU 0007                   13  TK_STATUS_STEP_LIMIT_EXCEEDED   = 7
----                               14  
----    EQU 0000                   15  TK_VM_FAILURE_KIND_NONE         = 0
----    EQU 0001                   16  TK_VM_FAILURE_KIND_FAIL         = 1
----    EQU 0002                   17  TK_VM_FAILURE_KIND_EMIT_DIAG    = 2
----                               18  
----                               19  ; Opcode values intentionally match crate::package::TokenizerVmOpcode in
----                               20  ; crates/opforge-package/src/package.rs.
----    EQU 0000                   21  TK_OPCODE_END                   = 0
----    EQU 0001                   22  TK_OPCODE_READ_CHAR             = 1
----    EQU 0002                   23  TK_OPCODE_ADVANCE               = 2
----    EQU 0003                   24  TK_OPCODE_START_LEXEME          = 3
----    EQU 0004                   25  TK_OPCODE_PUSH_CHAR             = 4
----    EQU 0005                   26  TK_OPCODE_EMIT_TOKEN            = 5
----    EQU 0006                   27  TK_OPCODE_SET_STATE             = 6
----    EQU 0007                   28  TK_OPCODE_JUMP                  = 7
----    EQU 0008                   29  TK_OPCODE_JUMP_IF_EOL           = 8
----    EQU 0009                   30  TK_OPCODE_JUMP_IF_BYTE_EQ       = 9
----    EQU 000A                   31  TK_OPCODE_JUMP_IF_CLASS         = 10
----    EQU 000B                   32  TK_OPCODE_FAIL                  = 11
----    EQU 000C                   33  TK_OPCODE_EMIT_DIAG             = 12
----    EQU 000E                   34  TK_OPCODE_SCAN_CORE             = 14
----    EQU 000F                   35  TK_OPCODE_SCAN_IDENTIFIER       = 15
----    EQU 0010                   36  TK_OPCODE_SCAN_NUMBER           = 16
----    EQU 0011                   37  TK_OPCODE_SCAN_STRING           = 17
----    EQU 0012                   38  TK_OPCODE_SCAN_SYMBOL           = 18
----                               39  
----                               40  ; Token kind values are the compact on-wire/native record encoding used by the
----                               41  ; report writer and matched back to PortableTokenKind on the Rust side.
----    EQU 0000                   42  TK_KIND_IDENTIFIER              = 0
----    EQU 0002                   43  TK_KIND_NUMBER                  = 2
----    EQU 0003                   44  TK_KIND_STRING                  = 3
----    EQU 0004                   45  TK_KIND_COMMA                   = 4
----    EQU 0005                   46  TK_KIND_COLON                   = 5
----    EQU 0006                   47  TK_KIND_DOLLAR                  = 6
----    EQU 0007                   48  TK_KIND_DOT                     = 7
----    EQU 0008                   49  TK_KIND_HASH                    = 8
----    EQU 0009                   50  TK_KIND_QUESTION                = 9
----    EQU 000A                   51  TK_KIND_OPEN_BRACKET            = 10
----    EQU 000B                   52  TK_KIND_CLOSE_BRACKET           = 11
----    EQU 000C                   53  TK_KIND_OPEN_BRACE              = 12
----    EQU 000D                   54  TK_KIND_CLOSE_BRACE             = 13
----    EQU 000E                   55  TK_KIND_OPEN_PAREN              = 14
----    EQU 000F                   56  TK_KIND_CLOSE_PAREN             = 15
----    EQU 0010                   57  TK_KIND_OP_RANGE                = 16
----    EQU 0011                   58  TK_KIND_OP_RANGE_INCLUSIVE      = 17
----    EQU 0012                   59  TK_KIND_OP_PLUS                 = 18
----    EQU 0013                   60  TK_KIND_OP_MINUS                = 19
----    EQU 0014                   61  TK_KIND_OP_MULTIPLY             = 20
----    EQU 0015                   62  TK_KIND_OP_CARET                = 21
----    EQU 0016                   63  TK_KIND_OP_DIVIDE               = 22
----    EQU 0017                   64  TK_KIND_OP_MOD                  = 23
----    EQU 0018                   65  TK_KIND_OP_SHL                  = 24
----    EQU 0019                   66  TK_KIND_OP_SHR                  = 25
----    EQU 001A                   67  TK_KIND_OP_BIT_NOT              = 26
----    EQU 001B                   68  TK_KIND_OP_LOGIC_NOT            = 27
----    EQU 001C                   69  TK_KIND_OP_BIT_AND              = 28
----    EQU 001D                   70  TK_KIND_OP_BIT_OR               = 29
----    EQU 001E                   71  TK_KIND_OP_LOGIC_AND            = 30
----    EQU 001F                   72  TK_KIND_OP_LOGIC_OR             = 31
----    EQU 0020                   73  TK_KIND_OP_LOGIC_XOR            = 32
----    EQU 0021                   74  TK_KIND_OP_EQ                   = 33
----    EQU 0022                   75  TK_KIND_OP_NE                   = 34
----    EQU 0023                   76  TK_KIND_OP_GE                   = 35
----    EQU 0024                   77  TK_KIND_OP_GT                   = 36
----    EQU 0025                   78  TK_KIND_OP_LE                   = 37
----    EQU 0026                   79  TK_KIND_OP_LT                   = 38
----                               80  
----                               81  ; The default demo program currently uses only the same first five character
----                               82  ; classes consumed by vm_char_class_matches in tokenizer_runtime_utils.rs.
----    EQU 0001                   83  TK_CLASS_WHITESPACE             = 1
----    EQU 0002                   84  TK_CLASS_IDENTIFIER_START       = 2
----    EQU 0003                   85  TK_CLASS_IDENTIFIER_CONTINUE    = 3
----    EQU 0004                   86  TK_CLASS_DIGIT                  = 4
----    EQU 0005                   87  TK_CLASS_QUOTE                  = 5
----                               88  
----                               89  ; Program-counter labels for demoProgram. These offsets intentionally match the
----                               90  ; little-endian jump targets emitted by the Rust builder default loop.
----    EQU 0000                   91  DEMO_PC_READ_CHAR               = 0
----    EQU 0024                   92  DEMO_PC_SCAN_SYMBOL             = 36
----    EQU 002A                   93  DEMO_PC_SKIP_WHITESPACE         = 42
----    EQU 0030                   94  DEMO_PC_SCAN_IDENTIFIER         = 48
----    EQU 0036                   95  DEMO_PC_SCAN_NUMBER             = 54
----    EQU 003C                   96  DEMO_PC_SCAN_STRING             = 60
----    EQU 0042                   97  DEMO_PC_FINISH                  = 66
----                               98  
----    EQU 0014                   99  TOKEN_RECORD_SIZE               = 20
----    EQU 0400                  100  SOURCE_BUFFER_CAPACITY          = 1024
----    EQU 0040                  101  TOKEN_BUFFER_CAPACITY           = 64
----    EQU 0400                  102  SCRATCH_BUFFER_CAPACITY         = 1024
----    EQU 0800                  103  TOKVM_DEFAULT_MAX_STEPS_PER_LINE = 2048
----                              104  
----                              105  ; The fixed capacities above intentionally match the AmigaOS host harness so the
----                              106  ; native VM and the CLI/report layer agree on how much source, token, and scratch
----                              107  ; state can be exchanged without any additional negotiation structure.
----                              108  
----                              109  ; tokvm_run_68000 local frame layout.
----                              110  ;
----                              111  ; Call ABI:
----                              112  ; - A0 / D0: source buffer pointer and source byte length
----                              113  ; - A1 / D1: token buffer pointer and token capacity in records
----                              114  ; - A2 / D2: scratch buffer pointer and scratch capacity in bytes
----                              115  ; - A3 / D3: tokenizer bytecode pointer and program length in bytes
----                              116  ;
----                              117  ; Return ABI:
----                              118  ; - D0: TK_STATUS_*
----                              119  ; - D1: emitted token count
----                              120  ; - D2: final source cursor
----                              121  ; - D3: scratch bytes committed into lexemeScratch
----    EQU 0000                  122  LOCAL_CURRENT_BYTE              = 0
----    EQU 0004                  123  LOCAL_PENDING_KIND              = 4
----    EQU 0008                  124  LOCAL_PENDING_START             = 8
----    EQU 000C                  125  LOCAL_PENDING_END               = 12
----    EQU 0010                  126  LOCAL_PENDING_LEX_LEN           = 16
----    EQU 0014                  127  LOCAL_TEMP_U32                  = 20
----    EQU 0018                  128  LOCAL_PROGRAM_COUNTER           = 24
----    EQU 001C                  129  LOCAL_STEP_COUNT                = 28
----    EQU 0020                  130  LOCAL_STEP_LIMIT                = 32
----    EQU 0024                  131  LOCAL_SIZE                      = 36
----                              132  
----                              133          .section data, kind=data  ; [section data]
----                              134    ; [section data]
----                              135  tokvmStepBudget  ; [section data]
0000    00 00 08 00               136          .long TOKVM_DEFAULT_MAX_STEPS_PER_LINE  ; [section data]
----                              137    ; [section data]
----                              138  demoStateEntryOffsets  ; [section data]
0004    00 00 00 00               139          .long DEMO_PC_READ_CHAR  ; [section data]
----                              140    ; [section data]
----                              141  tokvmProgramStateTablePtr  ; [section data]
0008    00 00 00 04               142          .long demoStateEntryOffsets  ; [section data]
----                              143    ; [section data]
----                              144  tokvmProgramStateCount  ; [section data]
000C    00 00 00 01               145          .long 1  ; [section data]
----                              146    ; [section data]
----                              147  tokvmProgramStartState  ; [section data]
0010    00 00                     148          .word 0  ; [section data]
----                              149    ; [section data]
----                              150  tokvmLastFailureKind  ; [section data]
0012    00 00                     151          .word 0  ; [section data]
----                              152    ; [section data]
----                              153  tokvmLastFailureOperand  ; [section data]
0014    00 00                     154          .word 0  ; [section data]
----                              155    ; [section data]
----                              156          .endsection
----                              157  
----                              158          .section code, kind=code  ; [section code]
----                              159    ; [section code]
----                              160  ; ---------------------------------------------------------------------------  ; [section code]
----                              161  ; Native tokenizer VM interpreter.  ; [section code]
----                              162  ;  ; [section code]
----                              163  ; This interpreter executes the tokenizer bytecode against one line-buffer-backed  ; [section code]
----                              164  ; input stream. Its control flow mirrors the Rust tokenizer VM loop in  ; [section code]
----                              165  ; crates/opforge-vm/src/runtime_model_core.rs:  ; [section code]
----                              166  ; - validate arguments and stream constraints  ; [section code]
----                              167  ; - keep source cursor in D2 and program counter in A0  ; [section code]
----                              168  ; - decode opcodes from the bytecode stream in A3..A3+D7  ; [section code]
----                              169  ; - dispatch scan/predicate helpers that mirror tokenizer_runtime_utils.rs  ; [section code]
----                              170  ; - emit compact native token records into the caller-provided token buffer  ; [section code]
----                              171  ; ---------------------------------------------------------------------------  ; [section code]
----                              172    ; [section code]
----                              173  tokvm_set_step_budget_68000  ; [section code]
0000    4A 80                     174          TST.L D0  ; [section code]
0002    6E 06                     175          BGT.S tokvmSetStepBudgetStore  ; [section code]
0004    20 3C 00 00 08 00         176          MOVE.L #TOKVM_DEFAULT_MAX_STEPS_PER_LINE, D0  ; [section code]
----                              177  tokvmSetStepBudgetStore  ; [section code]
000A    23 C0 00 00 00 00         178          MOVE.L D0, tokvmStepBudget  ; [section code]
0010    4E 75                     179          RTS  ; [section code]
----                              180    ; [section code]
----                              181  tokvm_set_program_state_table_68000  ; [section code]
0012    4A 80                     182          TST.L D0  ; [section code]
0014    6E 0A                     183          BGT.S tokvmSetProgramStateStore  ; [section code]
0016    41 F9 00 00 00 04         184          LEA demoStateEntryOffsets, A0  ; [section code]
001C    70 01                     185          MOVEQ #1, D0  ; [section code]
001E    72 00                     186          MOVEQ #0, D1  ; [section code]
----                              187  tokvmSetProgramStateStore  ; [section code]
0020    23 C8 00 00 00 08         188          MOVE.L A0, tokvmProgramStateTablePtr  ; [section code]
0026    23 C0 00 00 00 0C         189          MOVE.L D0, tokvmProgramStateCount  ; [section code]
002C    33 C1 00 00 00 10         190          MOVE.W D1, tokvmProgramStartState  ; [section code]
0032    4E 75                     191          RTS  ; [section code]
----                              192    ; [section code]
----                              193  tokvm_read_last_failure_68000  ; [section code]
0034    70 00                     194          MOVEQ #0, D0  ; [section code]
0036    30 39 00 00 00 12         195          MOVE.W tokvmLastFailureKind, D0  ; [section code]
003C    72 00                     196          MOVEQ #0, D1  ; [section code]
003E    32 39 00 00 00 14         197          MOVE.W tokvmLastFailureOperand, D1  ; [section code]
0044    4E 75                     198          RTS  ; [section code]
----                              199    ; [section code]
----                              200  tokvm_run_68000  ; [section code]
0046    48 E7 0F 0E               201          MOVEM.L D4-D7/A4-A6, -(SP)  ; [section code]
004A    2C 4A                     202          MOVEA.L A2, A6  ; preserve scratch base separately so A2 can become the interpreter-local frame pointer  ; [section code]
004C    28 48                     203          MOVEA.L A0, A4  ; source bytes base, equivalent to VmTokenizerInputStream.bytes  ; [section code]
004E    2A 49                     204          MOVEA.L A1, A5  ; token record output base  ; [section code]
0050    28 00                     205          MOVE.L D0, D4  ; source byte length / maximum cursor  ; [section code]
0052    2A 01                     206          MOVE.L D1, D5  ; token capacity in 20-byte records  ; [section code]
0054    2C 02                     207          MOVE.L D2, D6  ; scratch capacity in bytes  ; [section code]
0056    2E 03                     208          MOVE.L D3, D7  ; bytecode length in bytes  ; [section code]
0058    9F FC 00 00 00 24         209          SUBA.L #LOCAL_SIZE, SP  ; local spill area for pending token metadata and saved PC  ; [section code]
005E    45 EF 00 00               210          LEA 0(SP), A2  ; A2 now points at LOCAL_* slots for the duration of interpretation  ; [section code]
----                              211    ; [section code]
0062    42 81                     212          CLR.L D1  ; emitted token count starts at 0  ; [section code]
0064    42 82                     213          CLR.L D2  ; source cursor starts at column 1 / byte 0  ; [section code]
0066    42 83                     214          CLR.L D3  ; scratch bytes committed starts at 0  ; [section code]
0068    42 AA 00 1C               215          CLR.L LOCAL_STEP_COUNT(A2)  ; [section code]
006C    20 39 00 00 00 00         216          MOVE.L tokvmStepBudget, D0  ; [section code]
0072    25 40 00 20               217          MOVE.L D0, LOCAL_STEP_LIMIT(A2)  ; [section code]
0076    70 FF                     218          MOVEQ #-1, D0  ; sentinel current byte = EOF until ReadChar runs  ; [section code]
0078    25 40 00 00               219          MOVE.L D0, LOCAL_CURRENT_BYTE(A2)  ; [section code]
007C    42 79 00 00 00 12         220          CLR.W tokvmLastFailureKind  ; [section code]
0082    42 79 00 00 00 14         221          CLR.W tokvmLastFailureOperand  ; [section code]
----                              222    ; [section code]
0088    4A 84                     223          TST.L D4  ; reject negative lengths/capacities before dereferencing any caller pointers  ; [section code]
008A    6B 00 04 22               224          BMI tokvmInvalidArgument  ; [section code]
008E    4A 85                     225          TST.L D5  ; [section code]
0090    6B 00 04 1C               226          BMI tokvmInvalidArgument  ; [section code]
0094    4A 86                     227          TST.L D6  ; [section code]
0096    6B 00 04 16               228          BMI tokvmInvalidArgument  ; [section code]
009A    4A 87                     229          TST.L D7  ; [section code]
009C    6B 00 04 10               230          BMI tokvmInvalidArgument  ; [section code]
----                              231    ; [section code]
00A0    4A 84                     232          TST.L D4  ; non-empty source requires a non-null source pointer  ; [section code]
00A2    67 00 00 0A               233          BEQ tokvmCheckTokenPointer  ; [section code]
00A6    20 0C                     234          MOVE.L A4, D0  ; [section code]
00A8    4A 80                     235          TST.L D0  ; [section code]
00AA    67 00 04 02               236          BEQ tokvmInvalidArgument  ; [section code]
----                              237    ; [section code]
----                              238  tokvmCheckTokenPointer  ; [section code]
00AE    4A 85                     239          TST.L D5  ; non-zero token capacity requires a writable token buffer  ; [section code]
00B0    67 00 00 0A               240          BEQ tokvmCheckScratchPointer  ; [section code]
00B4    20 0D                     241          MOVE.L A5, D0  ; [section code]
00B6    4A 80                     242          TST.L D0  ; [section code]
00B8    67 00 03 F4               243          BEQ tokvmInvalidArgument  ; [section code]
----                              244    ; [section code]
----                              245  tokvmCheckScratchPointer  ; [section code]
00BC    4A 86                     246          TST.L D6  ; non-zero scratch capacity requires a writable scratch buffer  ; [section code]
00BE    67 00 00 0A               247          BEQ tokvmCheckProgramPointer  ; [section code]
00C2    20 0E                     248          MOVE.L A6, D0  ; [section code]
00C4    4A 80                     249          TST.L D0  ; [section code]
00C6    67 00 03 E6               250          BEQ tokvmInvalidArgument  ; [section code]
----                              251    ; [section code]
----                              252  tokvmCheckProgramPointer  ; [section code]
00CA    4A 87                     253          TST.L D7  ; bytecode length 0 cannot encode a valid tokenizer program  ; [section code]
00CC    67 00 03 F8               254          BEQ tokvmInvalidProgramAtCursor  ; [section code]
00D0    20 0B                     255          MOVE.L A3, D0  ; [section code]
00D2    4A 80                     256          TST.L D0  ; [section code]
00D4    67 00 03 D8               257          BEQ tokvmInvalidArgument  ; [section code]
----                              258    ; [section code]
00D8    70 00                     259          MOVEQ #0, D0  ; proactively reject CR/LF because this slice models one line-input stream only  ; [section code]
----                              260  tokvmNewlineScanLoop  ; [section code]
00DA    B0 84                     261          CMP.L D4, D0  ; [section code]
00DC    64 00 00 24               262          BCC tokvmNewlineScanDone  ; [section code]
00E0    0C 34 00 0A 08 00         263          CMPI.B #10, 0(A4, D0.L)  ; [section code]
00E6    67 00 00 12               264          BEQ tokvmNewlineUnsupported  ; [section code]
00EA    0C 34 00 0D 08 00         265          CMPI.B #13, 0(A4, D0.L)  ; [section code]
00F0    67 00 00 08               266          BEQ tokvmNewlineUnsupported  ; [section code]
00F4    52 80                     267          ADDQ.L #1, D0  ; [section code]
00F6    60 00 FF E2               268          BRA tokvmNewlineScanLoop  ; [section code]
----                              269    ; [section code]
----                              270  tokvmNewlineUnsupported  ; [section code]
00FA    24 00                     271          MOVE.L D0, D2  ; [section code]
00FC    70 01                     272          MOVEQ #TK_STATUS_NEWLINE_UNSUPPORTED, D0  ; [section code]
00FE    60 00 03 C8               273          BRA tokvmReturn  ; [section code]
----                              274    ; [section code]
----                              275  tokvmNewlineScanDone  ; [section code]
0102    70 00                     276          MOVEQ #0, D0  ; [section code]
0104    30 39 00 00 00 10         277          MOVE.W tokvmProgramStartState, D0  ; [section code]
010A    B0 B9 00 00 00 0C         278          CMP.L tokvmProgramStateCount, D0  ; [section code]
0110    64 00 03 B4               279          BCC tokvmInvalidProgramAtCursor  ; [section code]
0114    22 39 00 00 00 08         280          MOVE.L tokvmProgramStateTablePtr, D1  ; [section code]
011A    4A 81                     281          TST.L D1  ; [section code]
011C    67 00 03 A8               282          BEQ tokvmInvalidProgramAtCursor  ; [section code]
0120    22 41                     283          MOVEA.L D1, A1  ; [section code]
0122    20 31 0D 20 00 00         284          MOVE.L 0.W(A1, D0.L*4), D0  ; [section code]
0128    B0 87                     285          CMP.L D7, D0  ; [section code]
012A    62 00 03 9A               286          BHI tokvmInvalidProgramAtCursor  ; [section code]
012E    41 F3 08 00               287          LEA 0(A3, D0.L), A0  ; [section code]
0132    43 F3 78 00               288          LEA 0(A3, D7.L), A1  ; [section code]
----                              289    ; [section code]
----                              290  ; Main bytecode dispatch loop.  ; [section code]
----                              291  ; A0 is the native program counter, A1 is the bytecode end pointer, D2 is the  ; [section code]
----                              292  ; source cursor, and LOCAL_CURRENT_BYTE stores the last ReadChar result. This  ; [section code]
----                              293  ; corresponds directly to the Rust match over TokenizerVmOpcode.  ; [section code]
----                              294  tokvmProgramLoop  ; [section code]
0136    20 2A 00 1C               295          MOVE.L LOCAL_STEP_COUNT(A2), D0  ; [section code]
013A    52 80                     296          ADDQ.L #1, D0  ; [section code]
013C    25 40 00 1C               297          MOVE.L D0, LOCAL_STEP_COUNT(A2)  ; [section code]
0140    B0 AA 00 20               298          CMP.L LOCAL_STEP_LIMIT(A2), D0  ; [section code]
0144    62 00 03 7A               299          BHI tokvmStepLimitExceeded  ; [section code]
0148    43 F3 78 00               300          LEA 0(A3, D7.L), A1  ; [section code]
014C    B4 84                     301          CMP.L D4, D2  ; [section code]
014E    62 00 03 76               302          BHI tokvmInvalidProgramAtCursor  ; [section code]
0152    B1 C9                     303          CMPA.L A1, A0  ; [section code]
0154    64 00 03 70               304          BCC tokvmInvalidProgramAtCursor  ; [section code]
0158    70 00                     305          MOVEQ #0, D0  ; [section code]
015A    10 18                     306          MOVE.B (A0)+, D0  ; [section code]
----                              307    ; [section code]
----                              308          ; The native slice only implements opcode values 0..18.  ; [section code]
----                              309          ; Unsupported shared VM slots still get explicit table entries so the  ; [section code]
----                              310          ; opcode-to-handler mapping stays visible and future additions stay local.  ; [section code]
015C    0C 00 00 12               311          CMPI.B #TK_OPCODE_SCAN_SYMBOL, D0  ; [section code]
0160    62 00 03 64               312          BHI tokvmInvalidProgramAtCursor  ; [section code]
0164    D0 40                     313          ADD.W D0, D0  ; [section code]
0166    D0 40                     314          ADD.W D0, D0  ; [section code]
0168    43 FA 00 08               315          LEA tokvmOpcodeDispatchTable(PC), A1  ; [section code]
016C    22 71 00 00               316          MOVEA.L 0(A1, D0.W), A1  ; [section code]
0170    4E D1                     317          JMP (A1)  ; [section code]
----                              318    ; [section code]
----                              319  tokvmOpcodeDispatchTable  ; [section code]
0172    00 00 01 BE               320          .long tokvmOpcodeEnd  ; [section code]
0176    00 00 01 CA               321          .long tokvmOpcodeReadChar  ; [section code]
017A    00 00 01 E4               322          .long tokvmOpcodeAdvance  ; [section code]
017E    00 00 01 F0               323          .long tokvmOpcodeStartLexeme  ; [section code]
0182    00 00 02 00               324          .long tokvmOpcodePushChar  ; [section code]
0186    00 00 02 2C               325          .long tokvmOpcodeEmitToken  ; [section code]
018A    00 00 02 4E               326          .long tokvmOpcodeSetState  ; [section code]
018E    00 00 02 D6               327          .long tokvmOpcodeJump  ; [section code]
0192    00 00 02 FE               328          .long tokvmOpcodeJumpIfEol  ; [section code]
0196    00 00 03 2C               329          .long tokvmOpcodeJumpIfByteEq  ; [section code]
019A    00 00 03 76               330          .long tokvmOpcodeJumpIfClass  ; [section code]
019E    00 00 02 92               331          .long tokvmOpcodeFail  ; [section code]
01A2    00 00 02 B4               332          .long tokvmOpcodeEmitDiag  ; [section code]
01A6    00 00 04 C6               333          .long tokvmInvalidProgramAtCursor  ; [section code]
01AA    00 00 04 C6               334          .long tokvmInvalidProgramAtCursor  ; [section code]
01AE    00 00 04 4E               335          .long tokvmOpcodeScanIdentifier  ; [section code]
01B2    00 00 04 66               336          .long tokvmOpcodeScanNumber  ; [section code]
01B6    00 00 04 7E               337          .long tokvmOpcodeScanString  ; [section code]
01BA    00 00 04 96               338          .long tokvmOpcodeScanSymbol  ; [section code]
----                              339    ; [section code]
----                              340  tokvmOpcodeEnd  ; [section code]
01BE    B4 84                     341          CMP.L D4, D2  ; Rust runtime also only accepts END when the source cursor is at EOL  ; [section code]
01C0    66 00 03 04               342          BNE tokvmInvalidProgramAtCursor  ; [section code]
01C4    70 00                     343          MOVEQ #TK_STATUS_SUCCESS, D0  ; [section code]
01C6    60 00 03 00               344          BRA tokvmReturn  ; [section code]
----                              345    ; [section code]
----                              346          ; ReadChar mirrors VmTokenizerInputStream.current_byte(): live bytes are zero-extended  ; [section code]
----                              347          ; into D0 and only EOF uses the -1 sentinel stored in LOCAL_CURRENT_BYTE.  ; [section code]
----                              348  tokvmOpcodeReadChar  ; [section code]
01CA    70 00                     349          MOVEQ #0, D0  ; [section code]
01CC    B4 84                     350          CMP.L D4, D2  ; [section code]
01CE    64 00 00 0A               351          BCC tokvmStoreEofByte  ; [section code]
01D2    10 34 28 00               352          MOVE.B 0(A4, D2.L), D0  ; [section code]
01D6    60 00 00 04               353          BRA tokvmStoreCurrentByte  ; [section code]
----                              354  tokvmStoreEofByte  ; [section code]
01DA    70 FF                     355          MOVEQ #-1, D0  ; [section code]
----                              356  tokvmStoreCurrentByte  ; [section code]
01DC    25 40 00 00               357          MOVE.L D0, LOCAL_CURRENT_BYTE(A2)  ; [section code]
01E0    60 00 FF 54               358          BRA tokvmProgramLoop  ; [section code]
----                              359    ; [section code]
----                              360  tokvmOpcodeAdvance  ; [section code]
01E4    B4 84                     361          CMP.L D4, D2  ; advance saturates at EOL, same as VmTokenizerInputStream.advance()  ; [section code]
01E6    64 00 FF 4E               362          BCC tokvmProgramLoop  ; [section code]
01EA    52 82                     363          ADDQ.L #1, D2  ; [section code]
01EC    60 00 FF 48               364          BRA tokvmProgramLoop  ; [section code]
----                              365    ; [section code]
----                              366  tokvmOpcodeStartLexeme  ; [section code]
01F0    42 AA 00 10               367          CLR.L LOCAL_PENDING_LEX_LEN(A2)  ; [section code]
01F4    25 42 00 08               368          MOVE.L D2, LOCAL_PENDING_START(A2)  ; [section code]
01F8    25 42 00 0C               369          MOVE.L D2, LOCAL_PENDING_END(A2)  ; [section code]
01FC    60 00 FF 38               370          BRA tokvmProgramLoop  ; [section code]
----                              371    ; [section code]
----                              372  tokvmOpcodePushChar  ; [section code]
0200    20 2A 00 00               373          MOVE.L LOCAL_CURRENT_BYTE(A2), D0  ; [section code]
0204    4A 80                     374          TST.L D0  ; [section code]
0206    6B 00 02 BE               375          BMI tokvmInvalidProgramAtCursor  ; [section code]
020A    22 03                     376          MOVE.L D3, D1  ; [section code]
020C    D2 AA 00 10               377          ADD.L LOCAL_PENDING_LEX_LEN(A2), D1  ; [section code]
0210    B2 86                     378          CMP.L D6, D1  ; [section code]
0212    64 00 03 22               379          BCC tokvmPendingLexemeOverflow  ; [section code]
0216    22 4E                     380          MOVEA.L A6, A1  ; [section code]
0218    D3 C1                     381          ADDA.L D1, A1  ; [section code]
021A    12 80                     382          MOVE.B D0, (A1)  ; [section code]
021C    52 AA 00 10               383          ADDQ.L #1, LOCAL_PENDING_LEX_LEN(A2)  ; [section code]
0220    22 02                     384          MOVE.L D2, D1  ; [section code]
0222    52 81                     385          ADDQ.L #1, D1  ; [section code]
0224    25 41 00 0C               386          MOVE.L D1, LOCAL_PENDING_END(A2)  ; [section code]
0228    60 00 FF 0C               387          BRA tokvmProgramLoop  ; [section code]
----                              388    ; [section code]
----                              389  tokvmOpcodeEmitToken  ; [section code]
022C    43 F3 78 00               390          LEA 0(A3, D7.L), A1  ; [section code]
0230    B1 C9                     391          CMPA.L A1, A0  ; [section code]
0232    64 00 02 92               392          BCC tokvmInvalidProgramAtCursor  ; [section code]
0236    70 00                     393          MOVEQ #0, D0  ; [section code]
0238    10 18                     394          MOVE.B (A0)+, D0  ; [section code]
023A    35 40 00 04               395          MOVE.W D0, LOCAL_PENDING_KIND(A2)  ; [section code]
023E    4E B9 00 00 04 D4         396          JSR tokvmCommitPendingToken  ; [section code]
0244    4A 80                     397          TST.L D0  ; [section code]
0246    66 00 02 80               398          BNE tokvmReturn  ; [section code]
024A    60 00 FE EA               399          BRA tokvmProgramLoop  ; [section code]
----                              400    ; [section code]
----                              401  tokvmOpcodeSetState  ; [section code]
024E    20 08                     402          MOVE.L A0, D0  ; [section code]
0250    90 8B                     403          SUB.L A3, D0  ; [section code]
0252    54 80                     404          ADDQ.L #2, D0  ; [section code]
0254    B0 87                     405          CMP.L D7, D0  ; [section code]
0256    62 00 02 6E               406          BHI tokvmInvalidProgramAtCursor  ; [section code]
025A    70 00                     407          MOVEQ #0, D0  ; [section code]
025C    10 18                     408          MOVE.B (A0)+, D0  ; [section code]
025E    72 00                     409          MOVEQ #0, D1  ; [section code]
0260    12 18                     410          MOVE.B (A0)+, D1  ; [section code]
0262    E1 49                     411          LSL.W #8, D1  ; [section code]
0264    80 41                     412          OR.W D1, D0  ; [section code]
0266    B0 B9 00 00 00 0C         413          CMP.L tokvmProgramStateCount, D0  ; [section code]
026C    64 00 02 58               414          BCC tokvmInvalidProgramAtCursor  ; [section code]
0270    22 39 00 00 00 08         415          MOVE.L tokvmProgramStateTablePtr, D1  ; [section code]
0276    4A 81                     416          TST.L D1  ; [section code]
0278    67 00 02 4C               417          BEQ tokvmInvalidProgramAtCursor  ; [section code]
027C    22 41                     418          MOVEA.L D1, A1  ; [section code]
027E    20 31 0D 20 00 00         419          MOVE.L 0.W(A1, D0.L*4), D0  ; [section code]
0284    B0 87                     420          CMP.L D7, D0  ; [section code]
0286    62 00 02 3E               421          BHI tokvmInvalidProgramAtCursor  ; [section code]
028A    41 F3 08 00               422          LEA 0(A3, D0.L), A0  ; [section code]
028E    60 00 FE A6               423          BRA tokvmProgramLoop  ; [section code]
----                              424    ; [section code]
----                              425  tokvmOpcodeFail  ; [section code]
0292    20 08                     426          MOVE.L A0, D0  ; [section code]
0294    90 8B                     427          SUB.L A3, D0  ; [section code]
0296    52 80                     428          ADDQ.L #1, D0  ; [section code]
0298    B0 87                     429          CMP.L D7, D0  ; [section code]
029A    62 00 02 2A               430          BHI tokvmInvalidProgramAtCursor  ; [section code]
029E    70 00                     431          MOVEQ #0, D0  ; [section code]
02A0    10 18                     432          MOVE.B (A0)+, D0  ; [section code]
02A2    33 FC 00 01 00 00 00 12   433          MOVE.W #TK_VM_FAILURE_KIND_FAIL, tokvmLastFailureKind  ; [section code]
02AA    33 C0 00 00 00 14         434          MOVE.W D0, tokvmLastFailureOperand  ; [section code]
02B0    60 00 02 08               435          BRA tokvmVmFailureAtCursor  ; [section code]
----                              436    ; [section code]
----                              437  tokvmOpcodeEmitDiag  ; [section code]
02B4    20 08                     438          MOVE.L A0, D0  ; [section code]
02B6    90 8B                     439          SUB.L A3, D0  ; [section code]
02B8    52 80                     440          ADDQ.L #1, D0  ; [section code]
02BA    B0 87                     441          CMP.L D7, D0  ; [section code]
02BC    62 00 02 08               442          BHI tokvmInvalidProgramAtCursor  ; [section code]
02C0    70 00                     443          MOVEQ #0, D0  ; [section code]
02C2    10 18                     444          MOVE.B (A0)+, D0  ; [section code]
02C4    33 FC 00 02 00 00 00 12   445          MOVE.W #TK_VM_FAILURE_KIND_EMIT_DIAG, tokvmLastFailureKind  ; [section code]
02CC    33 C0 00 00 00 14         446          MOVE.W D0, tokvmLastFailureOperand  ; [section code]
02D2    60 00 01 E6               447          BRA tokvmVmFailureAtCursor  ; [section code]
----                              448    ; [section code]
----                              449  ; Jump operands are encoded little-endian in the VM bytecode because the Rust  ; [section code]
----                              450  ; builder writes u32 targets with to_le_bytes(). The 68020 reads longwords as  ; [section code]
----                              451  ; big-endian, so these rotations perform the byte swap before converting the  ; [section code]
----                              452  ; offset back into an A3-relative program counter.  ; [section code]
----                              453  tokvmOpcodeJump  ; [section code]
02D6    20 08                     454          MOVE.L A0, D0  ; [section code]
02D8    90 8B                     455          SUB.L A3, D0  ; [section code]
02DA    58 80                     456          ADDQ.L #4, D0  ; [section code]
02DC    B0 87                     457          CMP.L D7, D0  ; [section code]
02DE    62 00 01 E6               458          BHI tokvmInvalidProgramAtCursor  ; [section code]
02E2    20 10                     459          MOVE.L (A0), D0  ; [section code]
02E4    E0 58                     460          ROR.W #8, D0  ; [section code]
02E6    48 40                     461          SWAP D0  ; [section code]
02E8    E0 58                     462          ROR.W #8, D0  ; [section code]
02EA    D1 FC 00 00 00 04         463          ADDA.L #4, A0  ; [section code]
02F0    B0 87                     464          CMP.L D7, D0  ; [section code]
02F2    62 00 01 D2               465          BHI tokvmInvalidProgramAtCursor  ; [section code]
02F6    41 F3 08 00               466          LEA 0(A3, D0.L), A0  ; [section code]
02FA    60 00 FE 3A               467          BRA tokvmProgramLoop  ; [section code]
----                              468    ; [section code]
----                              469  tokvmOpcodeJumpIfEol  ; [section code]
02FE    20 08                     470          MOVE.L A0, D0  ; [section code]
0300    90 8B                     471          SUB.L A3, D0  ; [section code]
0302    58 80                     472          ADDQ.L #4, D0  ; [section code]
0304    B0 87                     473          CMP.L D7, D0  ; [section code]
0306    62 00 01 BE               474          BHI tokvmInvalidProgramAtCursor  ; [section code]
030A    20 10                     475          MOVE.L (A0), D0  ; [section code]
030C    E0 58                     476          ROR.W #8, D0  ; [section code]
030E    48 40                     477          SWAP D0  ; [section code]
0310    E0 58                     478          ROR.W #8, D0  ; [section code]
0312    D1 FC 00 00 00 04         479          ADDA.L #4, A0  ; [section code]
0318    B4 84                     480          CMP.L D4, D2  ; [section code]
031A    66 00 FE 1A               481          BNE tokvmProgramLoop  ; [section code]
031E    B0 87                     482          CMP.L D7, D0  ; [section code]
0320    62 00 01 A4               483          BHI tokvmInvalidProgramAtCursor  ; [section code]
0324    41 F3 08 00               484          LEA 0(A3, D0.L), A0  ; [section code]
0328    60 00 FE 0C               485          BRA tokvmProgramLoop  ; [section code]
----                              486    ; [section code]
----                              487  tokvmOpcodeJumpIfByteEq  ; [section code]
032C    20 08                     488          MOVE.L A0, D0  ; [section code]
032E    90 8B                     489          SUB.L A3, D0  ; [section code]
0330    5A 80                     490          ADDQ.L #5, D0  ; [section code]
0332    B0 87                     491          CMP.L D7, D0  ; [section code]
0334    62 00 01 90               492          BHI tokvmInvalidProgramAtCursor  ; [section code]
0338    70 00                     493          MOVEQ #0, D0  ; [section code]
033A    10 18                     494          MOVE.B (A0)+, D0  ; operand 0 = byte literal to compare against LOCAL_CURRENT_BYTE  ; [section code]
033C    35 40 00 04               495          MOVE.W D0, LOCAL_PENDING_KIND(A2)  ; [section code]
0340    20 10                     496          MOVE.L (A0), D0  ; [section code]
0342    E0 58                     497          ROR.W #8, D0  ; [section code]
0344    48 40                     498          SWAP D0  ; [section code]
0346    E0 58                     499          ROR.W #8, D0  ; [section code]
0348    D1 FC 00 00 00 04         500          ADDA.L #4, A0  ; [section code]
034E    25 40 00 14               501          MOVE.L D0, LOCAL_TEMP_U32(A2)  ; [section code]
0352    20 2A 00 00               502          MOVE.L LOCAL_CURRENT_BYTE(A2), D0  ; no jump fires at EOF, matching Rust's Option<u8>-based predicate path  ; [section code]
0356    4A 80                     503          TST.L D0  ; [section code]
0358    6B 00 FD DC               504          BMI tokvmProgramLoop  ; [section code]
035C    B0 6A 00 04               505          CMP.W LOCAL_PENDING_KIND(A2), D0  ; [section code]
0360    66 00 FD D4               506          BNE tokvmProgramLoop  ; [section code]
0364    20 2A 00 14               507          MOVE.L LOCAL_TEMP_U32(A2), D0  ; [section code]
0368    B0 87                     508          CMP.L D7, D0  ; [section code]
036A    62 00 01 5A               509          BHI tokvmInvalidProgramAtCursor  ; [section code]
036E    41 F3 08 00               510          LEA 0(A3, D0.L), A0  ; [section code]
0372    60 00 FD C2               511          BRA tokvmProgramLoop  ; [section code]
----                              512    ; [section code]
----                              513  tokvmOpcodeJumpIfClass  ; [section code]
0376    20 08                     514          MOVE.L A0, D0  ; [section code]
0378    90 8B                     515          SUB.L A3, D0  ; [section code]
037A    5A 80                     516          ADDQ.L #5, D0  ; [section code]
037C    B0 87                     517          CMP.L D7, D0  ; [section code]
037E    62 00 01 46               518          BHI tokvmInvalidProgramAtCursor  ; [section code]
0382    70 00                     519          MOVEQ #0, D0  ; [section code]
0384    10 18                     520          MOVE.B (A0)+, D0  ; operand 0 = compact character-class id from builder.rs default demo loop  ; [section code]
0386    35 40 00 04               521          MOVE.W D0, LOCAL_PENDING_KIND(A2)  ; [section code]
038A    20 10                     522          MOVE.L (A0), D0  ; [section code]
038C    E0 58                     523          ROR.W #8, D0  ; [section code]
038E    48 40                     524          SWAP D0  ; [section code]
0390    E0 58                     525          ROR.W #8, D0  ; [section code]
0392    D1 FC 00 00 00 04         526          ADDA.L #4, A0  ; [section code]
0398    25 40 00 14               527          MOVE.L D0, LOCAL_TEMP_U32(A2)  ; [section code]
039C    20 2A 00 00               528          MOVE.L LOCAL_CURRENT_BYTE(A2), D0  ; EOF never matches a class, same as vm_char_class_matches(None, ...)  ; [section code]
03A0    4A 80                     529          TST.L D0  ; [section code]
03A2    6B 00 FD 92               530          BMI tokvmProgramLoop  ; [section code]
03A6    70 00                     531          MOVEQ #0, D0  ; [section code]
03A8    30 2A 00 04               532          MOVE.W LOCAL_PENDING_KIND(A2), D0  ; [section code]
03AC    0C 00 00 01               533          CMPI.B #1, D0  ; [section code]
03B0    67 00 00 26               534          BEQ tokvmClassWhitespace  ; [section code]
03B4    0C 00 00 02               535          CMPI.B #2, D0  ; [section code]
03B8    67 00 00 32               536          BEQ tokvmClassIdentStart  ; [section code]
03BC    0C 00 00 03               537          CMPI.B #3, D0  ; [section code]
03C0    67 00 00 3E               538          BEQ tokvmClassIdentContinue  ; [section code]
03C4    0C 00 00 04               539          CMPI.B #4, D0  ; [section code]
03C8    67 00 00 4A               540          BEQ tokvmClassDigit  ; [section code]
03CC    0C 00 00 05               541          CMPI.B #5, D0  ; [section code]
03D0    67 00 00 5A               542          BEQ tokvmClassQuote  ; [section code]
03D4    60 00 FD 60               543          BRA tokvmProgramLoop  ; [section code]
----                              544    ; [section code]
----                              545  tokvmClassWhitespace  ; [section code]
----                              546          ; Class 1 is intentionally tiny in this first slice: only inline space  ; [section code]
----                              547          ; and tab are skipped by the demo loop because CR/LF are rejected up front.  ; [section code]
03D8    20 2A 00 00               548          MOVE.L LOCAL_CURRENT_BYTE(A2), D0  ; [section code]
03DC    4E B9 00 00 0B F0         549          JSR tokvmIsWhitespace  ; [section code]
03E2    4A 80                     550          TST.L D0  ; [section code]
03E4    67 00 FD 50               551          BEQ tokvmProgramLoop  ; [section code]
03E8    60 00 00 52               552          BRA tokvmApplyClassJump  ; [section code]
----                              553    ; [section code]
----                              554  tokvmClassIdentStart  ; [section code]
----                              555          ; Class 2 mirrors the Rust identifier-start mask used by the default  ; [section code]
----                              556          ; tokenizer VM policy for ASCII letters, underscore, and dot.  ; [section code]
03EC    20 2A 00 00               557          MOVE.L LOCAL_CURRENT_BYTE(A2), D0  ; [section code]
03F0    4E B9 00 00 0C 04         558          JSR tokvmIsIdentifierStart  ; [section code]
03F6    4A 80                     559          TST.L D0  ; [section code]
03F8    67 00 FD 3C               560          BEQ tokvmProgramLoop  ; [section code]
03FC    60 00 00 3E               561          BRA tokvmApplyClassJump  ; [section code]
----                              562    ; [section code]
----                              563  tokvmClassIdentContinue  ; [section code]
----                              564          ; Class 3 is wider than the start class so identifiers can continue with  ; [section code]
----                              565          ; digits and assembler-flavored suffix bytes such as '$' and '@'.  ; [section code]
0400    20 2A 00 00               566          MOVE.L LOCAL_CURRENT_BYTE(A2), D0  ; [section code]
0404    4E B9 00 00 0C 38         567          JSR tokvmIsIdentifierContinue  ; [section code]
040A    4A 80                     568          TST.L D0  ; [section code]
040C    67 00 FD 28               569          BEQ tokvmProgramLoop  ; [section code]
0410    60 00 00 2A               570          BRA tokvmApplyClassJump  ; [section code]
----                              571    ; [section code]
----                              572  tokvmClassDigit  ; [section code]
----                              573          ; Class 4 is kept inline because the Rust helper ultimately reduces to an  ; [section code]
----                              574          ; ASCII digit check for the default family tokenizer program.  ; [section code]
0414    20 2A 00 00               575          MOVE.L LOCAL_CURRENT_BYTE(A2), D0  ; [section code]
0418    0C 00 00 30               576          CMPI.B #'0', D0  ; [section code]
041C    65 00 FD 18               577          BLO tokvmProgramLoop  ; [section code]
0420    0C 00 00 39               578          CMPI.B #'9', D0  ; [section code]
0424    62 00 FD 10               579          BHI tokvmProgramLoop  ; [section code]
0428    60 00 00 12               580          BRA tokvmApplyClassJump  ; [section code]
----                              581    ; [section code]
----                              582  tokvmClassQuote  ; [section code]
----                              583          ; Class 5 delegates to the same quote-set logic reused by string scanning.  ; [section code]
042C    20 2A 00 00               584          MOVE.L LOCAL_CURRENT_BYTE(A2), D0  ; [section code]
0430    4E B9 00 00 0C 8C         585          JSR tokvmIsQuoteChar  ; [section code]
0436    4A 80                     586          TST.L D0  ; [section code]
0438    67 00 FC FC               587          BEQ tokvmProgramLoop  ; [section code]
----                              588    ; [section code]
----                              589  tokvmApplyClassJump  ; [section code]
043C    20 2A 00 14               590          MOVE.L LOCAL_TEMP_U32(A2), D0  ; [section code]
0440    B0 87                     591          CMP.L D7, D0  ; [section code]
0442    62 00 00 82               592          BHI tokvmInvalidProgramAtCursor  ; [section code]
0446    41 F3 08 00               593          LEA 0(A3, D0.L), A0  ; [section code]
044A    60 00 FC EA               594          BRA tokvmProgramLoop  ; [section code]
----                              595    ; [section code]
----                              596  ; The scan helpers below mirror vm_scan_identifier_token,  ; [section code]
----                              597  ; vm_scan_number_token, vm_scan_string_token, and vm_scan_symbol_token in  ; [section code]
----                              598  ; tokenizer_runtime_utils.rs. The helper bodies reuse A0, so the interpreter  ; [section code]
----                              599  ; saves and restores the native program counter around each call.  ; [section code]
----                              600  tokvmOpcodeScanIdentifier  ; [section code]
044E    25 48 00 18               601          MOVE.L A0, LOCAL_PROGRAM_COUNTER(A2)  ; [section code]
0452    4E B9 00 00 05 68         602          JSR tokvmScanIdentifierToken  ; [section code]
0458    4A 80                     603          TST.L D0  ; [section code]
045A    66 00 00 6C               604          BNE tokvmReturn  ; [section code]
045E    20 6A 00 18               605          MOVEA.L LOCAL_PROGRAM_COUNTER(A2), A0  ; [section code]
0462    60 00 FC D2               606          BRA tokvmProgramLoop  ; [section code]
----                              607    ; [section code]
----                              608  tokvmOpcodeScanNumber  ; [section code]
0466    25 48 00 18               609          MOVE.L A0, LOCAL_PROGRAM_COUNTER(A2)  ; [section code]
046A    4E B9 00 00 05 D0         610          JSR tokvmScanNumberToken  ; [section code]
0470    4A 80                     611          TST.L D0  ; [section code]
0472    66 00 00 54               612          BNE tokvmReturn  ; [section code]
0476    20 6A 00 18               613          MOVEA.L LOCAL_PROGRAM_COUNTER(A2), A0  ; [section code]
047A    60 00 FC BA               614          BRA tokvmProgramLoop  ; [section code]
----                              615    ; [section code]
----                              616  tokvmOpcodeScanString  ; [section code]
047E    25 48 00 18               617          MOVE.L A0, LOCAL_PROGRAM_COUNTER(A2)  ; [section code]
0482    4E B9 00 00 06 20         618          JSR tokvmScanStringToken  ; [section code]
0488    4A 80                     619          TST.L D0  ; [section code]
048A    66 00 00 3C               620          BNE tokvmReturn  ; [section code]
048E    20 6A 00 18               621          MOVEA.L LOCAL_PROGRAM_COUNTER(A2), A0  ; [section code]
0492    60 00 FC A2               622          BRA tokvmProgramLoop  ; [section code]
----                              623    ; [section code]
----                              624  tokvmOpcodeScanSymbol  ; [section code]
0496    25 48 00 18               625          MOVE.L A0, LOCAL_PROGRAM_COUNTER(A2)  ; [section code]
049A    4E B9 00 00 07 20         626          JSR tokvmScanSymbolToken  ; [section code]
04A0    4A 80                     627          TST.L D0  ; [section code]
04A2    66 00 00 24               628          BNE tokvmReturn  ; [section code]
04A6    20 6A 00 18               629          MOVEA.L LOCAL_PROGRAM_COUNTER(A2), A0  ; [section code]
04AA    60 00 FC 8A               630          BRA tokvmProgramLoop  ; [section code]
----                              631    ; [section code]
----                              632  tokvmInvalidArgument  ; [section code]
04AE    42 81                     633          CLR.L D1  ; [section code]
04B0    42 82                     634          CLR.L D2  ; [section code]
04B2    42 83                     635          CLR.L D3  ; [section code]
04B4    70 05                     636          MOVEQ #TK_STATUS_INVALID_ARGUMENT, D0  ; [section code]
04B6    60 00 00 10               637          BRA tokvmReturn  ; [section code]
----                              638    ; [section code]
----                              639  tokvmVmFailureAtCursor  ; [section code]
04BA    70 04                     640          MOVEQ #TK_STATUS_VM_FAILURE, D0  ; [section code]
04BC    60 00 00 0A               641          BRA tokvmReturn  ; [section code]
----                              642    ; [section code]
----                              643  tokvmStepLimitExceeded  ; [section code]
04C0    70 07                     644          MOVEQ #TK_STATUS_STEP_LIMIT_EXCEEDED, D0  ; [section code]
04C2    60 00 00 04               645          BRA tokvmReturn  ; [section code]
----                              646    ; [section code]
----                              647  ; Invalid program is reserved for truncated bytecode, bad jump targets, or  ; [section code]
----                              648  ; opcode/operand combinations that the native interpreter refuses to execute.  ; [section code]
----                              649  tokvmInvalidProgramAtCursor  ; [section code]
04C6    70 06                     650          MOVEQ #TK_STATUS_INVALID_PROGRAM, D0  ; [section code]
----                              651    ; [section code]
----                              652  tokvmReturn  ; [section code]
04C8    DF FC 00 00 00 24         653          ADDA.L #LOCAL_SIZE, SP  ; [section code]
04CE    4C DF 70 F0               654          MOVEM.L (SP)+, D4-D7/A4-A6  ; [section code]
04D2    4E 75                     655          RTS  ; [section code]
----                              656    ; [section code]
----                              657  ; ---------------------------------------------------------------------------  ; [section code]
----                              658  ; Native token record staging and commit.  ; [section code]
----                              659  ;  ; [section code]
----                              660  ; Each committed record is 20 bytes in tokenBuffer:  ; [section code]
----                              661  ; - word 0: token kind code  ; [section code]
----                              662  ; - long 4: 1-based start column  ; [section code]
----                              663  ; - long 8: 1-based end column  ; [section code]
----                              664  ; - long 12: lexemeScratch offset  ; [section code]
----                              665  ; - long 16: lexeme length in bytes  ; [section code]
----                              666  ;  ; [section code]
----                              667  ; This is the compact native surface that the asm tests decode back into the  ; [section code]
----                              668  ; OPFORGE-TOKVM 1 report format.  ; [section code]
----                              669  ; ---------------------------------------------------------------------------  ; [section code]
----                              670    ; [section code]
----                              671  tokvmCommitPendingToken  ; [section code]
04D4    B2 85                     672          CMP.L D5, D1  ; token_count < token_capacity  ; [section code]
04D6    64 00 00 56               673          BCC tokvmPendingTokenOverflow  ; [section code]
04DA    20 03                     674          MOVE.L D3, D0  ; scratch_used + pending_len must stay within scratch_capacity  ; [section code]
04DC    D0 AA 00 10               675          ADD.L LOCAL_PENDING_LEX_LEN(A2), D0  ; [section code]
04E0    B0 86                     676          CMP.L D6, D0  ; [section code]
04E2    62 00 00 52               677          BHI tokvmPendingLexemeOverflow  ; [section code]
04E6    20 01                     678          MOVE.L D1, D0  ; compute record_index * TOKEN_RECORD_SIZE without a MUL dependency  ; [section code]
04E8    D0 80                     679          ADD.L D0, D0  ; *2  ; [section code]
04EA    20 40                     680          MOVEA.L D0, A0  ; [section code]
04EC    D0 80                     681          ADD.L D0, D0  ; *4  ; [section code]
04EE    D0 80                     682          ADD.L D0, D0  ; *8  ; [section code]
04F0    D0 80                     683          ADD.L D0, D0  ; *16  ; [section code]
04F2    D1 C0                     684          ADDA.L D0, A0  ; *18  ; [section code]
04F4    20 01                     685          MOVE.L D1, D0  ; [section code]
04F6    D0 80                     686          ADD.L D0, D0  ; +2 => *20 byte stride  ; [section code]
04F8    D1 C0                     687          ADDA.L D0, A0  ; [section code]
04FA    22 4D                     688          MOVEA.L A5, A1  ; [section code]
04FC    D3 C8                     689          ADDA.L A0, A1  ; [section code]
04FE    32 AA 00 04               690          MOVE.W LOCAL_PENDING_KIND(A2), (A1)  ; field 0: token kind code  ; [section code]
0502    42 69 00 02               691          CLR.W 2(A1)  ; [section code]
0506    20 2A 00 08               692          MOVE.L LOCAL_PENDING_START(A2), D0  ; field 4: 1-based start column  ; [section code]
050A    52 80                     693          ADDQ.L #1, D0  ; [section code]
050C    23 40 00 04               694          MOVE.L D0, 4(A1)  ; [section code]
0510    20 2A 00 0C               695          MOVE.L LOCAL_PENDING_END(A2), D0  ; field 8: 1-based end column  ; [section code]
0514    52 80                     696          ADDQ.L #1, D0  ; [section code]
0516    23 40 00 08               697          MOVE.L D0, 8(A1)  ; [section code]
051A    23 43 00 0C               698          MOVE.L D3, 12(A1)  ; field 12: lexeme offset into scratch  ; [section code]
051E    23 6A 00 10 00 10         699          MOVE.L LOCAL_PENDING_LEX_LEN(A2), 16(A1)  ; field 16: lexeme length in bytes  ; [section code]
0524    52 81                     700          ADDQ.L #1, D1  ; [section code]
0526    D6 AA 00 10               701          ADD.L LOCAL_PENDING_LEX_LEN(A2), D3  ; [section code]
052A    70 00                     702          MOVEQ #TK_STATUS_SUCCESS, D0  ; [section code]
052C    4E 75                     703          RTS  ; [section code]
----                              704    ; [section code]
----                              705  ; Overflow exits report the start column of the token that could not be fully  ; [section code]
----                              706  ; materialized. This matches the Rust-side behavior of attributing capacity  ; [section code]
----                              707  ; failures to the token currently being scanned rather than the following byte.  ; [section code]
----                              708  tokvmPendingTokenOverflow  ; [section code]
052E    24 2A 00 08               709          MOVE.L LOCAL_PENDING_START(A2), D2  ; [section code]
0532    70 02                     710          MOVEQ #TK_STATUS_TOKEN_OVERFLOW, D0  ; [section code]
0534    4E 75                     711          RTS  ; [section code]
----                              712    ; [section code]
----                              713  tokvmPendingLexemeOverflow  ; [section code]
0536    24 2A 00 08               714          MOVE.L LOCAL_PENDING_START(A2), D2  ; [section code]
053A    70 03                     715          MOVEQ #TK_STATUS_LEXEME_OVERFLOW, D0  ; [section code]
053C    4E 75                     716          RTS  ; [section code]
----                              717    ; [section code]
----                              718  ; Stage a fixed lexeme literal from the static data table into scratch.  ; [section code]
----                              719  ; This is used for punctuation and operator tokens whose lexeme spelling is  ; [section code]
----                              720  ; known upfront and does not need to be copied from the source buffer.  ; [section code]
----                              721  tokvmStageFixedLexeme  ; [section code]
053E    25 40 00 10               722          MOVE.L D0, LOCAL_PENDING_LEX_LEN(A2)  ; fixed operator/punctuation lexeme length from the inline template string  ; [section code]
0542    20 03                     723          MOVE.L D3, D0  ; [section code]
0544    D0 AA 00 10               724          ADD.L LOCAL_PENDING_LEX_LEN(A2), D0  ; [section code]
0548    B0 86                     725          CMP.L D6, D0  ; [section code]
054A    62 00 FF EA               726          BHI tokvmPendingLexemeOverflow  ; [section code]
054E    22 4E                     727          MOVEA.L A6, A1  ; [section code]
0550    D3 C3                     728          ADDA.L D3, A1  ; [section code]
0552    20 2A 00 10               729          MOVE.L LOCAL_PENDING_LEX_LEN(A2), D0  ; [section code]
----                              730  tokvmStageFixedLexemeLoop  ; [section code]
0556    4A 80                     731          TST.L D0  ; [section code]
0558    67 00 00 0A               732          BEQ tokvmStageFixedLexemeDone  ; [section code]
055C    12 D8                     733          MOVE.B (A0)+, (A1)+  ; copy the canonical lexeme bytes that Rust would expose in PortableToken text/raw  ; [section code]
055E    53 80                     734          SUBQ.L #1, D0  ; [section code]
0560    60 00 FF F4               735          BRA tokvmStageFixedLexemeLoop  ; [section code]
----                              736    ; [section code]
----                              737  tokvmStageFixedLexemeDone  ; [section code]
0564    70 00                     738          MOVEQ #TK_STATUS_SUCCESS, D0  ; [section code]
0566    4E 75                     739          RTS  ; [section code]
----                              740    ; [section code]
----                              741  ; ---------------------------------------------------------------------------  ; [section code]
----                              742  ; Scanner helpers.  ; [section code]
----                              743  ;  ; [section code]
----                              744  ; These are the native counterparts of the Rust tokenizer helper routines in  ; [section code]
----                              745  ; tokenizer_runtime_utils.rs. Each helper advances D2 as the live source cursor,  ; [section code]
----                              746  ; populates LOCAL_PENDING_* metadata, stages lexeme bytes into the scratch  ; [section code]
----                              747  ; buffer, then commits a token record.  ; [section code]
----                              748  ; ---------------------------------------------------------------------------  ; [section code]
----                              749    ; [section code]
----                              750  tokvmScanIdentifierToken  ; [section code]
----                              751          ; Identifier scan is the native mirror of vm_scan_identifier_token():  ; [section code]
----                              752          ; walk identifier-continue bytes, lowercase ASCII letters for the demo  ; [section code]
----                              753          ; policy, then emit one identifier record backed by scratch bytes.  ; [section code]
0568    25 42 00 08               754          MOVE.L D2, LOCAL_PENDING_START(A2)  ; [section code]
056C    42 AA 00 10               755          CLR.L LOCAL_PENDING_LEX_LEN(A2)  ; [section code]
0570    20 4E                     756          MOVEA.L A6, A0  ; [section code]
0572    D1 C3                     757          ADDA.L D3, A0  ; [section code]
----                              758    ; [section code]
----                              759  tokvmScanIdentifierLoop  ; [section code]
----                              760          ; D2 stays as the source cursor, A0 walks the next free scratch byte,  ; [section code]
----                              761          ; and LOCAL_PENDING_LEX_LEN grows in lockstep so commit can later write  ; [section code]
----                              762          ; both the source span and scratch payload length into the token record.  ; [section code]
0574    B4 84                     763          CMP.L D4, D2  ; [section code]
0576    64 00 00 46               764          BCC tokvmScanIdentifierDone  ; [section code]
057A    70 00                     765          MOVEQ #0, D0  ; [section code]
057C    10 34 28 00               766          MOVE.B 0(A4, D2.L), D0  ; [section code]
0580    4E B9 00 00 0C 38         767          JSR tokvmIsIdentifierContinue  ; mirrors vm_matches_identifier_continue_class()  ; [section code]
0586    4A 80                     768          TST.L D0  ; [section code]
0588    67 00 00 34               769          BEQ tokvmScanIdentifierDone  ; [section code]
058C    20 03                     770          MOVE.L D3, D0  ; [section code]
058E    D0 AA 00 10               771          ADD.L LOCAL_PENDING_LEX_LEN(A2), D0  ; [section code]
0592    B0 86                     772          CMP.L D6, D0  ; [section code]
0594    64 00 06 52               773          BCC tokvmPendingLexemeOverflowFromScan  ; [section code]
0598    70 00                     774          MOVEQ #0, D0  ; [section code]
059A    10 34 28 00               775          MOVE.B 0(A4, D2.L), D0  ; [section code]
059E    0C 00 00 41               776          CMPI.B #'A', D0  ; [section code]
05A2    65 00 00 0E               777          BLO tokvmCopyIdentifierByte  ; [section code]
05A6    0C 00 00 5A               778          CMPI.B #'Z', D0  ; [section code]
05AA    62 00 00 06               779          BHI tokvmCopyIdentifierByte  ; [section code]
05AE    00 00 00 20               780          ORI.B #$20, D0  ; native demo bakes in ASCII-lower identifier normalization used by the Rust bridge tests  ; [section code]
----                              781  tokvmCopyIdentifierByte  ; [section code]
05B2    10 C0                     782          MOVE.B D0, (A0)+  ; [section code]
05B4    52 82                     783          ADDQ.L #1, D2  ; [section code]
05B6    52 AA 00 10               784          ADDQ.L #1, LOCAL_PENDING_LEX_LEN(A2)  ; [section code]
05BA    60 00 FF B8               785          BRA tokvmScanIdentifierLoop  ; [section code]
----                              786    ; [section code]
----                              787  tokvmScanIdentifierDone  ; [section code]
----                              788          ; Identifier spans are half-open in cursor space and become 1-based only  ; [section code]
----                              789          ; when tokvmCommitPendingToken serializes them into the native record.  ; [section code]
05BE    35 7C 00 00 00 04         790          MOVE.W #TK_KIND_IDENTIFIER, LOCAL_PENDING_KIND(A2)  ; [section code]
05C4    25 42 00 0C               791          MOVE.L D2, LOCAL_PENDING_END(A2)  ; [section code]
05C8    4E B9 00 00 04 D4         792          JSR tokvmCommitPendingToken  ; [section code]
05CE    4E 75                     793          RTS  ; [section code]
----                              794    ; [section code]
----                              795  tokvmScanNumberToken  ; [section code]
----                              796          ; Number scan accepts the same permissive body bytes as the Rust helper,  ; [section code]
----                              797          ; leaving base interpretation to downstream token consumers/report logic.  ; [section code]
05D0    25 42 00 08               798          MOVE.L D2, LOCAL_PENDING_START(A2)  ; [section code]
05D4    42 AA 00 10               799          CLR.L LOCAL_PENDING_LEX_LEN(A2)  ; [section code]
05D8    20 4E                     800          MOVEA.L A6, A0  ; [section code]
05DA    D1 C3                     801          ADDA.L D3, A0  ; [section code]
----                              802    ; [section code]
----                              803  tokvmScanNumberLoop  ; [section code]
----                              804          ; Number scanning intentionally keeps the raw source spelling, including  ; [section code]
----                              805          ; prefixes/suffixes/underscores, so later consumers can decide how to  ; [section code]
----                              806          ; interpret base markers just like the Rust runtime does.  ; [section code]
05DC    B4 84                     807          CMP.L D4, D2  ; [section code]
05DE    64 00 00 2E               808          BCC tokvmScanNumberDone  ; [section code]
05E2    70 00                     809          MOVEQ #0, D0  ; [section code]
05E4    10 34 28 00               810          MOVE.B 0(A4, D2.L), D0  ; [section code]
05E8    4E B9 00 00 0C A0         811          JSR tokvmIsNumberBody  ; same permissive number-body walk as vm_scan_number_token()  ; [section code]
05EE    4A 80                     812          TST.L D0  ; [section code]
05F0    67 00 00 1C               813          BEQ tokvmScanNumberDone  ; [section code]
05F4    20 03                     814          MOVE.L D3, D0  ; [section code]
05F6    D0 AA 00 10               815          ADD.L LOCAL_PENDING_LEX_LEN(A2), D0  ; [section code]
05FA    B0 86                     816          CMP.L D6, D0  ; [section code]
05FC    64 00 05 EA               817          BCC tokvmPendingLexemeOverflowFromScan  ; [section code]
0600    10 F4 28 00               818          MOVE.B 0(A4, D2.L), (A0)+  ; [section code]
0604    52 82                     819          ADDQ.L #1, D2  ; [section code]
0606    52 AA 00 10               820          ADDQ.L #1, LOCAL_PENDING_LEX_LEN(A2)  ; [section code]
060A    60 00 FF D0               821          BRA tokvmScanNumberLoop  ; [section code]
----                              822    ; [section code]
----                              823  tokvmScanNumberDone  ; [section code]
060E    35 7C 00 02 00 04         824          MOVE.W #TK_KIND_NUMBER, LOCAL_PENDING_KIND(A2)  ; [section code]
0614    25 42 00 0C               825          MOVE.L D2, LOCAL_PENDING_END(A2)  ; [section code]
0618    4E B9 00 00 04 D4         826          JSR tokvmCommitPendingToken  ; [section code]
061E    4E 75                     827          RTS  ; [section code]
----                              828    ; [section code]
----                              829  tokvmScanStringToken  ; [section code]
----                              830          ; Strings keep their raw delimiter choice for closing rules, but only the  ; [section code]
----                              831          ; decoded payload bytes are staged into scratch and exposed in LEXHEX.  ; [section code]
0620    25 42 00 08               832          MOVE.L D2, LOCAL_PENDING_START(A2)  ; [section code]
0624    42 AA 00 10               833          CLR.L LOCAL_PENDING_LEX_LEN(A2)  ; [section code]
0628    70 00                     834          MOVEQ #0, D0  ; [section code]
062A    10 34 28 00               835          MOVE.B 0(A4, D2.L), D0  ; remember whether the string opened with ' or " so we can require the same closer  ; [section code]
062E    25 40 00 00               836          MOVE.L D0, LOCAL_CURRENT_BYTE(A2)  ; [section code]
0632    52 82                     837          ADDQ.L #1, D2  ; [section code]
0634    20 4E                     838          MOVEA.L A6, A0  ; [section code]
0636    D1 C3                     839          ADDA.L D3, A0  ; [section code]
----                              840    ; [section code]
----                              841  tokvmScanStringLoop  ; [section code]
----                              842          ; Strings advance one payload unit at a time. Plain bytes copy through,  ; [section code]
----                              843          ; while escape sequences normalize into their decoded payload bytes so  ; [section code]
----                              844          ; LEXHEX reflects runtime string contents rather than source spelling.  ; [section code]
0638    B4 84                     845          CMP.L D4, D2  ; [section code]
063A    64 00 00 E0               846          BCC tokvmScanStringFailure  ; [section code]
063E    70 00                     847          MOVEQ #0, D0  ; [section code]
0640    10 34 28 00               848          MOVE.B 0(A4, D2.L), D0  ; [section code]
0644    B0 2A 00 00               849          CMP.B LOCAL_CURRENT_BYTE(A2), D0  ; [section code]
0648    67 00 00 BE               850          BEQ tokvmScanStringClose  ; [section code]
064C    0C 00 00 5C               851          CMPI.B #'\\', D0  ; decode the same escape surface exercised by vm_scan_string_token()  ; [section code]
0650    66 00 00 9E               852          BNE tokvmScanStringCopyLiteral  ; [section code]
0654    52 82                     853          ADDQ.L #1, D2  ; [section code]
0656    B4 84                     854          CMP.L D4, D2  ; [section code]
0658    64 00 FE 60               855          BCC tokvmVmFailureAtCursor  ; [section code]
065C    70 00                     856          MOVEQ #0, D0  ; [section code]
065E    10 34 28 00               857          MOVE.B 0(A4, D2.L), D0  ; [section code]
0662    0C 00 00 6E               858          CMPI.B #'n', D0  ; [section code]
0666    67 00 00 1E               859          BEQ tokvmStringEscapeNewline  ; [section code]
066A    0C 00 00 72               860          CMPI.B #'r', D0  ; [section code]
066E    67 00 00 1C               861          BEQ tokvmStringEscapeReturn  ; [section code]
0672    0C 00 00 74               862          CMPI.B #'t', D0  ; [section code]
0676    67 00 00 1A               863          BEQ tokvmStringEscapeTab  ; [section code]
067A    0C 00 00 78               864          CMPI.B #'x', D0  ; \xHH is decoded into one payload byte, just like the Rust helper  ; [section code]
067E    67 00 00 18               865          BEQ tokvmStringEscapeHex  ; [section code]
0682    60 00 00 54               866          BRA tokvmScanStringEmitDecoded  ; [section code]
----                              867    ; [section code]
----                              868  tokvmStringEscapeNewline  ; [section code]
----                              869          ; The decoded escape value remains in D0 and falls through the shared  ; [section code]
----                              870          ; emit path that appends one payload byte to scratch.  ; [section code]
0686    70 0A                     871          MOVEQ #10, D0  ; [section code]
0688    60 00 00 4E               872          BRA tokvmScanStringEmitDecoded  ; [section code]
----                              873    ; [section code]
----                              874  tokvmStringEscapeReturn  ; [section code]
068C    70 0D                     875          MOVEQ #13, D0  ; [section code]
068E    60 00 00 48               876          BRA tokvmScanStringEmitDecoded  ; [section code]
----                              877    ; [section code]
----                              878  tokvmStringEscapeTab  ; [section code]
0692    70 09                     879          MOVEQ #9, D0  ; [section code]
0694    60 00 00 42               880          BRA tokvmScanStringEmitDecoded  ; [section code]
----                              881    ; [section code]
----                              882  tokvmStringEscapeHex  ; [section code]
----                              883          ; Parse exactly two hex digits after \x and combine them into one byte,  ; [section code]
----                              884          ; mirroring tokenizer_runtime_utils::vm_scan_string_token().  ; [section code]
0698    52 82                     885          ADDQ.L #1, D2  ; [section code]
069A    B4 84                     886          CMP.L D4, D2  ; [section code]
069C    64 00 00 7E               887          BCC tokvmScanStringFailure  ; [section code]
06A0    70 00                     888          MOVEQ #0, D0  ; [section code]
06A2    10 34 28 00               889          MOVE.B 0(A4, D2.L), D0  ; [section code]
06A6    4E B9 00 00 0D 10         890          JSR tokvmHexDigitValue  ; [section code]
06AC    4A 80                     891          TST.L D0  ; [section code]
06AE    6B 00 00 6C               892          BMI tokvmScanStringFailure  ; [section code]
06B2    25 40 00 14               893          MOVE.L D0, LOCAL_TEMP_U32(A2)  ; [section code]
06B6    52 82                     894          ADDQ.L #1, D2  ; [section code]
06B8    B4 84                     895          CMP.L D4, D2  ; [section code]
06BA    64 00 00 60               896          BCC tokvmScanStringFailure  ; [section code]
06BE    70 00                     897          MOVEQ #0, D0  ; [section code]
06C0    10 34 28 00               898          MOVE.B 0(A4, D2.L), D0  ; [section code]
06C4    4E B9 00 00 0D 10         899          JSR tokvmHexDigitValue  ; [section code]
06CA    4A 80                     900          TST.L D0  ; [section code]
06CC    6B 00 00 4E               901          BMI tokvmScanStringFailure  ; [section code]
06D0    22 2A 00 14               902          MOVE.L LOCAL_TEMP_U32(A2), D1  ; [section code]
06D4    E9 89                     903          LSL.L #4, D1  ; [section code]
06D6    80 81                     904          OR.L D1, D0  ; [section code]
----                              905    ; [section code]
----                              906  tokvmScanStringEmitDecoded  ; [section code]
06D8    22 03                     907          MOVE.L D3, D1  ; [section code]
06DA    D2 AA 00 10               908          ADD.L LOCAL_PENDING_LEX_LEN(A2), D1  ; [section code]
06DE    B2 86                     909          CMP.L D6, D1  ; [section code]
06E0    64 00 05 06               910          BCC tokvmPendingLexemeOverflowFromScan  ; [section code]
06E4    10 C0                     911          MOVE.B D0, (A0)+  ; store decoded payload bytes, not the surrounding quotes/escape markers  ; [section code]
06E6    52 AA 00 10               912          ADDQ.L #1, LOCAL_PENDING_LEX_LEN(A2)  ; [section code]
06EA    52 82                     913          ADDQ.L #1, D2  ; [section code]
06EC    60 00 FF 4A               914          BRA tokvmScanStringLoop  ; [section code]
----                              915    ; [section code]
----                              916  tokvmScanStringCopyLiteral  ; [section code]
----                              917          ; Literal non-escape bytes use the same capacity accounting as decoded  ; [section code]
----                              918          ; escapes so both paths feed one consistent scratch payload stream.  ; [section code]
06F0    22 03                     919          MOVE.L D3, D1  ; [section code]
06F2    D2 AA 00 10               920          ADD.L LOCAL_PENDING_LEX_LEN(A2), D1  ; [section code]
06F6    B2 86                     921          CMP.L D6, D1  ; [section code]
06F8    64 00 04 EE               922          BCC tokvmPendingLexemeOverflowFromScan  ; [section code]
06FC    10 C0                     923          MOVE.B D0, (A0)+  ; [section code]
06FE    52 AA 00 10               924          ADDQ.L #1, LOCAL_PENDING_LEX_LEN(A2)  ; [section code]
0702    52 82                     925          ADDQ.L #1, D2  ; [section code]
0704    60 00 FF 32               926          BRA tokvmScanStringLoop  ; [section code]
----                              927    ; [section code]
----                              928  tokvmScanStringClose  ; [section code]
----                              929          ; D2 is advanced past the closing delimiter before commit so the source  ; [section code]
----                              930          ; span matches the Rust token span semantics for quoted strings.  ; [section code]
0708    52 82                     931          ADDQ.L #1, D2  ; [section code]
070A    35 7C 00 03 00 04         932          MOVE.W #TK_KIND_STRING, LOCAL_PENDING_KIND(A2)  ; [section code]
0710    25 42 00 0C               933          MOVE.L D2, LOCAL_PENDING_END(A2)  ; [section code]
0714    4E B9 00 00 04 D4         934          JSR tokvmCommitPendingToken  ; [section code]
071A    4E 75                     935          RTS  ; [section code]
----                              936    ; [section code]
----                              937  ; Unterminated strings and malformed escape sequences both collapse to the same  ; [section code]
----                              938  ; VM failure status in this first native slice.  ; [section code]
----                              939  tokvmScanStringFailure  ; [section code]
071C    70 04                     940          MOVEQ #TK_STATUS_VM_FAILURE, D0  ; [section code]
071E    4E 75                     941          RTS  ; [section code]
----                              942    ; [section code]
----                              943  ; Symbol scan covers punctuation, operators, comments, and prefixed numeric  ; [section code]
----                              944  ; forms. The structure intentionally parallels vm_scan_symbol_token() in Rust:  ; [section code]
----                              945  ; dispatch by lead byte, optionally consume a longer form, then commit the  ; [section code]
----                              946  ; canonical lexeme bytes through tokvmStageAndCommitSymbol.  ; [section code]
----                              947  tokvmScanSymbolToken  ; [section code]
----                              948          ; The dispatch order matters. More syntactically specific lead bytes are  ; [section code]
----                              949          ; tested before generic operator fallbacks so multi-byte forms get the  ; [section code]
----                              950          ; same precedence as in the Rust helper.  ; [section code]
0720    25 42 00 08               951          MOVE.L D2, LOCAL_PENDING_START(A2)  ; [section code]
0724    70 00                     952          MOVEQ #0, D0  ; [section code]
0726    10 34 28 00               953          MOVE.B 0(A4, D2.L), D0  ; [section code]
072A    0C 00 00 3B               954          CMPI.B #';', D0  ; [section code]
072E    67 00 00 C6               955          BEQ tokvmScanCommentToEol  ; [section code]
0732    0C 00 00 2E               956          CMPI.B #'.', D0  ; [section code]
0736    67 00 00 C4               957          BEQ tokvmScanDotLike  ; [section code]
073A    0C 00 00 24               958          CMPI.B #'$', D0  ; [section code]
073E    67 00 01 18               959          BEQ tokvmScanDollarOrPrefixedNumber  ; [section code]
0742    0C 00 00 25               960          CMPI.B #'%', D0  ; [section code]
0746    67 00 01 48               961          BEQ tokvmScanPercentOrPrefixedNumber  ; [section code]
074A    0C 00 00 3F               962          CMPI.B #'?', D0  ; [section code]
074E    67 00 01 7C               963          BEQ tokvmStageQuestion  ; [section code]
0752    0C 00 00 5B               964          CMPI.B #'[', D0  ; [section code]
0756    67 00 01 88               965          BEQ tokvmStageOpenBracket  ; [section code]
075A    0C 00 00 5D               966          CMPI.B #']', D0  ; [section code]
075E    67 00 01 94               967          BEQ tokvmStageCloseBracket  ; [section code]
0762    0C 00 00 7B               968          CMPI.B #'{', D0  ; [section code]
0766    67 00 01 A0               969          BEQ tokvmStageOpenBrace  ; [section code]
076A    0C 00 00 7D               970          CMPI.B #'}', D0  ; [section code]
076E    67 00 01 AC               971          BEQ tokvmStageCloseBrace  ; [section code]
0772    0C 00 00 2C               972          CMPI.B #',', D0  ; [section code]
0776    67 00 01 B8               973          BEQ tokvmStageComma  ; [section code]
077A    0C 00 00 3A               974          CMPI.B #':', D0  ; [section code]
077E    67 00 01 C4               975          BEQ tokvmStageColon  ; [section code]
0782    0C 00 00 28               976          CMPI.B #'(', D0  ; [section code]
0786    67 00 01 D0               977          BEQ tokvmStageOpenParen  ; [section code]
078A    0C 00 00 29               978          CMPI.B #')', D0  ; [section code]
078E    67 00 01 DC               979          BEQ tokvmStageCloseParen  ; [section code]
0792    0C 00 00 2B               980          CMPI.B #'+', D0  ; [section code]
0796    67 00 01 E8               981          BEQ tokvmStagePlus  ; [section code]
079A    0C 00 00 2D               982          CMPI.B #'-', D0  ; [section code]
079E    67 00 01 F4               983          BEQ tokvmStageMinus  ; [section code]
07A2    0C 00 00 2A               984          CMPI.B #'*', D0  ; [section code]
07A6    67 00 02 00               985          BEQ tokvmScanStarLike  ; [section code]
07AA    0C 00 00 2F               986          CMPI.B #'/', D0  ; [section code]
07AE    67 00 02 1C               987          BEQ tokvmStageDivide  ; [section code]
07B2    0C 00 00 7E               988          CMPI.B #'~', D0  ; [section code]
07B6    67 00 02 28               989          BEQ tokvmStageBitNot  ; [section code]
07BA    0C 00 00 3D               990          CMPI.B #'=', D0  ; [section code]
07BE    67 00 02 34               991          BEQ tokvmScanEqualLike  ; [section code]
07C2    0C 00 00 21               992          CMPI.B #'!', D0  ; [section code]
07C6    67 00 02 52               993          BEQ tokvmScanBangLike  ; [section code]
07CA    0C 00 00 26               994          CMPI.B #'&', D0  ; [section code]
07CE    67 00 02 82               995          BEQ tokvmScanAndLike  ; [section code]
07D2    0C 00 00 7C               996          CMPI.B #'|', D0  ; [section code]
07D6    67 00 02 B2               997          BEQ tokvmScanOrLike  ; [section code]
07DA    0C 00 00 5E               998          CMPI.B #'^', D0  ; [section code]
07DE    67 00 02 E2               999          BEQ tokvmScanCaretLike  ; [section code]
07E2    0C 00 00 3C              1000          CMPI.B #'<', D0  ; [section code]
07E6    67 00 03 12              1001          BEQ tokvmScanLessLike  ; [section code]
07EA    0C 00 00 3E              1002          CMPI.B #'>', D0  ; [section code]
07EE    67 00 03 82              1003          BEQ tokvmScanGreaterLike  ; [section code]
07F2    70 04                    1004          MOVEQ #TK_STATUS_VM_FAILURE, D0  ; [section code]
07F4    4E 75                    1005          RTS  ; [section code]
----                             1006    ; [section code]
----                             1007  tokvmScanCommentToEol  ; [section code]
07F6    24 04                    1008          MOVE.L D4, D2  ; comments consume the rest of the line and emit no token, matching vm_scan_symbol_token()  ; [section code]
07F8    70 00                    1009          MOVEQ #TK_STATUS_SUCCESS, D0  ; [section code]
07FA    4E 75                    1010          RTS  ; [section code]
----                             1011    ; [section code]
----                             1012  tokvmScanDotLike  ; [section code]
----                             1013          ; '.', '..', and '..=' are grouped together so the operator family stays  ; [section code]
----                             1014          ; adjacent in both the native and Rust scanner implementations.  ; [section code]
07FC    52 82                    1015          ADDQ.L #1, D2  ; [section code]
07FE    B4 84                    1016          CMP.L D4, D2  ; [section code]
0800    64 00 00 44              1017          BCC tokvmStageDot  ; [section code]
0804    0C 34 00 2E 28 00        1018          CMPI.B #'.', 0(A4, D2.L)  ; [section code]
080A    66 00 00 3A              1019          BNE tokvmStageDot  ; [section code]
080E    52 82                    1020          ADDQ.L #1, D2  ; [section code]
0810    B4 84                    1021          CMP.L D4, D2  ; [section code]
0812    64 00 00 20              1022          BCC tokvmStageRange  ; [section code]
0816    0C 34 00 3D 28 00        1023          CMPI.B #'=', 0(A4, D2.L)  ; [section code]
081C    66 00 00 16              1024          BNE tokvmStageRange  ; [section code]
0820    52 82                    1025          ADDQ.L #1, D2  ; [section code]
0822    35 7C 00 11 00 04        1026          MOVE.W #TK_KIND_OP_RANGE_INCLUSIVE, LOCAL_PENDING_KIND(A2)  ; [section code]
0828    41 F9 00 00 00 99        1027          LEA lexRangeInclusive, A0  ; [section code]
082E    70 03                    1028          MOVEQ #3, D0  ; [section code]
0830    60 00 03 96              1029          BRA tokvmStageAndCommitSymbol  ; [section code]
----                             1030    ; [section code]
----                             1031  tokvmStageRange  ; [section code]
----                             1032          ; '..' and '..=' share the same entry path so the inclusive form only  ; [section code]
----                             1033          ; needs one extra lookahead byte and a different fixed lexeme template.  ; [section code]
0834    35 7C 00 10 00 04        1034          MOVE.W #TK_KIND_OP_RANGE, LOCAL_PENDING_KIND(A2)  ; [section code]
083A    41 F9 00 00 00 97        1035          LEA lexRange, A0  ; [section code]
0840    70 02                    1036          MOVEQ #2, D0  ; [section code]
0842    60 00 03 84              1037          BRA tokvmStageAndCommitSymbol  ; [section code]
----                             1038    ; [section code]
----                             1039  tokvmStageDot  ; [section code]
0846    35 7C 00 07 00 04        1040          MOVE.W #TK_KIND_DOT, LOCAL_PENDING_KIND(A2)  ; [section code]
084C    41 F9 00 00 00 6E        1041          LEA lexDot, A0  ; [section code]
0852    70 01                    1042          MOVEQ #1, D0  ; [section code]
0854    60 00 03 72              1043          BRA tokvmStageAndCommitSymbol  ; [section code]
----                             1044    ; [section code]
----                             1045  tokvmScanDollarOrPrefixedNumber  ; [section code]
----                             1046          ; '$' is ambiguous by design: either a standalone dollar token or the  ; [section code]
----                             1047          ; prefix for a hex-like number literal if a valid body byte follows.  ; [section code]
0858    52 82                    1048          ADDQ.L #1, D2  ; [section code]
085A    B4 84                    1049          CMP.L D4, D2  ; [section code]
085C    64 00 00 20              1050          BCC tokvmStageDollar  ; [section code]
0860    70 00                    1051          MOVEQ #0, D0  ; [section code]
0862    10 34 28 00              1052          MOVE.B 0(A4, D2.L), D0  ; [section code]
0866    4E B9 00 00 0C F4        1053          JSR tokvmIsHexDigitOrUnderscore  ; '$' starts either a hex literal or a standalone dollar token  ; [section code]
086C    4A 80                    1054          TST.L D0  ; [section code]
086E    67 00 00 0E              1055          BEQ tokvmStageDollar  ; [section code]
0872    24 2A 00 08              1056          MOVE.L LOCAL_PENDING_START(A2), D2  ; [section code]
0876    4E B9 00 00 05 D0        1057          JSR tokvmScanNumberToken  ; [section code]
087C    4E 75                    1058          RTS  ; [section code]
----                             1059    ; [section code]
----                             1060  tokvmStageDollar  ; [section code]
087E    35 7C 00 06 00 04        1061          MOVE.W #TK_KIND_DOLLAR, LOCAL_PENDING_KIND(A2)  ; [section code]
0884    41 F9 00 00 00 6F        1062          LEA lexDollar, A0  ; [section code]
088A    70 01                    1063          MOVEQ #1, D0  ; [section code]
088C    60 00 03 3A              1064          BRA tokvmStageAndCommitSymbol  ; [section code]
----                             1065    ; [section code]
----                             1066  tokvmScanPercentOrPrefixedNumber  ; [section code]
----                             1067          ; '%' is likewise split between modulo and binary-prefixed number forms.  ; [section code]
0890    52 82                    1068          ADDQ.L #1, D2  ; [section code]
0892    B4 84                    1069          CMP.L D4, D2  ; [section code]
0894    64 00 00 24              1070          BCC tokvmStagePercent  ; [section code]
0898    70 00                    1071          MOVEQ #0, D0  ; [section code]
089A    10 34 28 00              1072          MOVE.B 0(A4, D2.L), D0  ; [section code]
089E    0C 00 00 30              1073          CMPI.B #'0', D0  ; [section code]
08A2    67 00 00 0A              1074          BEQ tokvmScanPercentAsNumber  ; [section code]
08A6    0C 00 00 31              1075          CMPI.B #'1', D0  ; [section code]
08AA    66 00 00 0E              1076          BNE tokvmStagePercent  ; [section code]
----                             1077    ; [section code]
----                             1078  tokvmScanPercentAsNumber  ; [section code]
08AE    24 2A 00 08              1079          MOVE.L LOCAL_PENDING_START(A2), D2  ; rewind so the number scanner sees the leading '%', like Rust prefixed-number handling  ; [section code]
08B2    4E B9 00 00 05 D0        1080          JSR tokvmScanNumberToken  ; [section code]
08B8    4E 75                    1081          RTS  ; [section code]
----                             1082    ; [section code]
----                             1083  tokvmStagePercent  ; [section code]
08BA    35 7C 00 17 00 04        1084          MOVE.W #TK_KIND_OP_MOD, LOCAL_PENDING_KIND(A2)  ; [section code]
08C0    41 F9 00 00 00 96        1085          LEA lexMod, A0  ; [section code]
08C6    70 01                    1086          MOVEQ #1, D0  ; [section code]
08C8    60 00 02 FE              1087          BRA tokvmStageAndCommitSymbol  ; [section code]
----                             1088    ; [section code]
----                             1089  tokvmStageQuestion  ; [section code]
----                             1090          ; The single-byte staging labels below follow one repeated pattern:  ; [section code]
----                             1091          ; advance the source cursor, choose a token kind, point at the canonical  ; [section code]
----                             1092          ; lexeme bytes, set the lexeme length, then funnel through the shared  ; [section code]
----                             1093          ; stage-and-commit tail.  ; [section code]
08CC    52 82                    1094          ADDQ.L #1, D2  ; [section code]
08CE    35 7C 00 09 00 04        1095          MOVE.W #TK_KIND_QUESTION, LOCAL_PENDING_KIND(A2)  ; [section code]
08D4    41 F9 00 00 00 70        1096          LEA lexQuestion, A0  ; [section code]
08DA    70 01                    1097          MOVEQ #1, D0  ; [section code]
08DC    60 00 02 EA              1098          BRA tokvmStageAndCommitSymbol  ; [section code]
----                             1099    ; [section code]
----                             1100  tokvmStageOpenBracket  ; [section code]
08E0    52 82                    1101          ADDQ.L #1, D2  ; [section code]
08E2    35 7C 00 0A 00 04        1102          MOVE.W #TK_KIND_OPEN_BRACKET, LOCAL_PENDING_KIND(A2)  ; [section code]
08E8    41 F9 00 00 00 71        1103          LEA lexOpenBracket, A0  ; [section code]
08EE    70 01                    1104          MOVEQ #1, D0  ; [section code]
08F0    60 00 02 D6              1105          BRA tokvmStageAndCommitSymbol  ; [section code]
----                             1106    ; [section code]
----                             1107  tokvmStageCloseBracket  ; [section code]
08F4    52 82                    1108          ADDQ.L #1, D2  ; [section code]
08F6    35 7C 00 0B 00 04        1109          MOVE.W #TK_KIND_CLOSE_BRACKET, LOCAL_PENDING_KIND(A2)  ; [section code]
08FC    41 F9 00 00 00 72        1110          LEA lexCloseBracket, A0  ; [section code]
0902    70 01                    1111          MOVEQ #1, D0  ; [section code]
0904    60 00 02 C2              1112          BRA tokvmStageAndCommitSymbol  ; [section code]
----                             1113    ; [section code]
----                             1114  tokvmStageOpenBrace  ; [section code]
0908    52 82                    1115          ADDQ.L #1, D2  ; [section code]
090A    35 7C 00 0C 00 04        1116          MOVE.W #TK_KIND_OPEN_BRACE, LOCAL_PENDING_KIND(A2)  ; [section code]
0910    41 F9 00 00 00 73        1117          LEA lexOpenBrace, A0  ; [section code]
0916    70 01                    1118          MOVEQ #1, D0  ; [section code]
0918    60 00 02 AE              1119          BRA tokvmStageAndCommitSymbol  ; [section code]
----                             1120    ; [section code]
----                             1121  tokvmStageCloseBrace  ; [section code]
091C    52 82                    1122          ADDQ.L #1, D2  ; [section code]
091E    35 7C 00 0D 00 04        1123          MOVE.W #TK_KIND_CLOSE_BRACE, LOCAL_PENDING_KIND(A2)  ; [section code]
0924    41 F9 00 00 00 74        1124          LEA lexCloseBrace, A0  ; [section code]
092A    70 01                    1125          MOVEQ #1, D0  ; [section code]
092C    60 00 02 9A              1126          BRA tokvmStageAndCommitSymbol  ; [section code]
----                             1127    ; [section code]
----                             1128  tokvmStageComma  ; [section code]
0930    52 82                    1129          ADDQ.L #1, D2  ; [section code]
0932    35 7C 00 04 00 04        1130          MOVE.W #TK_KIND_COMMA, LOCAL_PENDING_KIND(A2)  ; [section code]
0938    41 F9 00 00 00 75        1131          LEA lexComma, A0  ; [section code]
093E    70 01                    1132          MOVEQ #1, D0  ; [section code]
0940    60 00 02 86              1133          BRA tokvmStageAndCommitSymbol  ; [section code]
----                             1134    ; [section code]
----                             1135  tokvmStageColon  ; [section code]
0944    52 82                    1136          ADDQ.L #1, D2  ; [section code]
0946    35 7C 00 05 00 04        1137          MOVE.W #TK_KIND_COLON, LOCAL_PENDING_KIND(A2)  ; [section code]
094C    41 F9 00 00 00 76        1138          LEA lexColon, A0  ; [section code]
0952    70 01                    1139          MOVEQ #1, D0  ; [section code]
0954    60 00 02 72              1140          BRA tokvmStageAndCommitSymbol  ; [section code]
----                             1141    ; [section code]
----                             1142  tokvmStageOpenParen  ; [section code]
0958    52 82                    1143          ADDQ.L #1, D2  ; [section code]
095A    35 7C 00 0E 00 04        1144          MOVE.W #TK_KIND_OPEN_PAREN, LOCAL_PENDING_KIND(A2)  ; [section code]
0960    41 F9 00 00 00 77        1145          LEA lexOpenParen, A0  ; [section code]
0966    70 01                    1146          MOVEQ #1, D0  ; [section code]
0968    60 00 02 5E              1147          BRA tokvmStageAndCommitSymbol  ; [section code]
----                             1148    ; [section code]
----                             1149  tokvmStageCloseParen  ; [section code]
096C    52 82                    1150          ADDQ.L #1, D2  ; [section code]
096E    35 7C 00 0F 00 04        1151          MOVE.W #TK_KIND_CLOSE_PAREN, LOCAL_PENDING_KIND(A2)  ; [section code]
0974    41 F9 00 00 00 78        1152          LEA lexCloseParen, A0  ; [section code]
097A    70 01                    1153          MOVEQ #1, D0  ; [section code]
097C    60 00 02 4A              1154          BRA tokvmStageAndCommitSymbol  ; [section code]
----                             1155    ; [section code]
----                             1156  tokvmStagePlus  ; [section code]
0980    52 82                    1157          ADDQ.L #1, D2  ; [section code]
0982    35 7C 00 12 00 04        1158          MOVE.W #TK_KIND_OP_PLUS, LOCAL_PENDING_KIND(A2)  ; [section code]
0988    41 F9 00 00 00 79        1159          LEA lexPlus, A0  ; [section code]
098E    70 01                    1160          MOVEQ #1, D0  ; [section code]
0990    60 00 02 36              1161          BRA tokvmStageAndCommitSymbol  ; [section code]
----                             1162    ; [section code]
----                             1163  tokvmStageMinus  ; [section code]
0994    52 82                    1164          ADDQ.L #1, D2  ; [section code]
0996    35 7C 00 13 00 04        1165          MOVE.W #TK_KIND_OP_MINUS, LOCAL_PENDING_KIND(A2)  ; [section code]
099C    41 F9 00 00 00 7A        1166          LEA lexMinus, A0  ; [section code]
09A2    70 01                    1167          MOVEQ #1, D0  ; [section code]
09A4    60 00 02 22              1168          BRA tokvmStageAndCommitSymbol  ; [section code]
----                             1169    ; [section code]
----                             1170  tokvmScanStarLike  ; [section code]
----                             1171          ; The native demo accepts '*' as multiply but treats '**' as invalid  ; [section code]
----                             1172          ; program input because power is not implemented in this first slice.  ; [section code]
09A8    52 82                    1173          ADDQ.L #1, D2  ; [section code]
09AA    B4 84                    1174          CMP.L D4, D2  ; [section code]
09AC    64 00 00 0C              1175          BCC tokvmStageMultiply  ; [section code]
09B0    0C 34 00 2A 28 00        1176          CMPI.B #'*', 0(A4, D2.L)  ; [section code]
09B6    67 00 02 28              1177          BEQ tokvmScanSymbolInvalidProgram  ; [section code]
----                             1178    ; [section code]
----                             1179  tokvmStageMultiply  ; [section code]
09BA    35 7C 00 14 00 04        1180          MOVE.W #TK_KIND_OP_MULTIPLY, LOCAL_PENDING_KIND(A2)  ; [section code]
09C0    41 F9 00 00 00 7B        1181          LEA lexMultiply, A0  ; [section code]
09C6    70 01                    1182          MOVEQ #1, D0  ; [section code]
09C8    60 00 01 FE              1183          BRA tokvmStageAndCommitSymbol  ; [section code]
----                             1184    ; [section code]
----                             1185  tokvmStageDivide  ; [section code]
09CC    52 82                    1186          ADDQ.L #1, D2  ; [section code]
09CE    35 7C 00 16 00 04        1187          MOVE.W #TK_KIND_OP_DIVIDE, LOCAL_PENDING_KIND(A2)  ; [section code]
09D4    41 F9 00 00 00 7C        1188          LEA lexDivide, A0  ; [section code]
09DA    70 01                    1189          MOVEQ #1, D0  ; [section code]
09DC    60 00 01 EA              1190          BRA tokvmStageAndCommitSymbol  ; [section code]
----                             1191    ; [section code]
----                             1192  tokvmStageBitNot  ; [section code]
09E0    52 82                    1193          ADDQ.L #1, D2  ; [section code]
09E2    35 7C 00 1A 00 04        1194          MOVE.W #TK_KIND_OP_BIT_NOT, LOCAL_PENDING_KIND(A2)  ; [section code]
09E8    41 F9 00 00 00 7D        1195          LEA lexBitNot, A0  ; [section code]
09EE    70 01                    1196          MOVEQ #1, D0  ; [section code]
09F0    60 00 01 D6              1197          BRA tokvmStageAndCommitSymbol  ; [section code]
----                             1198    ; [section code]
----                             1199  tokvmScanEqualLike  ; [section code]
----                             1200          ; '=' and '==' both normalize to the same equality token kind, matching  ; [section code]
----                             1201          ; the Rust tokenizer helper's forgiving equality parsing.  ; [section code]
09F4    52 82                    1202          ADDQ.L #1, D2  ; [section code]
09F6    B4 84                    1203          CMP.L D4, D2  ; [section code]
09F8    64 00 00 0E              1204          BCC tokvmStageEq  ; [section code]
09FC    0C 34 00 3D 28 00        1205          CMPI.B #'=', 0(A4, D2.L)  ; [section code]
0A02    66 00 00 04              1206          BNE tokvmStageEq  ; [section code]
0A06    52 82                    1207          ADDQ.L #1, D2  ; [section code]
----                             1208    ; [section code]
----                             1209  tokvmStageEq  ; [section code]
----                             1210          ; The canonical fixed lexeme is always "==" for equality so report output  ; [section code]
----                             1211          ; normalizes '=' and '==' into one operator surface.  ; [section code]
0A08    35 7C 00 21 00 04        1212          MOVE.W #TK_KIND_OP_EQ, LOCAL_PENDING_KIND(A2)  ; [section code]
0A0E    41 F9 00 00 00 7E        1213          LEA lexEq, A0  ; [section code]
0A14    70 02                    1214          MOVEQ #2, D0  ; [section code]
0A16    60 00 01 B0              1215          BRA tokvmStageAndCommitSymbol  ; [section code]
----                             1216    ; [section code]
----                             1217  tokvmScanBangLike  ; [section code]
----                             1218          ; '!' stands for logical-not, while '!=' upgrades to not-equal.  ; [section code]
0A1A    52 82                    1219          ADDQ.L #1, D2  ; [section code]
0A1C    B4 84                    1220          CMP.L D4, D2  ; [section code]
0A1E    64 00 00 20              1221          BCC tokvmStageLogicNot  ; [section code]
0A22    0C 34 00 3D 28 00        1222          CMPI.B #'=', 0(A4, D2.L)  ; [section code]
0A28    66 00 00 16              1223          BNE tokvmStageLogicNot  ; [section code]
0A2C    52 82                    1224          ADDQ.L #1, D2  ; [section code]
0A2E    35 7C 00 22 00 04        1225          MOVE.W #TK_KIND_OP_NE, LOCAL_PENDING_KIND(A2)  ; [section code]
0A34    41 F9 00 00 00 80        1226          LEA lexNe, A0  ; [section code]
0A3A    70 02                    1227          MOVEQ #2, D0  ; [section code]
0A3C    60 00 01 8A              1228          BRA tokvmStageAndCommitSymbol  ; [section code]
----                             1229    ; [section code]
----                             1230  tokvmStageLogicNot  ; [section code]
----                             1231          ; Unlike equality, logical-not preserves its single-byte spelling in the  ; [section code]
----                             1232          ; report/output surface because '!' and '!=' are distinct token kinds.  ; [section code]
0A40    35 7C 00 1B 00 04        1233          MOVE.W #TK_KIND_OP_LOGIC_NOT, LOCAL_PENDING_KIND(A2)  ; [section code]
0A46    41 F9 00 00 00 82        1234          LEA lexLogicNot, A0  ; [section code]
0A4C    70 01                    1235          MOVEQ #1, D0  ; [section code]
0A4E    60 00 01 78              1236          BRA tokvmStageAndCommitSymbol  ; [section code]
----                             1237    ; [section code]
----                             1238  tokvmScanAndLike  ; [section code]
----                             1239          ; '&' / '&&' map to bitwise and logical forms respectively.  ; [section code]
0A52    52 82                    1240          ADDQ.L #1, D2  ; [section code]
0A54    B4 84                    1241          CMP.L D4, D2  ; [section code]
0A56    64 00 00 20              1242          BCC tokvmStageBitAnd  ; [section code]
0A5A    0C 34 00 26 28 00        1243          CMPI.B #'&', 0(A4, D2.L)  ; [section code]
0A60    66 00 00 16              1244          BNE tokvmStageBitAnd  ; [section code]
0A64    52 82                    1245          ADDQ.L #1, D2  ; [section code]
0A66    35 7C 00 1E 00 04        1246          MOVE.W #TK_KIND_OP_LOGIC_AND, LOCAL_PENDING_KIND(A2)  ; [section code]
0A6C    41 F9 00 00 00 85        1247          LEA lexLogicAnd, A0  ; [section code]
0A72    70 02                    1248          MOVEQ #2, D0  ; [section code]
0A74    60 00 01 52              1249          BRA tokvmStageAndCommitSymbol  ; [section code]
----                             1250    ; [section code]
----                             1251  tokvmStageBitAnd  ; [section code]
0A78    35 7C 00 1C 00 04        1252          MOVE.W #TK_KIND_OP_BIT_AND, LOCAL_PENDING_KIND(A2)  ; [section code]
0A7E    41 F9 00 00 00 83        1253          LEA lexBitAnd, A0  ; [section code]
0A84    70 01                    1254          MOVEQ #1, D0  ; [section code]
0A86    60 00 01 40              1255          BRA tokvmStageAndCommitSymbol  ; [section code]
----                             1256    ; [section code]
----                             1257  tokvmScanOrLike  ; [section code]
----                             1258          ; '|' / '||' map to bitwise and logical forms respectively.  ; [section code]
0A8A    52 82                    1259          ADDQ.L #1, D2  ; [section code]
0A8C    B4 84                    1260          CMP.L D4, D2  ; [section code]
0A8E    64 00 00 20              1261          BCC tokvmStageBitOr  ; [section code]
0A92    0C 34 00 7C 28 00        1262          CMPI.B #'|', 0(A4, D2.L)  ; [section code]
0A98    66 00 00 16              1263          BNE tokvmStageBitOr  ; [section code]
0A9C    52 82                    1264          ADDQ.L #1, D2  ; [section code]
0A9E    35 7C 00 1F 00 04        1265          MOVE.W #TK_KIND_OP_LOGIC_OR, LOCAL_PENDING_KIND(A2)  ; [section code]
0AA4    41 F9 00 00 00 87        1266          LEA lexLogicOr, A0  ; [section code]
0AAA    70 02                    1267          MOVEQ #2, D0  ; [section code]
0AAC    60 00 01 1A              1268          BRA tokvmStageAndCommitSymbol  ; [section code]
----                             1269    ; [section code]
----                             1270  tokvmStageBitOr  ; [section code]
0AB0    35 7C 00 1D 00 04        1271          MOVE.W #TK_KIND_OP_BIT_OR, LOCAL_PENDING_KIND(A2)  ; [section code]
0AB6    41 F9 00 00 00 84        1272          LEA lexBitOr, A0  ; [section code]
0ABC    70 01                    1273          MOVEQ #1, D0  ; [section code]
0ABE    60 00 01 08              1274          BRA tokvmStageAndCommitSymbol  ; [section code]
----                             1275    ; [section code]
----                             1276  tokvmScanCaretLike  ; [section code]
----                             1277          ; '^' is bitwise xor/caret, while '^^' is promoted to the logical xor  ; [section code]
----                             1278          ; token used by the native report-name table.  ; [section code]
0AC2    52 82                    1279          ADDQ.L #1, D2  ; [section code]
0AC4    B4 84                    1280          CMP.L D4, D2  ; [section code]
0AC6    64 00 00 20              1281          BCC tokvmStageCaret  ; [section code]
0ACA    0C 34 00 5E 28 00        1282          CMPI.B #'^', 0(A4, D2.L)  ; [section code]
0AD0    66 00 00 16              1283          BNE tokvmStageCaret  ; [section code]
0AD4    52 82                    1284          ADDQ.L #1, D2  ; [section code]
0AD6    35 7C 00 20 00 04        1285          MOVE.W #TK_KIND_OP_LOGIC_XOR, LOCAL_PENDING_KIND(A2)  ; [section code]
0ADC    41 F9 00 00 00 8A        1286          LEA lexLogicXor, A0  ; [section code]
0AE2    70 02                    1287          MOVEQ #2, D0  ; [section code]
0AE4    60 00 00 E2              1288          BRA tokvmStageAndCommitSymbol  ; [section code]
----                             1289    ; [section code]
----                             1290  tokvmStageCaret  ; [section code]
0AE8    35 7C 00 15 00 04        1291          MOVE.W #TK_KIND_OP_CARET, LOCAL_PENDING_KIND(A2)  ; [section code]
0AEE    41 F9 00 00 00 89        1292          LEA lexCaret, A0  ; [section code]
0AF4    70 01                    1293          MOVEQ #1, D0  ; [section code]
0AF6    60 00 00 D0              1294          BRA tokvmStageAndCommitSymbol  ; [section code]
----                             1295    ; [section code]
----                             1296  tokvmScanLessLike  ; [section code]
----                             1297          ; '<' expands into four related operators: <, <<, <=, and <>/!=.  ; [section code]
0AFA    52 82                    1298          ADDQ.L #1, D2  ; [section code]
0AFC    B4 84                    1299          CMP.L D4, D2  ; [section code]
0AFE    64 00 00 60              1300          BCC tokvmStageLt  ; [section code]
0B02    0C 34 00 3C 28 00        1301          CMPI.B #'<', 0(A4, D2.L)  ; [section code]
0B08    67 00 00 1A              1302          BEQ tokvmStageShl  ; [section code]
0B0C    0C 34 00 3D 28 00        1303          CMPI.B #'=', 0(A4, D2.L)  ; [section code]
0B12    67 00 00 24              1304          BEQ tokvmStageLe  ; [section code]
0B16    0C 34 00 3E 28 00        1305          CMPI.B #'>', 0(A4, D2.L)  ; [section code]
0B1C    67 00 00 2E              1306          BEQ tokvmStageAltNe  ; [section code]
0B20    60 00 00 3E              1307          BRA tokvmStageLt  ; [section code]
----                             1308    ; [section code]
----                             1309  tokvmStageShl  ; [section code]
0B24    52 82                    1310          ADDQ.L #1, D2  ; [section code]
0B26    35 7C 00 18 00 04        1311          MOVE.W #TK_KIND_OP_SHL, LOCAL_PENDING_KIND(A2)  ; [section code]
0B2C    41 F9 00 00 00 92        1312          LEA lexShl, A0  ; [section code]
0B32    70 02                    1313          MOVEQ #2, D0  ; [section code]
0B34    60 00 00 92              1314          BRA tokvmStageAndCommitSymbol  ; [section code]
----                             1315    ; [section code]
----                             1316  tokvmStageLe  ; [section code]
0B38    52 82                    1317          ADDQ.L #1, D2  ; [section code]
0B3A    35 7C 00 25 00 04        1318          MOVE.W #TK_KIND_OP_LE, LOCAL_PENDING_KIND(A2)  ; [section code]
0B40    41 F9 00 00 00 8D        1319          LEA lexLe, A0  ; [section code]
0B46    70 02                    1320          MOVEQ #2, D0  ; [section code]
0B48    60 00 00 7E              1321          BRA tokvmStageAndCommitSymbol  ; [section code]
----                             1322    ; [section code]
----                             1323  tokvmStageAltNe  ; [section code]
0B4C    52 82                    1324          ADDQ.L #1, D2  ; [section code]
0B4E    35 7C 00 22 00 04        1325          MOVE.W #TK_KIND_OP_NE, LOCAL_PENDING_KIND(A2)  ; [section code]
0B54    41 F9 00 00 00 80        1326          LEA lexNe, A0  ; [section code]
0B5A    70 02                    1327          MOVEQ #2, D0  ; [section code]
0B5C    60 00 00 6A              1328          BRA tokvmStageAndCommitSymbol  ; [section code]
----                             1329    ; [section code]
----                             1330  tokvmStageLt  ; [section code]
----                             1331          ; The family labels above all converge here with a fully-chosen token  ; [section code]
----                             1332          ; kind and lexeme template, so the commit tail can stay generic.  ; [section code]
0B60    35 7C 00 26 00 04        1333          MOVE.W #TK_KIND_OP_LT, LOCAL_PENDING_KIND(A2)  ; [section code]
0B66    41 F9 00 00 00 8C        1334          LEA lexLt, A0  ; [section code]
0B6C    70 01                    1335          MOVEQ #1, D0  ; [section code]
0B6E    60 00 00 58              1336          BRA tokvmStageAndCommitSymbol  ; [section code]
----                             1337    ; [section code]
----                             1338  tokvmScanGreaterLike  ; [section code]
----                             1339          ; '>' expands into >, >>, and >=.  ; [section code]
0B72    52 82                    1340          ADDQ.L #1, D2  ; [section code]
0B74    B4 84                    1341          CMP.L D4, D2  ; [section code]
0B76    64 00 00 42              1342          BCC tokvmStageGt  ; [section code]
0B7A    0C 34 00 3E 28 00        1343          CMPI.B #'>', 0(A4, D2.L)  ; [section code]
0B80    67 00 00 10              1344          BEQ tokvmStageShr  ; [section code]
0B84    0C 34 00 3D 28 00        1345          CMPI.B #'=', 0(A4, D2.L)  ; [section code]
0B8A    67 00 00 1A              1346          BEQ tokvmStageGe  ; [section code]
0B8E    60 00 00 2A              1347          BRA tokvmStageGt  ; [section code]
----                             1348    ; [section code]
----                             1349  tokvmStageShr  ; [section code]
0B92    52 82                    1350          ADDQ.L #1, D2  ; [section code]
0B94    35 7C 00 19 00 04        1351          MOVE.W #TK_KIND_OP_SHR, LOCAL_PENDING_KIND(A2)  ; [section code]
0B9A    41 F9 00 00 00 94        1352          LEA lexShr, A0  ; [section code]
0BA0    70 02                    1353          MOVEQ #2, D0  ; [section code]
0BA2    60 00 00 24              1354          BRA tokvmStageAndCommitSymbol  ; [section code]
----                             1355    ; [section code]
----                             1356  tokvmStageGe  ; [section code]
0BA6    52 82                    1357          ADDQ.L #1, D2  ; [section code]
0BA8    35 7C 00 23 00 04        1358          MOVE.W #TK_KIND_OP_GE, LOCAL_PENDING_KIND(A2)  ; [section code]
0BAE    41 F9 00 00 00 90        1359          LEA lexGe, A0  ; [section code]
0BB4    70 02                    1360          MOVEQ #2, D0  ; [section code]
0BB6    60 00 00 10              1361          BRA tokvmStageAndCommitSymbol  ; [section code]
----                             1362    ; [section code]
----                             1363  tokvmStageGt  ; [section code]
0BBA    35 7C 00 24 00 04        1364          MOVE.W #TK_KIND_OP_GT, LOCAL_PENDING_KIND(A2)  ; [section code]
0BC0    41 F9 00 00 00 8F        1365          LEA lexGt, A0  ; [section code]
0BC6    70 01                    1366          MOVEQ #1, D0  ; [section code]
----                             1367    ; [section code]
----                             1368  tokvmStageAndCommitSymbol  ; [section code]
----                             1369          ; At this point LOCAL_PENDING_START already marks the source span start,  ; [section code]
----                             1370          ; D2 already points just past the consumed source bytes, and A0/D0 name  ; [section code]
----                             1371          ; the canonical lexeme bytes to materialize into scratch.  ; [section code]
0BC8    4E B9 00 00 05 3E        1372          JSR tokvmStageFixedLexeme  ; stage the canonical lexeme bytes before committing the token metadata  ; [section code]
0BCE    4A 80                    1373          TST.L D0  ; [section code]
0BD0    66 00 00 0C              1374          BNE tokvmStageAndCommitSymbolDone  ; [section code]
0BD4    25 42 00 0C              1375          MOVE.L D2, LOCAL_PENDING_END(A2)  ; [section code]
0BD8    4E B9 00 00 04 D4        1376          JSR tokvmCommitPendingToken  ; [section code]
----                             1377  tokvmStageAndCommitSymbolDone  ; [section code]
0BDE    4E 75                    1378          RTS  ; [section code]
----                             1379    ; [section code]
----                             1380  ; Used when symbol lookahead discovers a shape the native bytecode contract does  ; [section code]
----                             1381  ; not allow, such as the unsupported '**' power operator.  ; [section code]
----                             1382  tokvmScanSymbolInvalidProgram  ; [section code]
0BE0    24 2A 00 08              1383          MOVE.L LOCAL_PENDING_START(A2), D2  ; [section code]
0BE4    70 06                    1384          MOVEQ #TK_STATUS_INVALID_PROGRAM, D0  ; [section code]
0BE6    4E 75                    1385          RTS  ; [section code]
----                             1386    ; [section code]
----                             1387  ; Shared overflow exit for any scanner that would exceed scratch capacity.  ; [section code]
----                             1388  tokvmPendingLexemeOverflowFromScan  ; [section code]
0BE8    24 2A 00 08              1389          MOVE.L LOCAL_PENDING_START(A2), D2  ; [section code]
0BEC    70 03                    1390          MOVEQ #TK_STATUS_LEXEME_OVERFLOW, D0  ; [section code]
0BEE    4E 75                    1391          RTS  ; [section code]
----                             1392    ; [section code]
----                             1393  ; ---------------------------------------------------------------------------  ; [section code]
----                             1394  ; Character-class and byte-shape predicates.  ; [section code]
----                             1395  ;  ; [section code]
----                             1396  ; These intentionally parallel vm_char_class_matches, vm_matches_identifier_*,  ; [section code]
----                             1397  ; and related helper logic in tokenizer_runtime_utils.rs. The native demo loop  ; [section code]
----                             1398  ; calls them through JumpIfClass and the scan helpers reuse them while walking  ; [section code]
----                             1399  ; identifiers, number bodies, strings, and prefixed constants.  ; [section code]
----                             1400  ; ---------------------------------------------------------------------------  ; [section code]
----                             1401    ; [section code]
----                             1402  tokvmIsWhitespace  ; [section code]
0BF0    0C 00 00 20              1403          CMPI.B #' ', D0  ; this line-input slice only treats space and tab as intra-line whitespace  ; [section code]
0BF4    67 00 01 12              1404          BEQ tokvmPredicateTrue  ; [section code]
0BF8    0C 00 00 09              1405          CMPI.B #9, D0  ; [section code]
0BFC    67 00 01 0A              1406          BEQ tokvmPredicateTrue  ; [section code]
0C00    70 00                    1407          MOVEQ #0, D0  ; [section code]
0C02    4E 75                    1408          RTS  ; [section code]
----                             1409    ; [section code]
----                             1410  tokvmIsIdentifierStart  ; [section code]
----                             1411          ; These predicate chains intentionally avoid lookup tables so the native  ; [section code]
----                             1412          ; implementation stays easy to audit against the Rust helper masks.  ; [section code]
0C04    0C 00 00 41              1413          CMPI.B #'A', D0  ; [section code]
0C08    65 00 00 0A              1414          BLO tokvmCheckIdentStartLower  ; [section code]
0C0C    0C 00 00 5A              1415          CMPI.B #'Z', D0  ; [section code]
0C10    63 00 00 F6              1416          BLS tokvmPredicateTrue  ; [section code]
----                             1417  tokvmCheckIdentStartLower  ; [section code]
0C14    0C 00 00 61              1418          CMPI.B #'a', D0  ; [section code]
0C18    65 00 00 0A              1419          BLO tokvmCheckIdentStartPunct  ; [section code]
0C1C    0C 00 00 7A              1420          CMPI.B #'z', D0  ; [section code]
0C20    63 00 00 E6              1421          BLS tokvmPredicateTrue  ; [section code]
----                             1422  tokvmCheckIdentStartPunct  ; [section code]
0C24    0C 00 00 5F              1423          CMPI.B #'_', D0  ; [section code]
0C28    67 00 00 DE              1424          BEQ tokvmPredicateTrue  ; [section code]
0C2C    0C 00 00 2E              1425          CMPI.B #'.', D0  ; '.' remains identifier-start-capable because the runtime class mask includes it  ; [section code]
0C30    67 00 00 D6              1426          BEQ tokvmPredicateTrue  ; [section code]
0C34    70 00                    1427          MOVEQ #0, D0  ; [section code]
0C36    4E 75                    1428          RTS  ; [section code]
----                             1429    ; [section code]
----                             1430  tokvmIsIdentifierContinue  ; [section code]
0C38    0C 00 00 41              1431          CMPI.B #'A', D0  ; [section code]
0C3C    65 00 00 0A              1432          BLO tokvmCheckIdentContinueLower  ; [section code]
0C40    0C 00 00 5A              1433          CMPI.B #'Z', D0  ; [section code]
0C44    63 00 00 C2              1434          BLS tokvmPredicateTrue  ; [section code]
----                             1435  tokvmCheckIdentContinueLower  ; [section code]
0C48    0C 00 00 61              1436          CMPI.B #'a', D0  ; [section code]
0C4C    65 00 00 0A              1437          BLO tokvmCheckIdentContinueDigit  ; [section code]
0C50    0C 00 00 7A              1438          CMPI.B #'z', D0  ; [section code]
0C54    63 00 00 B2              1439          BLS tokvmPredicateTrue  ; [section code]
----                             1440  tokvmCheckIdentContinueDigit  ; [section code]
0C58    0C 00 00 30              1441          CMPI.B #'0', D0  ; [section code]
0C5C    65 00 00 0A              1442          BLO tokvmCheckIdentExtra  ; [section code]
0C60    0C 00 00 39              1443          CMPI.B #'9', D0  ; [section code]
0C64    63 00 00 A2              1444          BLS tokvmPredicateTrue  ; [section code]
----                             1445  tokvmCheckIdentExtra  ; [section code]
0C68    0C 00 00 5F              1446          CMPI.B #'_', D0  ; [section code]
0C6C    67 00 00 9A              1447          BEQ tokvmPredicateTrue  ; [section code]
0C70    0C 00 00 2E              1448          CMPI.B #'.', D0  ; [section code]
0C74    67 00 00 92              1449          BEQ tokvmPredicateTrue  ; [section code]
0C78    0C 00 00 24              1450          CMPI.B #'$', D0  ; '$' and '@' stay valid continue bytes per tokenizer_runtime_utils.rs masks  ; [section code]
0C7C    67 00 00 8A              1451          BEQ tokvmPredicateTrue  ; [section code]
0C80    0C 00 00 40              1452          CMPI.B #'@', D0  ; [section code]
0C84    67 00 00 82              1453          BEQ tokvmPredicateTrue  ; [section code]
0C88    70 00                    1454          MOVEQ #0, D0  ; [section code]
0C8A    4E 75                    1455          RTS  ; [section code]
----                             1456    ; [section code]
----                             1457  tokvmIsQuoteChar  ; [section code]
0C8C    0C 00 00 22              1458          CMPI.B #'"', D0  ; demo program accepts both quote styles, matching the Rust helper's quote-char set  ; [section code]
0C90    67 00 00 76              1459          BEQ tokvmPredicateTrue  ; [section code]
0C94    0C 00 00 27              1460          CMPI.B #39, D0  ; [section code]
0C98    67 00 00 6E              1461          BEQ tokvmPredicateTrue  ; [section code]
0C9C    70 00                    1462          MOVEQ #0, D0  ; [section code]
0C9E    4E 75                    1463          RTS  ; [section code]
----                             1464    ; [section code]
----                             1465  tokvmIsNumberBody  ; [section code]
----                             1466          ; Number bodies are deliberately permissive at scan time. Validation of  ; [section code]
----                             1467          ; bases and suffix meaning is deferred to later consumers, matching the  ; [section code]
----                             1468          ; Rust tokenizer helper contract.  ; [section code]
0CA0    0C 00 00 30              1469          CMPI.B #'0', D0  ; [section code]
0CA4    65 00 00 0A              1470          BLO tokvmCheckNumberLetters  ; [section code]
0CA8    0C 00 00 39              1471          CMPI.B #'9', D0  ; [section code]
0CAC    63 00 00 5A              1472          BLS tokvmPredicateTrue  ; [section code]
----                             1473  tokvmCheckNumberLetters  ; [section code]
0CB0    0C 00 00 41              1474          CMPI.B #'A', D0  ; [section code]
0CB4    65 00 00 0A              1475          BLO tokvmCheckNumberLower  ; [section code]
0CB8    0C 00 00 5A              1476          CMPI.B #'Z', D0  ; [section code]
0CBC    63 00 00 4A              1477          BLS tokvmPredicateTrue  ; [section code]
----                             1478  tokvmCheckNumberLower  ; [section code]
0CC0    0C 00 00 61              1479          CMPI.B #'a', D0  ; [section code]
0CC4    65 00 00 0A              1480          BLO tokvmCheckNumberExtra  ; [section code]
0CC8    0C 00 00 7A              1481          CMPI.B #'z', D0  ; [section code]
0CCC    63 00 00 3A              1482          BLS tokvmPredicateTrue  ; [section code]
----                             1483  tokvmCheckNumberExtra  ; [section code]
0CD0    0C 00 00 5F              1484          CMPI.B #'_', D0  ; [section code]
0CD4    67 00 00 32              1485          BEQ tokvmPredicateTrue  ; [section code]
0CD8    0C 00 00 24              1486          CMPI.B #'$', D0  ; [section code]
0CDC    67 00 00 2A              1487          BEQ tokvmPredicateTrue  ; [section code]
0CE0    0C 00 00 25              1488          CMPI.B #'%', D0  ; [section code]
0CE4    67 00 00 22              1489          BEQ tokvmPredicateTrue  ; [section code]
0CE8    0C 00 00 40              1490          CMPI.B #'@', D0  ; [section code]
0CEC    67 00 00 1A              1491          BEQ tokvmPredicateTrue  ; [section code]
0CF0    70 00                    1492          MOVEQ #0, D0  ; [section code]
0CF2    4E 75                    1493          RTS  ; [section code]
----                             1494    ; [section code]
----                             1495  tokvmIsHexDigitOrUnderscore  ; [section code]
----                             1496          ; Used only as a fast probe for deciding whether '$' begins a number or  ; [section code]
----                             1497          ; remains a standalone token.  ; [section code]
0CF4    0C 00 00 5F              1498          CMPI.B #'_', D0  ; [section code]
0CF8    67 00 00 0E              1499          BEQ tokvmPredicateTrue  ; [section code]
0CFC    4E B9 00 00 0D 10        1500          JSR tokvmHexDigitValue  ; [section code]
0D02    4A 80                    1501          TST.L D0  ; [section code]
0D04    6B 00 00 06              1502          BMI tokvmPredicateFalse  ; [section code]
----                             1503  tokvmPredicateTrue  ; [section code]
0D08    70 01                    1504          MOVEQ #1, D0  ; [section code]
0D0A    4E 75                    1505          RTS  ; [section code]
----                             1506    ; [section code]
----                             1507  tokvmPredicateFalse  ; [section code]
0D0C    70 00                    1508          MOVEQ #0, D0  ; [section code]
0D0E    4E 75                    1509          RTS  ; [section code]
----                             1510    ; [section code]
----                             1511  ; Shared hex nibble decoder for both string escape parsing and '$'-prefixed  ; [section code]
----                             1512  ; number probing. Returns -1 for non-hex input so callers can branch cleanly.  ; [section code]
----                             1513  tokvmHexDigitValue  ; [section code]
0D10    0C 00 00 30              1514          CMPI.B #'0', D0  ; shared nibble decoder for \xHH strings and '$'-prefixed number probing  ; [section code]
0D14    65 00 00 16              1515          BLO tokvmHexUpper  ; [section code]
0D18    0C 00 00 39              1516          CMPI.B #'9', D0  ; [section code]
0D1C    62 00 00 0E              1517          BHI tokvmHexUpper  ; [section code]
0D20    04 00 00 30              1518          SUBI.B #'0', D0  ; [section code]
0D24    02 80 00 00 00 FF        1519          ANDI.L #$FF, D0  ; [section code]
0D2A    4E 75                    1520          RTS  ; [section code]
----                             1521    ; [section code]
----                             1522  tokvmHexUpper  ; [section code]
0D2C    0C 00 00 41              1523          CMPI.B #'A', D0  ; [section code]
0D30    65 00 00 1A              1524          BLO tokvmHexLower  ; [section code]
0D34    0C 00 00 46              1525          CMPI.B #'F', D0  ; [section code]
0D38    62 00 00 12              1526          BHI tokvmHexLower  ; [section code]
0D3C    04 00 00 41              1527          SUBI.B #'A', D0  ; [section code]
0D40    06 00 00 0A              1528          ADDI.B #10, D0  ; [section code]
0D44    02 80 00 00 00 FF        1529          ANDI.L #$FF, D0  ; [section code]
0D4A    4E 75                    1530          RTS  ; [section code]
----                             1531    ; [section code]
----                             1532  tokvmHexLower  ; [section code]
0D4C    0C 00 00 61              1533          CMPI.B #'a', D0  ; [section code]
0D50    65 00 00 1A              1534          BLO tokvmHexInvalid  ; [section code]
0D54    0C 00 00 66              1535          CMPI.B #'f', D0  ; [section code]
0D58    62 00 00 12              1536          BHI tokvmHexInvalid  ; [section code]
0D5C    04 00 00 61              1537          SUBI.B #'a', D0  ; [section code]
0D60    06 00 00 0A              1538          ADDI.B #10, D0  ; [section code]
0D64    02 80 00 00 00 FF        1539          ANDI.L #$FF, D0  ; [section code]
0D6A    4E 75                    1540          RTS  ; [section code]
----                             1541    ; [section code]
----                             1542  tokvmHexInvalid  ; [section code]
0D6C    70 FF                    1543          MOVEQ #-1, D0  ; [section code]
0D6E    4E 75                    1544          RTS  ; [section code]
----                             1545    ; [section code]
----                             1546          .endsection
----                             1547          .section data, kind=data  ; [section data]
----                             1548    ; [section data]
----                             1549  ; Data section: ABI marker, bytecode macros, demo bytecode, and fixed lexeme  ; [section data]
----                             1550  ; templates used by the symbol scanner.  ; [section data]
----                             1551  abiMarker  ; [section data]
0016    4F 50 46 4F 52 47 45 2D 54 4F 4B 56 4D 2D 41 42 49 2D 56 31 00  1552          .byte "OPFORGE-TOKVM-ABI-V1", 0  ; [section data]
----                             1553    ; [section data]
----                             1554  ; The emit* helpers encode the same little-endian jump-target format produced by  ; [section data]
----                             1555  ; Rust's default_family_tokenizer_vm_program_bytes(). Keep demoProgram and the  ; [section data]
----                             1556  ; DEMO_PC_* offsets together so the control-flow map stays readable.  ; [section data]
----                             1557    ; [section data]
----                             1558    ; [section data]
----                             1559    ; [section data]
----                             1560    ; [section data]
----                             1561  ; Default tokenizer VM loop for this native example.  ; [section data]
----                             1562  ; This intentionally mirrors crates/opforge-vm/src/builder.rs:  ; [section data]
----                             1563  ; - ReadChar  ; [section data]
----                             1564  ; - if EOL -> End  ; [section data]
----                             1565  ; - if whitespace -> Advance and loop  ; [section data]
----                             1566  ; - if '.' or symbol-leading punctuation -> ScanSymbol  ; [section data]
----                             1567  ; - if identifier-start -> ScanIdentifier  ; [section data]
----                             1568  ; - if digit -> ScanNumber  ; [section data]
----                             1569  ; - if quote -> ScanString  ; [section data]
----                             1570  ;  ; [section data]
----                             1571  ; The bytecode below is the readable assembler mirror of builder.rs  ; [section data]
----                             1572  ; default_family_tokenizer_vm_program_bytes(): read char, branch by class, then loop.  ; [section data]
----                             1573  demoProgram  ; [section data]
----                             1574  demoReadChar  ; [section data]
002B    01                       1575          .byte TK_OPCODE_READ_CHAR  ; [section data]
----                             1576          .block  ; [section data]
----                             1577          ; Macros keep the demo bytecode readable without obscuring the exact byte  ; [section data]
----                             1578          ; sequence that the Rust builder would emit.  ; [section data]
002C    08                       1579          .byte TK_OPCODE_JUMP_IF_EOL  ; [section data]
----                             1580          .block  ; [section data]
----                             1581          ; Keep jump targets readable in source while still emitting the same  ; [section data]
----                             1582          ; little-endian u32 layout as builder.rs and the Rust VM loader expect.  ; [section data]
002D    42                       1583          .byte (DEMO_PC_FINISH) & $ff  ; [section data]
002E    00                       1584          .byte ((DEMO_PC_FINISH) >> 8) & $ff  ; [section data]
002F    00                       1585          .byte ((DEMO_PC_FINISH) >> 16) & $ff  ; [section data]
0030    00                       1586          .byte ((DEMO_PC_FINISH) >> 24) & $ff  ; [section data]
----                             1587          .endblock  ; [section data]
----                             1588          .endblock  ; [section data]
----                             1589          .block  ; [section data]
0031    0A 01                    1590          .byte TK_OPCODE_JUMP_IF_CLASS, TK_CLASS_WHITESPACE  ; [section data]
----                             1591          .block  ; [section data]
----                             1592          ; Keep jump targets readable in source while still emitting the same  ; [section data]
----                             1593          ; little-endian u32 layout as builder.rs and the Rust VM loader expect.  ; [section data]
0033    2A                       1594          .byte (DEMO_PC_SKIP_WHITESPACE) & $ff  ; [section data]
0034    00                       1595          .byte ((DEMO_PC_SKIP_WHITESPACE) >> 8) & $ff  ; [section data]
0035    00                       1596          .byte ((DEMO_PC_SKIP_WHITESPACE) >> 16) & $ff  ; [section data]
0036    00                       1597          .byte ((DEMO_PC_SKIP_WHITESPACE) >> 24) & $ff  ; [section data]
----                             1598          .endblock  ; [section data]
----                             1599          .endblock  ; [section data]
----                             1600          .block  ; [section data]
0037    09 2E                    1601          .byte TK_OPCODE_JUMP_IF_BYTE_EQ, '.'  ; [section data]
----                             1602          .block  ; [section data]
----                             1603          ; Keep jump targets readable in source while still emitting the same  ; [section data]
----                             1604          ; little-endian u32 layout as builder.rs and the Rust VM loader expect.  ; [section data]
0039    24                       1605          .byte (DEMO_PC_SCAN_SYMBOL) & $ff  ; [section data]
003A    00                       1606          .byte ((DEMO_PC_SCAN_SYMBOL) >> 8) & $ff  ; [section data]
003B    00                       1607          .byte ((DEMO_PC_SCAN_SYMBOL) >> 16) & $ff  ; [section data]
003C    00                       1608          .byte ((DEMO_PC_SCAN_SYMBOL) >> 24) & $ff  ; [section data]
----                             1609          .endblock  ; [section data]
----                             1610          .endblock  ; [section data]
----                             1611          .block  ; [section data]
003D    0A 02                    1612          .byte TK_OPCODE_JUMP_IF_CLASS, TK_CLASS_IDENTIFIER_START  ; [section data]
----                             1613          .block  ; [section data]
----                             1614          ; Keep jump targets readable in source while still emitting the same  ; [section data]
----                             1615          ; little-endian u32 layout as builder.rs and the Rust VM loader expect.  ; [section data]
003F    30                       1616          .byte (DEMO_PC_SCAN_IDENTIFIER) & $ff  ; [section data]
0040    00                       1617          .byte ((DEMO_PC_SCAN_IDENTIFIER) >> 8) & $ff  ; [section data]
0041    00                       1618          .byte ((DEMO_PC_SCAN_IDENTIFIER) >> 16) & $ff  ; [section data]
0042    00                       1619          .byte ((DEMO_PC_SCAN_IDENTIFIER) >> 24) & $ff  ; [section data]
----                             1620          .endblock  ; [section data]
----                             1621          .endblock  ; [section data]
----                             1622          .block  ; [section data]
0043    0A 04                    1623          .byte TK_OPCODE_JUMP_IF_CLASS, TK_CLASS_DIGIT  ; [section data]
----                             1624          .block  ; [section data]
----                             1625          ; Keep jump targets readable in source while still emitting the same  ; [section data]
----                             1626          ; little-endian u32 layout as builder.rs and the Rust VM loader expect.  ; [section data]
0045    36                       1627          .byte (DEMO_PC_SCAN_NUMBER) & $ff  ; [section data]
0046    00                       1628          .byte ((DEMO_PC_SCAN_NUMBER) >> 8) & $ff  ; [section data]
0047    00                       1629          .byte ((DEMO_PC_SCAN_NUMBER) >> 16) & $ff  ; [section data]
0048    00                       1630          .byte ((DEMO_PC_SCAN_NUMBER) >> 24) & $ff  ; [section data]
----                             1631          .endblock  ; [section data]
----                             1632          .endblock  ; [section data]
----                             1633          .block  ; [section data]
0049    0A 05                    1634          .byte TK_OPCODE_JUMP_IF_CLASS, TK_CLASS_QUOTE  ; [section data]
----                             1635          .block  ; [section data]
----                             1636          ; Keep jump targets readable in source while still emitting the same  ; [section data]
----                             1637          ; little-endian u32 layout as builder.rs and the Rust VM loader expect.  ; [section data]
004B    3C                       1638          .byte (DEMO_PC_SCAN_STRING) & $ff  ; [section data]
004C    00                       1639          .byte ((DEMO_PC_SCAN_STRING) >> 8) & $ff  ; [section data]
004D    00                       1640          .byte ((DEMO_PC_SCAN_STRING) >> 16) & $ff  ; [section data]
004E    00                       1641          .byte ((DEMO_PC_SCAN_STRING) >> 24) & $ff  ; [section data]
----                             1642          .endblock  ; [section data]
----                             1643          .endblock  ; [section data]
----                             1644    ; [section data]
----                             1645  demoScanSymbol  ; [section data]
----                             1646          ; Every scan arm jumps back to DEMO_PC_READ_CHAR so the program behaves  ; [section data]
----                             1647          ; as a tight read-dispatch-scan loop until EOL.  ; [section data]
004F    12                       1648          .byte TK_OPCODE_SCAN_SYMBOL  ; [section data]
----                             1649          .block  ; [section data]
----                             1650          ; Macros keep the demo bytecode readable without obscuring the exact byte  ; [section data]
----                             1651          ; sequence that the Rust builder would emit.  ; [section data]
0050    07                       1652          .byte TK_OPCODE_JUMP  ; [section data]
----                             1653          .block  ; [section data]
----                             1654          ; Keep jump targets readable in source while still emitting the same  ; [section data]
----                             1655          ; little-endian u32 layout as builder.rs and the Rust VM loader expect.  ; [section data]
0051    00                       1656          .byte (DEMO_PC_READ_CHAR) & $ff  ; [section data]
0052    00                       1657          .byte ((DEMO_PC_READ_CHAR) >> 8) & $ff  ; [section data]
0053    00                       1658          .byte ((DEMO_PC_READ_CHAR) >> 16) & $ff  ; [section data]
0054    00                       1659          .byte ((DEMO_PC_READ_CHAR) >> 24) & $ff  ; [section data]
----                             1660          .endblock  ; [section data]
----                             1661          .endblock  ; [section data]
----                             1662    ; [section data]
----                             1663  demoSkipWhitespace  ; [section data]
----                             1664          ; Whitespace is the only class that does not emit a token. It simply  ; [section data]
----                             1665          ; advances one byte and loops back to the next ReadChar.  ; [section data]
0055    02                       1666          .byte TK_OPCODE_ADVANCE  ; [section data]
----                             1667          .block  ; [section data]
----                             1668          ; Macros keep the demo bytecode readable without obscuring the exact byte  ; [section data]
----                             1669          ; sequence that the Rust builder would emit.  ; [section data]
0056    07                       1670          .byte TK_OPCODE_JUMP  ; [section data]
----                             1671          .block  ; [section data]
----                             1672          ; Keep jump targets readable in source while still emitting the same  ; [section data]
----                             1673          ; little-endian u32 layout as builder.rs and the Rust VM loader expect.  ; [section data]
0057    00                       1674          .byte (DEMO_PC_READ_CHAR) & $ff  ; [section data]
0058    00                       1675          .byte ((DEMO_PC_READ_CHAR) >> 8) & $ff  ; [section data]
0059    00                       1676          .byte ((DEMO_PC_READ_CHAR) >> 16) & $ff  ; [section data]
005A    00                       1677          .byte ((DEMO_PC_READ_CHAR) >> 24) & $ff  ; [section data]
----                             1678          .endblock  ; [section data]
----                             1679          .endblock  ; [section data]
----                             1680    ; [section data]
----                             1681  demoScanIdentifier  ; [section data]
005B    0F                       1682          .byte TK_OPCODE_SCAN_IDENTIFIER  ; [section data]
----                             1683          .block  ; [section data]
----                             1684          ; Macros keep the demo bytecode readable without obscuring the exact byte  ; [section data]
----                             1685          ; sequence that the Rust builder would emit.  ; [section data]
005C    07                       1686          .byte TK_OPCODE_JUMP  ; [section data]
----                             1687          .block  ; [section data]
----                             1688          ; Keep jump targets readable in source while still emitting the same  ; [section data]
----                             1689          ; little-endian u32 layout as builder.rs and the Rust VM loader expect.  ; [section data]
005D    00                       1690          .byte (DEMO_PC_READ_CHAR) & $ff  ; [section data]
005E    00                       1691          .byte ((DEMO_PC_READ_CHAR) >> 8) & $ff  ; [section data]
005F    00                       1692          .byte ((DEMO_PC_READ_CHAR) >> 16) & $ff  ; [section data]
0060    00                       1693          .byte ((DEMO_PC_READ_CHAR) >> 24) & $ff  ; [section data]
----                             1694          .endblock  ; [section data]
----                             1695          .endblock  ; [section data]
----                             1696    ; [section data]
----                             1697  demoScanNumber  ; [section data]
0061    10                       1698          .byte TK_OPCODE_SCAN_NUMBER  ; [section data]
----                             1699          .block  ; [section data]
----                             1700          ; Macros keep the demo bytecode readable without obscuring the exact byte  ; [section data]
----                             1701          ; sequence that the Rust builder would emit.  ; [section data]
0062    07                       1702          .byte TK_OPCODE_JUMP  ; [section data]
----                             1703          .block  ; [section data]
----                             1704          ; Keep jump targets readable in source while still emitting the same  ; [section data]
----                             1705          ; little-endian u32 layout as builder.rs and the Rust VM loader expect.  ; [section data]
0063    00                       1706          .byte (DEMO_PC_READ_CHAR) & $ff  ; [section data]
0064    00                       1707          .byte ((DEMO_PC_READ_CHAR) >> 8) & $ff  ; [section data]
0065    00                       1708          .byte ((DEMO_PC_READ_CHAR) >> 16) & $ff  ; [section data]
0066    00                       1709          .byte ((DEMO_PC_READ_CHAR) >> 24) & $ff  ; [section data]
----                             1710          .endblock  ; [section data]
----                             1711          .endblock  ; [section data]
----                             1712    ; [section data]
----                             1713  demoScanString  ; [section data]
0067    11                       1714          .byte TK_OPCODE_SCAN_STRING  ; [section data]
----                             1715          .block  ; [section data]
----                             1716          ; Macros keep the demo bytecode readable without obscuring the exact byte  ; [section data]
----                             1717          ; sequence that the Rust builder would emit.  ; [section data]
0068    07                       1718          .byte TK_OPCODE_JUMP  ; [section data]
----                             1719          .block  ; [section data]
----                             1720          ; Keep jump targets readable in source while still emitting the same  ; [section data]
----                             1721          ; little-endian u32 layout as builder.rs and the Rust VM loader expect.  ; [section data]
0069    00                       1722          .byte (DEMO_PC_READ_CHAR) & $ff  ; [section data]
006A    00                       1723          .byte ((DEMO_PC_READ_CHAR) >> 8) & $ff  ; [section data]
006B    00                       1724          .byte ((DEMO_PC_READ_CHAR) >> 16) & $ff  ; [section data]
006C    00                       1725          .byte ((DEMO_PC_READ_CHAR) >> 24) & $ff  ; [section data]
----                             1726          .endblock  ; [section data]
----                             1727          .endblock  ; [section data]
----                             1728    ; [section data]
----                             1729  demoFinish  ; [section data]
006D    00                       1730          .byte TK_OPCODE_END  ; [section data]
----                             1731    ; [section data]
----                             1732  ; Canonical lexeme spellings used by tokvmStageFixedLexeme.  ; [section data]
----                             1733  ; Keeping them in one contiguous table makes the symbol scanner readable and  ; [section data]
----                             1734  ; ensures the report's LEXHEX field stays stable across all operator forms.  ; [section data]
----                             1735  ; Grouping also makes it obvious which operators are implemented natively in  ; [section data]
----                             1736  ; this slice: if there is no fixed lexeme entry here, the scanner cannot emit it.  ; [section data]
----                             1737  lexDot  ; [section data]
006E    2E                       1738          .byte "."  ; [section data]
----                             1739  lexDollar  ; [section data]
006F    24                       1740          .byte "$"  ; [section data]
----                             1741  lexQuestion  ; [section data]
0070    3F                       1742          .byte "?"  ; [section data]
----                             1743  lexOpenBracket  ; [section data]
0071    5B                       1744          .byte "["  ; [section data]
----                             1745  lexCloseBracket  ; [section data]
0072    5D                       1746          .byte "]"  ; [section data]
----                             1747  lexOpenBrace  ; [section data]
0073    7B                       1748          .byte "{"  ; [section data]
----                             1749  lexCloseBrace  ; [section data]
0074    7D                       1750          .byte "}"  ; [section data]
----                             1751  lexComma  ; [section data]
0075    2C                       1752          .byte ","  ; [section data]
----                             1753  lexColon  ; [section data]
0076    3A                       1754          .byte ":"  ; [section data]
----                             1755  lexOpenParen  ; [section data]
0077    28                       1756          .byte "("  ; [section data]
----                             1757  lexCloseParen  ; [section data]
0078    29                       1758          .byte ")"  ; [section data]
----                             1759  lexPlus  ; [section data]
0079    2B                       1760          .byte "+"  ; [section data]
----                             1761  lexMinus  ; [section data]
007A    2D                       1762          .byte "-"  ; [section data]
----                             1763  lexMultiply  ; [section data]
007B    2A                       1764          .byte "*"  ; [section data]
----                             1765  lexDivide  ; [section data]
007C    2F                       1766          .byte "/"  ; [section data]
----                             1767  lexBitNot  ; [section data]
007D    7E                       1768          .byte "~"  ; [section data]
----                             1769  lexEq  ; [section data]
007E    3D 3D                    1770          .byte "=="  ; [section data]
----                             1771  lexNe  ; [section data]
0080    21 3D                    1772          .byte "!="  ; [section data]
----                             1773  lexLogicNot  ; [section data]
0082    21                       1774          .byte "!"  ; [section data]
----                             1775  lexBitAnd  ; [section data]
0083    26                       1776          .byte "&"  ; [section data]
----                             1777  lexBitOr  ; [section data]
0084    7C                       1778          .byte "|"  ; [section data]
----                             1779  lexLogicAnd  ; [section data]
0085    26 26                    1780          .byte "&&"  ; [section data]
----                             1781  lexLogicOr  ; [section data]
0087    7C 7C                    1782          .byte "||"  ; [section data]
----                             1783  lexCaret  ; [section data]
0089    5E                       1784          .byte "^"  ; [section data]
----                             1785  lexLogicXor  ; [section data]
008A    5E 5E                    1786          .byte "^^"  ; [section data]
----                             1787  lexLt  ; [section data]
008C    3C                       1788          .byte "<"  ; [section data]
----                             1789  lexLe  ; [section data]
008D    3C 3D                    1790          .byte "<="  ; [section data]
----                             1791  lexGt  ; [section data]
008F    3E                       1792          .byte ">"  ; [section data]
----                             1793  lexGe  ; [section data]
0090    3E 3D                    1794          .byte ">="  ; [section data]
----                             1795  lexShl  ; [section data]
0092    3C 3C                    1796          .byte "<<"  ; [section data]
----                             1797  lexShr  ; [section data]
0094    3E 3E                    1798          .byte ">>"  ; [section data]
----                             1799  lexMod  ; [section data]
0096    25                       1800          .byte "%"  ; [section data]
----                             1801  lexRange  ; [section data]
0097    2E 2E                    1802          .byte ".."  ; [section data]
----                             1803  lexRangeInclusive  ; [section data]
0099    2E 2E 3D                 1804          .byte "..="  ; [section data]
----                             1805    ; [section data]
----                             1806  ; 67 bytes is the assembled size of demoProgram and must stay aligned with the  ; [section data]
----                             1807  ; symbolic DEMO_PC_* offsets above as well as the Rust builder's default loop.  ; [section data]
----                             1808  demoProgramLen  ; [section data]
009C    00 00 00 43              1809          .long 67  ; [section data]
----                             1810    ; [section data]
----                             1811          .endsection
----                             1812          .endmodule
----                             1813          .module tokvm.amigaos.cli_harness
----                             1814          .cpu 68020
----                             1815          .pub
----                             1816          .use tokvm.amigaos.tokenizer_vm (tokvm_run_68000, tokvm_set_step_budget_68000)
----                             1817          .use tokvm.amigaos.tokenizer_vm (demoProgram, demoProgramLen, TOKVM_DEFAULT_MAX_STEPS_PER_LINE)
----                             1818          .use tokvm.amigaos.tokenizer_vm (TOKEN_BUFFER_CAPACITY, TOKEN_RECORD_SIZE)
----                             1819          .use tokvm.amigaos.tokenizer_vm (SOURCE_BUFFER_CAPACITY, SCRATCH_BUFFER_CAPACITY)
----                             1820          .use tokvm.amigaos.tokenizer_vm (TK_STATUS_VM_FAILURE, TK_STATUS_INVALID_PROGRAM, TK_KIND_OP_LT)
----                             1821  
----                             1822  ; ---------------------------------------------------------------------------
----                             1823  ; AmigaOS Exec/DOS offsets used by the CLI harness layer.
----                             1824  ; ---------------------------------------------------------------------------
----                             1825  
----    EQU 0004                 1826  SysBase                         = 4
----                             1827  
----    EQU 00AC                 1828  pr_CLI                          = 172
----    EQU 005C                 1829  pr_MsgPort                      = 92
----                             1830  
----    EQU FFFFFDD8             1831  OpenLibrary                     = -552
----    EQU FFFFFE62             1832  CloseLibrary                    = -414
----    EQU FFFFFEDA             1833  FindTask                        = -294
----    EQU FFFFFE80             1834  WaitPort                        = -384
----    EQU FFFFFE8C             1835  GetMsg                          = -372
----    EQU FFFFFE86             1836  ReplyMsg                        = -378
----    EQU FFFFFF7C             1837  Forbid                          = -132
----                             1838  
----    EQU FFFFFFE2             1839  Open                            = -30
----    EQU FFFFFFDC             1840  Close                           = -36
----    EQU FFFFFFD6             1841  Read                            = -42
----    EQU FFFFFFD0             1842  Write                           = -48
----    EQU FFFFFFC4             1843  Output                          = -60
----    EQU FFFFFF7C             1844  IoErr                           = -132
----    EQU FFFFFDEA             1845  GetArgStr                       = -534
----                             1846  
----    EQU 03ED                 1847  MODE_OLDFILE                    = 1005
----    EQU 03EE                 1848  MODE_NEWFILE                    = 1006
----                             1849  
----                             1850  ; Process exit codes returned from the Amiga entry path.
----    EQU 0000                 1851  RETURN_OK                       = 0
----    EQU 0014                 1852  RETURN_USAGE                    = 20
----    EQU 0015                 1853  RETURN_FILE_FAILURE             = 21
----    EQU 0016                 1854  RETURN_INPUT_TOO_LARGE          = 22
----    EQU 0017                 1855  RETURN_VM_FAILURE               = 23
----    EQU 0018                 1856  RETURN_OUTPUT_FAILURE           = 24
----    EQU 0019                 1857  RETURN_WORKBENCH_UNSUPPORTED    = 25
----                             1858  
----                             1859  ; Negative harness statuses are report-visible host failures that occur before
----                             1860  ; or around VM execution.
----    EQU FFFFFF9C             1861  HARNESS_STATUS_USAGE            = -100
----    EQU FFFFFF9B             1862  HARNESS_STATUS_QUOTED_PATH      = -101
----    EQU FFFFFF9A             1863  HARNESS_STATUS_INPUT_OPEN       = -102
----    EQU FFFFFF99             1864  HARNESS_STATUS_INPUT_READ       = -103
----    EQU FFFFFF98             1865  HARNESS_STATUS_INPUT_TOO_LARGE  = -104
----    EQU FFFFFF97             1866  HARNESS_STATUS_OUTPUT_OPEN      = -105
----                             1867  
----    EQU 0100                 1868  PATH_BUFFER_CAPACITY            = 256
----                             1869  
----                             1870  ; globals is a tiny process-local host state block shared across the harness.
----                             1871  ; Offsets are intentionally fixed because A4 stays pinned to this base while the
----                             1872  ; report writer and DOS wrappers call each other.
----    EQU 0000                 1873  GLOBALS_DOS_BASE                = 0
----    EQU 0004                 1874  GLOBALS_STDOUT_HANDLE           = 4
----    EQU 0008                 1875  GLOBALS_LAST_IOERR              = 8
----    EQU 000C                 1876  GLOBALS_OUTPUT_HANDLE           = 12
----    EQU 0010                 1877  GLOBALS_SIZE                    = 16
----                             1878  
----                             1879          .section code, kind=code  ; [section code]
----                             1880    ; [section code]
----                             1881  ; ---------------------------------------------------------------------------  ; [section code]
----                             1882  ; Host-facing harness.  ; [section code]
----                             1883  ;  ; [section code]
----                             1884  ; This is the native equivalent of the Rust tokenizer bridge setup:  ; [section code]
----                             1885  ; 1. initialize DOS access  ; [section code]
----                             1886  ; 2. obtain and parse CLI arguments  ; [section code]
----                             1887  ; 3. read exactly one single-line source buffer plus a one-byte overflow probe  ; [section code]
----                             1888  ; 4. invoke tokvm_run_68000 with caller-owned buffers and demoProgram  ; [section code]
----                             1889  ; 5. render the OPFORGE-TOKVM 1 report from the native token buffer  ; [section code]
----                             1890  ; ---------------------------------------------------------------------------  ; [section code]
----                             1891    ; [section code]
----                             1892  tokvm_amigaos_cli_harness_run  ; [section code]
0D70    48 E7 3F 3E              1893          MOVEM.L D2-D7/A2-A6, -(SP)  ; [section code]
0D74    49 F9 00 00 00 00        1894          LEA globals, A4  ; shared host state block: DOS base, stdout, output handle, last IoErr  ; [section code]
0D7A    7E 00                    1895          MOVEQ #RETURN_OK, D7  ; optimistic Shell return until a host or VM failure overrides it  ; [section code]
----                             1896    ; [section code]
0D7C    61 00 05 FC              1897          BSR.W amigaos_cli_fileio_init  ; mirrors Rust-side host bootstrap: open DOS and discover stdout  ; [section code]
0D80    4A 80                    1898          TST.L D0  ; [section code]
0D82    66 00 01 92              1899          BNE.W tokvmHarnessCleanup  ; [section code]
----                             1900    ; [section code]
0D86    61 00 06 54              1901          BSR.W amigaos_cli_fileio_get_arg_str  ; DOS GetArgStr provides the raw Shell argument tail  ; [section code]
0D8A    61 00 01 AA              1902          BSR.W tokvm_amigaos_cli_harness_parse_args  ; native spec is intentionally fixed: <input-path> <output-path>  ; [section code]
0D8E    4A 80                    1903          TST.L D0  ; [section code]
0D90    67 00 00 2C              1904          BEQ.W tokvmHarnessArgsParsed  ; [section code]
0D94    7E 14                    1905          MOVEQ #RETURN_USAGE, D7  ; [section code]
0D96    22 2C 00 04              1906          MOVE.L GLOBALS_STDOUT_HANDLE(A4), D1  ; [section code]
0D9A    0C 80 FF FF FF 9B        1907          CMPI.L #HARNESS_STATUS_QUOTED_PATH, D0  ; [section code]
0DA0    66 0E                    1908          BNE.S tokvmHarnessUsage  ; [section code]
0DA2    41 F9 00 00 00 D5        1909          LEA quotedPathMessage, A0  ; [section code]
0DA8    61 00 06 AC              1910          BSR.W amigaos_cli_fileio_write_cstr  ; [section code]
0DAC    60 00 01 68              1911          BRA.W tokvmHarnessCleanup  ; [section code]
----                             1912    ; [section code]
----                             1913  tokvmHarnessUsage  ; [section code]
0DB0    41 F9 00 00 00 AC        1914          LEA usageMessage, A0  ; [section code]
0DB6    61 00 06 9E              1915          BSR.W amigaos_cli_fileio_write_cstr  ; [section code]
0DBA    60 00 01 5A              1916          BRA.W tokvmHarnessCleanup  ; [section code]
----                             1917    ; [section code]
----                             1918  tokvmHarnessArgsParsed  ; [section code]
0DBE    41 F9 00 00 01 10        1919          LEA outputPathBuffer, A0  ; open the report target first so later failure paths can still emit report text  ; [section code]
0DC4    61 00 06 4C              1920          BSR.W amigaos_cli_fileio_open_output  ; [section code]
0DC8    4A 80                    1921          TST.L D0  ; [section code]
0DCA    66 14                    1922          BNE.S tokvmHarnessOutputOpened  ; [section code]
0DCC    7E 18                    1923          MOVEQ #RETURN_OUTPUT_FAILURE, D7  ; [section code]
0DCE    22 2C 00 04              1924          MOVE.L GLOBALS_STDOUT_HANDLE(A4), D1  ; [section code]
0DD2    41 F9 00 00 00 FC        1925          LEA outputOpenMessage, A0  ; [section code]
0DD8    61 00 06 7C              1926          BSR.W amigaos_cli_fileio_write_cstr  ; [section code]
0DDC    60 00 01 38              1927          BRA.W tokvmHarnessCleanup  ; [section code]
----                             1928    ; [section code]
----                             1929  tokvmHarnessOutputOpened  ; [section code]
0DE0    29 40 00 0C              1930          MOVE.L D0, GLOBALS_OUTPUT_HANDLE(A4)  ; [section code]
0DE4    2C 00                    1931          MOVE.L D0, D6  ; keep the output handle live for report writes and final cleanup  ; [section code]
0DE6    41 F9 00 00 00 10        1932          LEA inputPathBuffer, A0  ; [section code]
0DEC    61 00 06 02              1933          BSR.W amigaos_cli_fileio_open_input  ; [section code]
0DF0    4A 80                    1934          TST.L D0  ; [section code]
0DF2    66 18                    1935          BNE.S tokvmHarnessInputOpened  ; [section code]
0DF4    7E 15                    1936          MOVEQ #RETURN_FILE_FAILURE, D7  ; [section code]
0DF6    20 3C FF FF FF 9A        1937          MOVE.L #HARNESS_STATUS_INPUT_OPEN, D0  ; [section code]
0DFC    61 00 01 F6              1938          BSR.W tokvm_amigaos_cli_harness_write_failure_report  ; [section code]
0E00    4A 80                    1939          TST.L D0  ; [section code]
0E02    67 00 01 12              1940          BEQ.W tokvmHarnessCleanup  ; [section code]
0E06    7E 18                    1941          MOVEQ #RETURN_OUTPUT_FAILURE, D7  ; [section code]
0E08    60 00 01 0C              1942          BRA.W tokvmHarnessCleanup  ; [section code]
----                             1943    ; [section code]
----                             1944  tokvmHarnessInputOpened  ; [section code]
0E0C    2A 00                    1945          MOVE.L D0, D5  ; input handle lives only until the bounded single-line read completes  ; [section code]
0E0E    41 F9 00 00 02 10        1946          LEA sourceBuffer, A0  ; [section code]
0E14    20 3C 00 00 04 00        1947          MOVE.L #SOURCE_BUFFER_CAPACITY, D0  ; tokvm native ABI takes a caller-owned contiguous source slice  ; [section code]
0E1A    22 05                    1948          MOVE.L D5, D1  ; [section code]
0E1C    61 00 06 16              1949          BSR.W amigaos_cli_fileio_read  ; [section code]
0E20    B0 BC FF FF FF FF        1950          CMP.L #-1, D0  ; [section code]
0E26    66 1E                    1951          BNE.S tokvmHarnessReadOk  ; [section code]
0E28    22 05                    1952          MOVE.L D5, D1  ; [section code]
0E2A    61 00 06 80              1953          BSR.W amigaos_cli_fileio_close  ; [section code]
0E2E    7E 15                    1954          MOVEQ #RETURN_FILE_FAILURE, D7  ; [section code]
0E30    20 3C FF FF FF 99        1955          MOVE.L #HARNESS_STATUS_INPUT_READ, D0  ; [section code]
0E36    61 00 01 BC              1956          BSR.W tokvm_amigaos_cli_harness_write_failure_report  ; [section code]
0E3A    4A 80                    1957          TST.L D0  ; [section code]
0E3C    67 00 00 D8              1958          BEQ.W tokvmHarnessCleanup  ; [section code]
0E40    7E 18                    1959          MOVEQ #RETURN_OUTPUT_FAILURE, D7  ; [section code]
0E42    60 00 00 D2              1960          BRA.W tokvmHarnessCleanup  ; [section code]
----                             1961    ; [section code]
----                             1962  tokvmHarnessReadOk  ; [section code]
0E46    28 00                    1963          MOVE.L D0, D4  ; D4 becomes source byte length, matching tokvm_run_68000 input ABI  ; [section code]
0E48    41 F9 00 00 0F 22        1964          LEA inputProbeByte, A0  ; [section code]
0E4E    70 01                    1965          MOVEQ #1, D0  ; one-byte overflow probe enforces the spec's bounded single-line input rule  ; [section code]
0E50    22 05                    1966          MOVE.L D5, D1  ; [section code]
0E52    61 00 05 E0              1967          BSR.W amigaos_cli_fileio_read  ; [section code]
0E56    26 00                    1968          MOVE.L D0, D3  ; [section code]
0E58    B0 BC FF FF FF FF        1969          CMP.L #-1, D0  ; [section code]
0E5E    66 1E                    1970          BNE.S tokvmHarnessProbeOk  ; [section code]
0E60    22 05                    1971          MOVE.L D5, D1  ; [section code]
0E62    61 00 06 48              1972          BSR.W amigaos_cli_fileio_close  ; [section code]
0E66    7E 15                    1973          MOVEQ #RETURN_FILE_FAILURE, D7  ; [section code]
0E68    20 3C FF FF FF 99        1974          MOVE.L #HARNESS_STATUS_INPUT_READ, D0  ; [section code]
0E6E    61 00 01 84              1975          BSR.W tokvm_amigaos_cli_harness_write_failure_report  ; [section code]
0E72    4A 80                    1976          TST.L D0  ; [section code]
0E74    67 00 00 A0              1977          BEQ.W tokvmHarnessCleanup  ; [section code]
0E78    7E 18                    1978          MOVEQ #RETURN_OUTPUT_FAILURE, D7  ; [section code]
0E7A    60 00 00 9A              1979          BRA.W tokvmHarnessCleanup  ; [section code]
----                             1980    ; [section code]
----                             1981  tokvmHarnessProbeOk  ; [section code]
0E7E    22 05                    1982          MOVE.L D5, D1  ; [section code]
0E80    61 00 06 2A              1983          BSR.W amigaos_cli_fileio_close  ; [section code]
0E84    4A 80                    1984          TST.L D0  ; [section code]
0E86    67 18                    1985          BEQ.S tokvmHarnessProbeClosed  ; [section code]
0E88    7E 15                    1986          MOVEQ #RETURN_FILE_FAILURE, D7  ; [section code]
0E8A    20 3C FF FF FF 99        1987          MOVE.L #HARNESS_STATUS_INPUT_READ, D0  ; [section code]
0E90    61 00 01 62              1988          BSR.W tokvm_amigaos_cli_harness_write_failure_report  ; [section code]
0E94    4A 80                    1989          TST.L D0  ; [section code]
0E96    67 00 00 7E              1990          BEQ.W tokvmHarnessCleanup  ; [section code]
0E9A    7E 18                    1991          MOVEQ #RETURN_OUTPUT_FAILURE, D7  ; [section code]
0E9C    60 00 00 78              1992          BRA.W tokvmHarnessCleanup  ; [section code]
----                             1993    ; [section code]
----                             1994  tokvmHarnessProbeClosed  ; [section code]
0EA0    4A 83                    1995          TST.L D3  ; any extra byte means the caller exceeded SOURCE_BUFFER_CAPACITY  ; [section code]
0EA2    67 18                    1996          BEQ.S tokvmHarnessInvokeVm  ; [section code]
0EA4    7E 16                    1997          MOVEQ #RETURN_INPUT_TOO_LARGE, D7  ; [section code]
0EA6    20 3C FF FF FF 98        1998          MOVE.L #HARNESS_STATUS_INPUT_TOO_LARGE, D0  ; [section code]
0EAC    61 00 01 46              1999          BSR.W tokvm_amigaos_cli_harness_write_failure_report  ; [section code]
0EB0    4A 80                    2000          TST.L D0  ; [section code]
0EB2    67 00 00 62              2001          BEQ.W tokvmHarnessCleanup  ; [section code]
0EB6    7E 18                    2002          MOVEQ #RETURN_OUTPUT_FAILURE, D7  ; [section code]
0EB8    60 00 00 5C              2003          BRA.W tokvmHarnessCleanup  ; [section code]
----                             2004    ; [section code]
----                             2005  tokvmHarnessInvokeVm  ; [section code]
----                             2006          ; Register ABI for tokvm_run_68000:  ; [section code]
----                             2007          ; A0/D0 source slice, A1/D1 token buffer+capacity, A2/D2 scratch buffer+capacity,  ; [section code]
----                             2008          ; A3/D3 demo bytecode pointer+length. This mirrors the native contract documented  ; [section code]
----                             2009          ; in tokvm_tokenizer_vm.asm and used by the Rust-side bridge tests.  ; [section code]
0EBC    20 3C 00 00 08 00        2010          MOVE.L #TOKVM_DEFAULT_MAX_STEPS_PER_LINE, D0  ; [section code]
0EC2    4E B9 00 00 00 00        2011          JSR tokvm_set_step_budget_68000  ; [section code]
0EC8    41 F9 00 00 02 10        2012          LEA sourceBuffer, A0  ; [section code]
0ECE    20 04                    2013          MOVE.L D4, D0  ; [section code]
0ED0    43 F9 00 00 06 10        2014          LEA tokenBuffer, A1  ; [section code]
0ED6    22 3C 00 00 00 40        2015          MOVE.L #TOKEN_BUFFER_CAPACITY, D1  ; [section code]
0EDC    45 F9 00 00 0B 10        2016          LEA lexemeScratch, A2  ; [section code]
0EE2    24 3C 00 00 04 00        2017          MOVE.L #SCRATCH_BUFFER_CAPACITY, D2  ; [section code]
0EE8    47 F9 00 00 00 2B        2018          LEA demoProgram, A3  ; [section code]
0EEE    26 39 00 00 00 9C        2019          MOVE.L demoProgramLen, D3  ; [section code]
0EF4    4E B9 00 00 00 46        2020          JSR tokvm_run_68000  ; [section code]
----                             2021    ; [section code]
0EFA    28 00                    2022          MOVE.L D0, D4  ; status  ; [section code]
0EFC    2A 01                    2023          MOVE.L D1, D5  ; emitted token count  ; [section code]
0EFE    2C 02                    2024          MOVE.L D2, D6  ; final source cursor / column end  ; [section code]
0F00    4A 84                    2025          TST.L D4  ; [section code]
0F02    67 02                    2026          BEQ.S tokvmHarnessWriteVmReport  ; [section code]
0F04    7E 17                    2027          MOVEQ #RETURN_VM_FAILURE, D7  ; [section code]
----                             2028    ; [section code]
----                             2029  tokvmHarnessWriteVmReport  ; [section code]
0F06    20 04                    2030          MOVE.L D4, D0  ; [section code]
0F08    22 05                    2031          MOVE.L D5, D1  ; [section code]
0F0A    24 06                    2032          MOVE.L D6, D2  ; [section code]
0F0C    61 00 00 F0              2033          BSR.W tokvm_amigaos_cli_harness_write_report  ; render the OPFORGE-TOKVM 1 report consumed by asm regression tests  ; [section code]
0F10    4A 80                    2034          TST.L D0  ; [section code]
0F12    67 02                    2035          BEQ.S tokvmHarnessCleanup  ; [section code]
0F14    7E 18                    2036          MOVEQ #RETURN_OUTPUT_FAILURE, D7  ; [section code]
----                             2037    ; [section code]
----                             2038  tokvmHarnessCleanup  ; [section code]
0F16    22 2C 00 0C              2039          MOVE.L GLOBALS_OUTPUT_HANDLE(A4), D1  ; close the report handle even after VM or formatting failures  ; [section code]
0F1A    67 0E                    2040          BEQ.S tokvmHarnessShutdown  ; [section code]
0F1C    61 00 05 8E              2041          BSR.W amigaos_cli_fileio_close  ; [section code]
0F20    42 AC 00 0C              2042          CLR.L GLOBALS_OUTPUT_HANDLE(A4)  ; [section code]
0F24    4A 80                    2043          TST.L D0  ; [section code]
0F26    67 02                    2044          BEQ.S tokvmHarnessShutdown  ; [section code]
0F28    7E 18                    2045          MOVEQ #RETURN_OUTPUT_FAILURE, D7  ; [section code]
----                             2046    ; [section code]
----                             2047  tokvmHarnessShutdown  ; [section code]
0F2A    61 00 04 92              2048          BSR.W amigaos_cli_fileio_shutdown  ; [section code]
0F2E    20 07                    2049          MOVE.L D7, D0  ; [section code]
0F30    4C DF 7C FC              2050          MOVEM.L (SP)+, D2-D7/A2-A6  ; [section code]
0F34    4E 75                    2051          RTS  ; [section code]
----                             2052    ; [section code]
----                             2053  ; Parse exactly two unquoted Shell paths from DOS GetArgStr output.  ; [section code]
----                             2054  ; This stays intentionally narrower than a full command-line parser because the  ; [section code]
----                             2055  ; harness spec defines a fixed tokvm <input-path> <output-path> contract.  ; [section code]
----                             2056  tokvm_amigaos_cli_harness_parse_args  ; [section code]
0F36    48 E7 3F 3E              2057          MOVEM.L D2-D7/A2-A6, -(SP)  ; [section code]
0F3A    26 48                    2058          MOVEA.L A0, A3  ; A3 walks the raw DOS argument tail in-place  ; [section code]
0F3C    61 4C                    2059          BSR.S tokvmHarnessSkipWhitespace  ; align with the Rust test helper that trims surrounding Shell whitespace  ; [section code]
0F3E    4A 13                    2060          TST.B (A3)  ; [section code]
0F40    67 34                    2061          BEQ.S tokvmHarnessArgsMissing  ; [section code]
0F42    0C 13 00 22              2062          CMPI.B #'"', (A3)  ; quoted paths stay unsupported in this narrow first-shell contract  ; [section code]
0F46    67 36                    2063          BEQ.S tokvmHarnessArgsQuoted  ; [section code]
0F48    43 F9 00 00 00 10        2064          LEA inputPathBuffer, A1  ; [section code]
0F4E    61 58                    2065          BSR.S tokvmHarnessCopyToken  ; copy token 0 => input path  ; [section code]
0F50    4A 80                    2066          TST.L D0  ; [section code]
0F52    66 30                    2067          BNE.S tokvmHarnessArgsDone  ; [section code]
0F54    61 34                    2068          BSR.S tokvmHarnessSkipWhitespace  ; [section code]
0F56    4A 13                    2069          TST.B (A3)  ; [section code]
0F58    67 1C                    2070          BEQ.S tokvmHarnessArgsMissing  ; [section code]
0F5A    0C 13 00 22              2071          CMPI.B #'"', (A3)  ; [section code]
0F5E    67 1E                    2072          BEQ.S tokvmHarnessArgsQuoted  ; [section code]
0F60    43 F9 00 00 01 10        2073          LEA outputPathBuffer, A1  ; [section code]
0F66    61 40                    2074          BSR.S tokvmHarnessCopyToken  ; copy token 1 => output path  ; [section code]
0F68    4A 80                    2075          TST.L D0  ; [section code]
0F6A    66 18                    2076          BNE.S tokvmHarnessArgsDone  ; [section code]
0F6C    61 1C                    2077          BSR.S tokvmHarnessSkipWhitespace  ; [section code]
0F6E    4A 13                    2078          TST.B (A3)  ; [section code]
0F70    66 04                    2079          BNE.S tokvmHarnessArgsMissing  ; [section code]
0F72    70 00                    2080          MOVEQ #0, D0  ; [section code]
0F74    60 0E                    2081          BRA.S tokvmHarnessArgsDone  ; [section code]
----                             2082    ; [section code]
----                             2083  tokvmHarnessArgsMissing  ; [section code]
0F76    20 3C FF FF FF 9C        2084          MOVE.L #HARNESS_STATUS_USAGE, D0  ; [section code]
0F7C    60 06                    2085          BRA.S tokvmHarnessArgsDone  ; [section code]
----                             2086    ; [section code]
----                             2087  tokvmHarnessArgsQuoted  ; [section code]
0F7E    20 3C FF FF FF 9B        2088          MOVE.L #HARNESS_STATUS_QUOTED_PATH, D0  ; [section code]
----                             2089    ; [section code]
----                             2090  tokvmHarnessArgsDone  ; [section code]
0F84    4C DF 7C FC              2091          MOVEM.L (SP)+, D2-D7/A2-A6  ; [section code]
0F88    4E 75                    2092          RTS  ; [section code]
----                             2093    ; [section code]
----                             2094  tokvmHarnessSkipWhitespace  ; [section code]
0F8A    0C 13 00 20              2095          CMPI.B #' ', (A3)  ; [section code]
0F8E    67 12                    2096          BEQ.S tokvmHarnessSkipOne  ; [section code]
0F90    0C 13 00 09              2097          CMPI.B #9, (A3)  ; [section code]
0F94    67 0C                    2098          BEQ.S tokvmHarnessSkipOne  ; [section code]
0F96    0C 13 00 0A              2099          CMPI.B #10, (A3)  ; [section code]
0F9A    67 06                    2100          BEQ.S tokvmHarnessSkipOne  ; [section code]
0F9C    0C 13 00 0D              2101          CMPI.B #13, (A3)  ; [section code]
0FA0    66 04                    2102          BNE.S tokvmHarnessSkipDone  ; [section code]
----                             2103  tokvmHarnessSkipOne  ; [section code]
0FA2    52 8B                    2104          ADDQ.L #1, A3  ; [section code]
0FA4    60 E4                    2105          BRA.S tokvmHarnessSkipWhitespace  ; [section code]
----                             2106    ; [section code]
----                             2107  tokvmHarnessSkipDone  ; [section code]
0FA6    4E 75                    2108          RTS  ; [section code]
----                             2109    ; [section code]
----                             2110  ; Copy one CLI path token into the caller-selected buffer.  ; [section code]
----                             2111  ; This intentionally implements a narrow Shell token grammar rather than full  ; [section code]
----                             2112  ; quote/escape handling because the tokvm host spec only accepts raw paths.  ; [section code]
----                             2113  tokvmHarnessCopyToken  ; [section code]
0FA8    2C 3C 00 00 00 FF        2114          MOVE.L #PATH_BUFFER_CAPACITY - 1, D6  ; reserve space for the trailing NUL DOS expects  ; [section code]
----                             2115  tokvmHarnessCopyLoop  ; [section code]
0FAE    70 00                    2116          MOVEQ #0, D0  ; [section code]
0FB0    10 13                    2117          MOVE.B (A3), D0  ; [section code]
0FB2    67 2A                    2118          BEQ.S tokvmHarnessCopyFinish  ; [section code]
0FB4    0C 00 00 20              2119          CMPI.B #' ', D0  ; [section code]
0FB8    67 24                    2120          BEQ.S tokvmHarnessCopyFinish  ; [section code]
0FBA    0C 00 00 09              2121          CMPI.B #9, D0  ; [section code]
0FBE    67 1E                    2122          BEQ.S tokvmHarnessCopyFinish  ; [section code]
0FC0    0C 00 00 0A              2123          CMPI.B #10, D0  ; [section code]
0FC4    67 18                    2124          BEQ.S tokvmHarnessCopyFinish  ; [section code]
0FC6    0C 00 00 0D              2125          CMPI.B #13, D0  ; [section code]
0FCA    67 12                    2126          BEQ.S tokvmHarnessCopyFinish  ; [section code]
0FCC    0C 00 00 22              2127          CMPI.B #'"', D0  ; [section code]
0FD0    67 12                    2128          BEQ.S tokvmHarnessCopyQuoted  ; [section code]
0FD2    4A 86                    2129          TST.L D6  ; [section code]
0FD4    67 16                    2130          BEQ.S tokvmHarnessCopyOverflow  ; [section code]
0FD6    12 C0                    2131          MOVE.B D0, (A1)+  ; preserve the raw path byte; no shell-style unescaping in this slice  ; [section code]
0FD8    52 8B                    2132          ADDQ.L #1, A3  ; [section code]
0FDA    53 86                    2133          SUBQ.L #1, D6  ; [section code]
0FDC    60 D0                    2134          BRA.S tokvmHarnessCopyLoop  ; [section code]
----                             2135    ; [section code]
----                             2136  tokvmHarnessCopyFinish  ; [section code]
0FDE    42 11                    2137          CLR.B (A1)  ; [section code]
0FE0    70 00                    2138          MOVEQ #0, D0  ; [section code]
0FE2    4E 75                    2139          RTS  ; [section code]
----                             2140    ; [section code]
----                             2141  tokvmHarnessCopyQuoted  ; [section code]
0FE4    20 3C FF FF FF 9B        2142          MOVE.L #HARNESS_STATUS_QUOTED_PATH, D0  ; [section code]
0FEA    4E 75                    2143          RTS  ; [section code]
----                             2144    ; [section code]
----                             2145  tokvmHarnessCopyOverflow  ; [section code]
0FEC    20 3C FF FF FF 9C        2146          MOVE.L #HARNESS_STATUS_USAGE, D0  ; [section code]
0FF2    4E 75                    2147          RTS  ; [section code]
----                             2148    ; [section code]
----                             2149  ; Failure reports reuse the same report writer as success reports so the file  ; [section code]
----                             2150  ; format stays identical across success and host/VM failure paths.  ; [section code]
----                             2151  tokvm_amigaos_cli_harness_write_failure_report  ; [section code]
0FF4    42 81                    2152          CLR.L D1  ; [section code]
0FF6    42 82                    2153          CLR.L D2  ; [section code]
0FF8    42 83                    2154          CLR.L D3  ; [section code]
0FFA    60 00 00 02              2155          BRA.W tokvm_amigaos_cli_harness_write_report  ; [section code]
----                             2156    ; [section code]
----                             2157  tokvm_amigaos_cli_harness_write_report  ; [section code]
0FFE    48 E7 3F 3E              2158          MOVEM.L D2-D7/A2-A6, -(SP)  ; [section code]
1002    28 00                    2159          MOVE.L D0, D4  ; [section code]
1004    2A 01                    2160          MOVE.L D1, D5  ; [section code]
1006    2C 02                    2161          MOVE.L D2, D6  ; [section code]
----                             2162          ; Reject malformed native buffers before formatting token lines so bad VM state  ; [section code]
----                             2163          ; degrades to TK_STATUS_VM_FAILURE instead of emitting invalid report metadata.  ; [section code]
1008    24 03                    2164          MOVE.L D3, D2  ; [section code]
100A    61 00 01 E2              2165          BSR.W tokvm_amigaos_cli_harness_validate_vm_result  ; [section code]
100E    4A 80                    2166          TST.L D0  ; [section code]
1010    67 08                    2167          BEQ.S tokvmHarnessReportValidated  ; [section code]
1012    78 04                    2168          MOVEQ #TK_STATUS_VM_FAILURE, D4  ; [section code]
1014    7A 00                    2169          MOVEQ #0, D5  ; [section code]
1016    7C 00                    2170          MOVEQ #0, D6  ; [section code]
1018    42 82                    2171          CLR.L D2  ; [section code]
----                             2172  tokvmHarnessReportValidated  ; [section code]
101A    2E 2C 00 0C              2173          MOVE.L GLOBALS_OUTPUT_HANDLE(A4), D7  ; all report lines flow through the already-open DOS output handle  ; [section code]
----                             2174    ; [section code]
----                             2175          ; The report header and scalar fields intentionally match the golden  ; [section code]
----                             2176          ; OPFORGE-TOKVM 1 text format exercised in crates/opforge-asm/src/tests.rs.  ; [section code]
101E    22 07                    2177          MOVE.L D7, D1  ; [section code]
1020    41 F9 00 00 01 1F        2178          LEA reportHeader, A0  ; [section code]
1026    61 00 04 2E              2179          BSR.W amigaos_cli_fileio_write_cstr  ; [section code]
102A    4A 80                    2180          TST.L D0  ; [section code]
102C    66 00 01 B8              2181          BNE.W tokvmHarnessReportFail  ; [section code]
----                             2182    ; [section code]
1030    22 07                    2183          MOVE.L D7, D1  ; [section code]
1032    41 F9 00 00 01 30        2184          LEA reportStatusPrefix, A0  ; [section code]
1038    61 00 04 1C              2185          BSR.W amigaos_cli_fileio_write_cstr  ; [section code]
103C    4A 80                    2186          TST.L D0  ; [section code]
103E    66 00 01 A6              2187          BNE.W tokvmHarnessReportFail  ; [section code]
----                             2188    ; [section code]
1042    22 07                    2189          MOVE.L D7, D1  ; [section code]
1044    20 04                    2190          MOVE.L D4, D0  ; [section code]
1046    61 00 02 64              2191          BSR.W tokvm_amigaos_cli_harness_write_i32  ; [section code]
104A    4A 80                    2192          TST.L D0  ; [section code]
104C    66 00 01 98              2193          BNE.W tokvmHarnessReportFail  ; [section code]
----                             2194    ; [section code]
1050    22 07                    2195          MOVE.L D7, D1  ; [section code]
1052    41 F9 00 00 01 78        2196          LEA newlineString, A0  ; [section code]
1058    61 00 03 FC              2197          BSR.W amigaos_cli_fileio_write_cstr  ; [section code]
105C    4A 80                    2198          TST.L D0  ; [section code]
105E    66 00 01 86              2199          BNE.W tokvmHarnessReportFail  ; [section code]
----                             2200    ; [section code]
1062    22 07                    2201          MOVE.L D7, D1  ; [section code]
1064    41 F9 00 00 01 38        2202          LEA reportTokensPrefix, A0  ; [section code]
106A    61 00 03 EA              2203          BSR.W amigaos_cli_fileio_write_cstr  ; [section code]
106E    4A 80                    2204          TST.L D0  ; [section code]
1070    66 00 01 74              2205          BNE.W tokvmHarnessReportFail  ; [section code]
----                             2206    ; [section code]
1074    22 07                    2207          MOVE.L D7, D1  ; [section code]
1076    20 05                    2208          MOVE.L D5, D0  ; [section code]
1078    61 00 02 50              2209          BSR.W tokvm_amigaos_cli_harness_write_u32  ; [section code]
107C    4A 80                    2210          TST.L D0  ; [section code]
107E    66 00 01 66              2211          BNE.W tokvmHarnessReportFail  ; [section code]
----                             2212    ; [section code]
1082    22 07                    2213          MOVE.L D7, D1  ; [section code]
1084    41 F9 00 00 01 78        2214          LEA newlineString, A0  ; [section code]
108A    61 00 03 CA              2215          BSR.W amigaos_cli_fileio_write_cstr  ; [section code]
108E    4A 80                    2216          TST.L D0  ; [section code]
1090    66 00 01 54              2217          BNE.W tokvmHarnessReportFail  ; [section code]
----                             2218    ; [section code]
1094    22 07                    2219          MOVE.L D7, D1  ; [section code]
1096    41 F9 00 00 01 40        2220          LEA reportCursorPrefix, A0  ; [section code]
109C    61 00 03 B8              2221          BSR.W amigaos_cli_fileio_write_cstr  ; [section code]
10A0    4A 80                    2222          TST.L D0  ; [section code]
10A2    66 00 01 42              2223          BNE.W tokvmHarnessReportFail  ; [section code]
----                             2224    ; [section code]
10A6    22 07                    2225          MOVE.L D7, D1  ; [section code]
10A8    20 06                    2226          MOVE.L D6, D0  ; [section code]
10AA    61 00 02 1E              2227          BSR.W tokvm_amigaos_cli_harness_write_u32  ; [section code]
10AE    4A 80                    2228          TST.L D0  ; [section code]
10B0    66 00 01 34              2229          BNE.W tokvmHarnessReportFail  ; [section code]
----                             2230    ; [section code]
10B4    22 07                    2231          MOVE.L D7, D1  ; [section code]
10B6    41 F9 00 00 01 78        2232          LEA newlineString, A0  ; [section code]
10BC    61 00 03 98              2233          BSR.W amigaos_cli_fileio_write_cstr  ; [section code]
10C0    4A 80                    2234          TST.L D0  ; [section code]
10C2    66 00 01 22              2235          BNE.W tokvmHarnessReportFail  ; [section code]
----                             2236    ; [section code]
----                             2237          ; Walk the native 20-byte token records and re-expand them into the  ; [section code]
----                             2238          ; stable text report surface consumed by the asm reference tests.  ; [section code]
10C6    4B F9 00 00 06 10        2239          LEA tokenBuffer, A5  ; native 20-byte token records that the asm tests decode back into report lines  ; [section code]
10CC    76 00                    2240          MOVEQ #0, D3  ; [section code]
----                             2241  tokvmHarnessReportTokenLoop  ; [section code]
10CE    B6 85                    2242          CMP.L D5, D3  ; [section code]
10D0    64 00 00 FC              2243          BCC.W tokvmHarnessReportEnd  ; [section code]
----                             2244    ; [section code]
10D4    22 07                    2245          MOVE.L D7, D1  ; [section code]
10D6    41 F9 00 00 01 48        2246          LEA reportTokenPrefix, A0  ; [section code]
10DC    61 00 03 78              2247          BSR.W amigaos_cli_fileio_write_cstr  ; [section code]
10E0    4A 80                    2248          TST.L D0  ; [section code]
10E2    66 00 01 02              2249          BNE.W tokvmHarnessReportFail  ; [section code]
----                             2250    ; [section code]
10E6    22 07                    2251          MOVE.L D7, D1  ; [section code]
10E8    20 03                    2252          MOVE.L D3, D0  ; [section code]
10EA    61 00 01 DE              2253          BSR.W tokvm_amigaos_cli_harness_write_u32  ; [section code]
10EE    4A 80                    2254          TST.L D0  ; [section code]
10F0    66 00 00 F4              2255          BNE.W tokvmHarnessReportFail  ; [section code]
----                             2256    ; [section code]
10F4    22 07                    2257          MOVE.L D7, D1  ; [section code]
10F6    41 F9 00 00 01 4F        2258          LEA reportKindPrefix, A0  ; [section code]
10FC    61 00 03 58              2259          BSR.W amigaos_cli_fileio_write_cstr  ; [section code]
1100    4A 80                    2260          TST.L D0  ; [section code]
1102    66 00 00 E2              2261          BNE.W tokvmHarnessReportFail  ; [section code]
----                             2262    ; [section code]
1106    70 00                    2263          MOVEQ #0, D0  ; [section code]
1108    30 15                    2264          MOVE.W (A5), D0  ; [section code]
110A    61 00 02 4E              2265          BSR.W tokvm_amigaos_cli_harness_kind_name  ; record kind code -> PortableTokenKind/report name mapping  ; [section code]
110E    22 07                    2266          MOVE.L D7, D1  ; [section code]
1110    61 00 03 44              2267          BSR.W amigaos_cli_fileio_write_cstr  ; [section code]
1114    4A 80                    2268          TST.L D0  ; [section code]
1116    66 00 00 CE              2269          BNE.W tokvmHarnessReportFail  ; [section code]
----                             2270    ; [section code]
111A    22 07                    2271          MOVE.L D7, D1  ; [section code]
111C    41 F9 00 00 01 56        2272          LEA reportStartPrefix, A0  ; [section code]
1122    61 00 03 32              2273          BSR.W amigaos_cli_fileio_write_cstr  ; [section code]
1126    4A 80                    2274          TST.L D0  ; [section code]
1128    66 00 00 BC              2275          BNE.W tokvmHarnessReportFail  ; [section code]
----                             2276    ; [section code]
112C    22 07                    2277          MOVE.L D7, D1  ; [section code]
112E    20 2D 00 04              2278          MOVE.L 4(A5), D0  ; [section code]
1132    61 00 01 96              2279          BSR.W tokvm_amigaos_cli_harness_write_u32  ; [section code]
1136    4A 80                    2280          TST.L D0  ; [section code]
1138    66 00 00 AC              2281          BNE.W tokvmHarnessReportFail  ; [section code]
----                             2282    ; [section code]
113C    22 07                    2283          MOVE.L D7, D1  ; [section code]
113E    41 F9 00 00 01 5E        2284          LEA reportEndPrefix, A0  ; [section code]
1144    61 00 03 10              2285          BSR.W amigaos_cli_fileio_write_cstr  ; [section code]
1148    4A 80                    2286          TST.L D0  ; [section code]
114A    66 00 00 9A              2287          BNE.W tokvmHarnessReportFail  ; [section code]
----                             2288    ; [section code]
114E    22 07                    2289          MOVE.L D7, D1  ; [section code]
1150    20 2D 00 08              2290          MOVE.L 8(A5), D0  ; [section code]
1154    61 00 01 74              2291          BSR.W tokvm_amigaos_cli_harness_write_u32  ; [section code]
1158    4A 80                    2292          TST.L D0  ; [section code]
115A    66 00 00 8A              2293          BNE.W tokvmHarnessReportFail  ; [section code]
----                             2294    ; [section code]
115E    22 07                    2295          MOVE.L D7, D1  ; [section code]
1160    41 F9 00 00 01 64        2296          LEA reportLenPrefix, A0  ; [section code]
1166    61 00 02 EE              2297          BSR.W amigaos_cli_fileio_write_cstr  ; [section code]
116A    4A 80                    2298          TST.L D0  ; [section code]
116C    66 00 00 78              2299          BNE.W tokvmHarnessReportFail  ; [section code]
----                             2300    ; [section code]
1170    22 07                    2301          MOVE.L D7, D1  ; [section code]
1172    20 2D 00 10              2302          MOVE.L 16(A5), D0  ; [section code]
1176    61 00 01 52              2303          BSR.W tokvm_amigaos_cli_harness_write_u32  ; [section code]
117A    4A 80                    2304          TST.L D0  ; [section code]
117C    66 00 00 68              2305          BNE.W tokvmHarnessReportFail  ; [section code]
----                             2306    ; [section code]
1180    22 07                    2307          MOVE.L D7, D1  ; [section code]
1182    41 F9 00 00 01 6A        2308          LEA reportLexhexPrefix, A0  ; [section code]
1188    61 00 02 CC              2309          BSR.W amigaos_cli_fileio_write_cstr  ; [section code]
118C    4A 80                    2310          TST.L D0  ; [section code]
118E    66 00 00 56              2311          BNE.W tokvmHarnessReportFail  ; [section code]
----                             2312    ; [section code]
1192    2C 4D                    2313          MOVEA.L A5, A6  ; A5 points at the current record, A6 is a temporary for offseted fields  ; [section code]
1194    20 2E 00 0C              2314          MOVE.L 12(A6), D0  ; [section code]
1198    41 F9 00 00 0B 10        2315          LEA lexemeScratch, A0  ; [section code]
119E    D1 C0                    2316          ADDA.L D0, A0  ; lexemeScratch + offset => the exact byte slice emitted by the native scanner  ; [section code]
11A0    20 2E 00 10              2317          MOVE.L 16(A6), D0  ; [section code]
11A4    22 07                    2318          MOVE.L D7, D1  ; [section code]
11A6    61 00 01 5E              2319          BSR.W tokvm_amigaos_cli_harness_write_hex_bytes  ; [section code]
11AA    4A 80                    2320          TST.L D0  ; [section code]
11AC    66 00 00 38              2321          BNE.W tokvmHarnessReportFail  ; [section code]
----                             2322    ; [section code]
11B0    22 07                    2323          MOVE.L D7, D1  ; [section code]
11B2    41 F9 00 00 01 78        2324          LEA newlineString, A0  ; [section code]
11B8    61 00 02 9C              2325          BSR.W amigaos_cli_fileio_write_cstr  ; [section code]
11BC    4A 80                    2326          TST.L D0  ; [section code]
11BE    66 00 00 26              2327          BNE.W tokvmHarnessReportFail  ; [section code]
----                             2328    ; [section code]
11C2    DB FC 00 00 00 14        2329          ADDA.L #TOKEN_RECORD_SIZE, A5  ; [section code]
11C8    52 83                    2330          ADDQ.L #1, D3  ; [section code]
11CA    60 00 FF 02              2331          BRA.W tokvmHarnessReportTokenLoop  ; [section code]
----                             2332    ; [section code]
----                             2333  tokvmHarnessReportEnd  ; [section code]
----                             2334          ; END terminates both success and failure reports so the file format is  ; [section code]
----                             2335          ; self-delimiting even when token count is zero.  ; [section code]
11CE    22 07                    2336          MOVE.L D7, D1  ; [section code]
11D0    41 F9 00 00 01 73        2337          LEA reportEndLine, A0  ; [section code]
11D6    61 00 02 7E              2338          BSR.W amigaos_cli_fileio_write_cstr  ; [section code]
11DA    4A 80                    2339          TST.L D0  ; [section code]
11DC    66 00 00 08              2340          BNE.W tokvmHarnessReportFail  ; [section code]
11E0    70 00                    2341          MOVEQ #0, D0  ; [section code]
11E2    60 00 00 04              2342          BRA.W tokvmHarnessReportDone  ; [section code]
----                             2343    ; [section code]
----                             2344  tokvmHarnessReportFail  ; [section code]
11E6    70 01                    2345          MOVEQ #1, D0  ; [section code]
----                             2346    ; [section code]
----                             2347  tokvmHarnessReportDone  ; [section code]
11E8    4C DF 7C FC              2348          MOVEM.L (SP)+, D2-D7/A2-A6  ; [section code]
11EC    4E 75                    2349          RTS  ; [section code]
----                             2350    ; [section code]
----                             2351  ; Defensive validation in front of report formatting.  ; [section code]
----                             2352  ; The Rust runtime validates token shapes before exposing PortableToken output;  ; [section code]
----                             2353  ; this native harness mirrors that expectation so malformed native state falls  ; [section code]
----                             2354  ; back to TK_STATUS_VM_FAILURE instead of emitting invalid token metadata.  ; [section code]
----                             2355  tokvm_amigaos_cli_harness_validate_vm_result  ; [section code]
11EE    4A 84                    2356          TST.L D4  ; non-negative statuses are TK_STATUS_* VM results, negative are harness failures  ; [section code]
11F0    6B 00 00 96              2357          BMI tokvmHarnessValidateNegativeStatus  ; [section code]
11F4    0C 84 00 00 00 06        2358          CMPI.L #TK_STATUS_INVALID_PROGRAM, D4  ; [section code]
11FA    6E 00 00 AC              2359          BGT tokvmHarnessValidateInvalid  ; [section code]
11FE    BA BC 00 00 00 40        2360          CMP.L #TOKEN_BUFFER_CAPACITY, D5  ; [section code]
1204    62 00 00 A2              2361          BHI tokvmHarnessValidateInvalid  ; [section code]
1208    BC BC 00 00 04 00        2362          CMP.L #SOURCE_BUFFER_CAPACITY, D6  ; [section code]
120E    62 00 00 98              2363          BHI tokvmHarnessValidateInvalid  ; [section code]
1212    B4 BC 00 00 04 00        2364          CMP.L #SCRATCH_BUFFER_CAPACITY, D2  ; [section code]
1218    62 00 00 8E              2365          BHI tokvmHarnessValidateInvalid  ; [section code]
----                             2366    ; [section code]
121C    41 F9 00 00 06 10        2367          LEA tokenBuffer, A0  ; [section code]
1222    72 00                    2368          MOVEQ #0, D1  ; [section code]
----                             2369  tokvmHarnessValidateTokenLoop  ; [section code]
1224    B2 85                    2370          CMP.L D5, D1  ; [section code]
1226    64 7C                    2371          BCC.S tokvmHarnessValidateOk  ; [section code]
----                             2372    ; [section code]
1228    70 00                    2373          MOVEQ #0, D0  ; [section code]
122A    30 10                    2374          MOVE.W (A0), D0  ; [section code]
122C    0C 80 00 00 00 26        2375          CMPI.L #TK_KIND_OP_LT, D0  ; last valid kind in the native PortableTokenKind mirror table  ; [section code]
1232    6E 00 00 74              2376          BGT tokvmHarnessValidateInvalid  ; [section code]
----                             2377    ; [section code]
1236    20 28 00 04              2378          MOVE.L 4(A0), D0  ; [section code]
123A    4A 80                    2379          TST.L D0  ; [section code]
123C    67 00 00 6A              2380          BEQ tokvmHarnessValidateInvalid  ; [section code]
1240    0C 80 00 00 04 01        2381          CMPI.L #SOURCE_BUFFER_CAPACITY + 1, D0  ; [section code]
1246    62 00 00 60              2382          BHI tokvmHarnessValidateInvalid  ; [section code]
----                             2383    ; [section code]
124A    20 28 00 08              2384          MOVE.L 8(A0), D0  ; [section code]
124E    4A 80                    2385          TST.L D0  ; [section code]
1250    67 00 00 56              2386          BEQ tokvmHarnessValidateInvalid  ; [section code]
1254    0C 80 00 00 04 01        2387          CMPI.L #SOURCE_BUFFER_CAPACITY + 1, D0  ; [section code]
125A    62 00 00 4C              2388          BHI tokvmHarnessValidateInvalid  ; [section code]
125E    B0 A8 00 04              2389          CMP.L 4(A0), D0  ; [section code]
1262    6D 00 00 44              2390          BLT tokvmHarnessValidateInvalid  ; [section code]
----                             2391    ; [section code]
1266    20 28 00 0C              2392          MOVE.L 12(A0), D0  ; lexeme offset must stay inside the committed scratch prefix  ; [section code]
126A    B0 82                    2393          CMP.L D2, D0  ; [section code]
126C    62 00 00 3A              2394          BHI tokvmHarnessValidateInvalid  ; [section code]
1270    26 28 00 10              2395          MOVE.L 16(A0), D3  ; [section code]
1274    2E 00                    2396          MOVE.L D0, D7  ; [section code]
1276    DE 83                    2397          ADD.L D3, D7  ; [section code]
1278    BE 82                    2398          CMP.L D2, D7  ; [section code]
127A    62 00 00 2C              2399          BHI tokvmHarnessValidateInvalid  ; [section code]
----                             2400    ; [section code]
127E    D1 FC 00 00 00 14        2401          ADDA.L #TOKEN_RECORD_SIZE, A0  ; [section code]
1284    52 81                    2402          ADDQ.L #1, D1  ; [section code]
1286    60 9C                    2403          BRA.S tokvmHarnessValidateTokenLoop  ; [section code]
----                             2404    ; [section code]
----                             2405  tokvmHarnessValidateNegativeStatus  ; [section code]
----                             2406          ; Negative statuses are host-side harness failures. When one of those is  ; [section code]
----                             2407          ; reported, no VM-owned token or scratch state is allowed to leak out.  ; [section code]
1288    0C 84 FF FF FF 9C        2408          CMPI.L #HARNESS_STATUS_USAGE, D4  ; [section code]
128E    6E 18                    2409          BGT.S tokvmHarnessValidateInvalid  ; [section code]
1290    0C 84 FF FF FF 97        2410          CMPI.L #HARNESS_STATUS_OUTPUT_OPEN, D4  ; [section code]
1296    6D 10                    2411          BLT.S tokvmHarnessValidateInvalid  ; [section code]
1298    4A 85                    2412          TST.L D5  ; [section code]
129A    66 0C                    2413          BNE.S tokvmHarnessValidateInvalid  ; [section code]
129C    4A 86                    2414          TST.L D6  ; [section code]
129E    66 08                    2415          BNE.S tokvmHarnessValidateInvalid  ; [section code]
12A0    4A 82                    2416          TST.L D2  ; [section code]
12A2    66 04                    2417          BNE.S tokvmHarnessValidateInvalid  ; [section code]
----                             2418    ; [section code]
----                             2419  tokvmHarnessValidateOk  ; [section code]
12A4    70 00                    2420          MOVEQ #0, D0  ; [section code]
12A6    4E 75                    2421          RTS  ; [section code]
----                             2422    ; [section code]
----                             2423  tokvmHarnessValidateInvalid  ; [section code]
12A8    70 01                    2424          MOVEQ #1, D0  ; [section code]
12AA    4E 75                    2425          RTS  ; [section code]
----                             2426    ; [section code]
----                             2427  ; Signed report writer used for STATUS fields so host failures can emit their  ; [section code]
----                             2428  ; negative HARNESS_STATUS_* values without special formatting logic.  ; [section code]
----                             2429  tokvm_amigaos_cli_harness_write_i32  ; [section code]
12AC    4A 80                    2430          TST.L D0  ; [section code]
12AE    6A 14                    2431          BPL.S tokvmHarnessWriteI32Unsigned  ; [section code]
12B0    2F 01                    2432          MOVE.L D1, -(SP)  ; [section code]
12B2    41 F9 00 00 01 7A        2433          LEA minusString, A0  ; [section code]
12B8    61 00 01 9C              2434          BSR.W amigaos_cli_fileio_write_cstr  ; [section code]
12BC    22 1F                    2435          MOVE.L (SP)+, D1  ; [section code]
12BE    4A 80                    2436          TST.L D0  ; [section code]
12C0    66 06                    2437          BNE.S tokvmHarnessWriteI32Done  ; [section code]
12C2    44 80                    2438          NEG.L D0  ; [section code]
----                             2439  tokvmHarnessWriteI32Unsigned  ; [section code]
12C4    61 00 00 04              2440          BSR.W tokvm_amigaos_cli_harness_write_u32  ; [section code]
----                             2441  tokvmHarnessWriteI32Done  ; [section code]
12C8    4E 75                    2442          RTS  ; [section code]
----                             2443    ; [section code]
----                             2444  ; Minimal decimal formatter. Values are accumulated right-to-left in a scratch  ; [section code]
----                             2445  ; buffer and then flushed in one exact DOS write.  ; [section code]
----                             2446  tokvm_amigaos_cli_harness_write_u32  ; [section code]
12CA    48 E7 3F 3E              2447          MOVEM.L D2-D7/A2-A6, -(SP)  ; [section code]
12CE    41 F9 00 00 0F 20        2448          LEA decimalBufferEnd, A0  ; emit backwards into scratch, then flush the exact decimal slice once  ; [section code]
12D4    74 00                    2449          MOVEQ #0, D2  ; [section code]
12D6    4A 80                    2450          TST.L D0  ; [section code]
12D8    66 08                    2451          BNE.S tokvmHarnessWriteU32Loop  ; [section code]
12DA    11 3C 00 30              2452          MOVE.B #'0', -(A0)  ; [section code]
12DE    74 01                    2453          MOVEQ #1, D2  ; [section code]
12E0    60 18                    2454          BRA.S tokvmHarnessWriteU32Emit  ; [section code]
----                             2455    ; [section code]
----                             2456  tokvmHarnessWriteU32Loop  ; [section code]
12E2    80 FC 00 0A              2457          DIVU.W #10, D0  ; [section code]
12E6    36 00                    2458          MOVE.W D0, D3  ; [section code]
12E8    48 40                    2459          SWAP D0  ; [section code]
12EA    06 40 00 30              2460          ADDI.W #'0', D0  ; [section code]
12EE    11 00                    2461          MOVE.B D0, -(A0)  ; [section code]
12F0    52 82                    2462          ADDQ.L #1, D2  ; [section code]
12F2    70 00                    2463          MOVEQ #0, D0  ; [section code]
12F4    30 03                    2464          MOVE.W D3, D0  ; [section code]
12F6    4A 80                    2465          TST.L D0  ; [section code]
12F8    66 E8                    2466          BNE.S tokvmHarnessWriteU32Loop  ; [section code]
----                             2467    ; [section code]
----                             2468  tokvmHarnessWriteU32Emit  ; [section code]
12FA    20 02                    2469          MOVE.L D2, D0  ; [section code]
12FC    61 00 01 74              2470          BSR.W amigaos_cli_fileio_write_exact  ; [section code]
1300    4C DF 7C FC              2471          MOVEM.L (SP)+, D2-D7/A2-A6  ; [section code]
1304    4E 75                    2472          RTS  ; [section code]
----                             2473    ; [section code]
----                             2474  ; Render a lexeme payload as uppercase hexadecimal bytes. This matches the  ; [section code]
----                             2475  ; LEXHEX field expected by the native report rendering tests.  ; [section code]
----                             2476  tokvm_amigaos_cli_harness_write_hex_bytes  ; [section code]
1306    48 E7 3F 3E              2477          MOVEM.L D2-D7/A2-A6, -(SP)  ; [section code]
130A    2C 48                    2478          MOVEA.L A0, A6  ; [section code]
130C    2A 00                    2479          MOVE.L D0, D5  ; remaining byte count for the report's LEXHEX field  ; [section code]
130E    4B F9 00 00 01 7C        2480          LEA hexDigits, A5  ; [section code]
----                             2481  tokvmHarnessWriteHexLoop  ; [section code]
1314    4A 85                    2482          TST.L D5  ; [section code]
1316    67 3C                    2483          BEQ.S tokvmHarnessWriteHexDone  ; [section code]
1318    74 00                    2484          MOVEQ #0, D2  ; [section code]
131A    14 1E                    2485          MOVE.B (A6)+, D2  ; [section code]
131C    26 02                    2486          MOVE.L D2, D3  ; [section code]
131E    E8 0B                    2487          LSR.B #4, D3  ; [section code]
1320    02 43 00 0F              2488          ANDI.W #$000F, D3  ; [section code]
1324    02 42 00 0F              2489          ANDI.W #$000F, D2  ; [section code]
1328    13 F5 30 00 00 00 0F 20  2490          MOVE.B 0(A5, D3.W), hexPairBuffer  ; [section code]
1330    78 00                    2491          MOVEQ #0, D4  ; [section code]
1332    18 35 20 00              2492          MOVE.B 0(A5, D2.W), D4  ; [section code]
1336    43 F9 00 00 0F 20        2493          LEA hexPairBuffer, A1  ; [section code]
133C    13 44 00 01              2494          MOVE.B D4, 1(A1)  ; [section code]
1340    41 F9 00 00 0F 20        2495          LEA hexPairBuffer, A0  ; [section code]
1346    70 02                    2496          MOVEQ #2, D0  ; [section code]
1348    61 00 01 28              2497          BSR.W amigaos_cli_fileio_write_exact  ; [section code]
134C    4A 80                    2498          TST.L D0  ; [section code]
134E    66 04                    2499          BNE.S tokvmHarnessWriteHexDone  ; [section code]
1350    53 85                    2500          SUBQ.L #1, D5  ; [section code]
1352    60 C0                    2501          BRA.S tokvmHarnessWriteHexLoop  ; [section code]
----                             2502    ; [section code]
----                             2503  tokvmHarnessWriteHexDone  ; [section code]
1354    4C DF 7C FC              2504          MOVEM.L (SP)+, D2-D7/A2-A6  ; [section code]
1358    4E 75                    2505          RTS  ; [section code]
----                             2506    ; [section code]
----                             2507  ; Token kind name lookup for report emission.  ; [section code]
----                             2508  ; The table order is locked to the TK_KIND_* numeric encoding exported by the  ; [section code]
----                             2509  ; native tokenizer VM module.  ; [section code]
----                             2510  tokvm_amigaos_cli_harness_kind_name  ; [section code]
135A    B0 BC 00 00 00 26        2511          CMP.L #TK_KIND_OP_LT, D0  ; [section code]
1360    62 10                    2512          BHI.S tokvmHarnessKindUnknown  ; [section code]
1362    D0 80                    2513          ADD.L D0, D0  ; [section code]
1364    D0 80                    2514          ADD.L D0, D0  ; [section code]
1366    43 F9 00 00 02 FC        2515          LEA kindNamePtrs, A1  ; [section code]
136C    20 71 08 00              2516          MOVEA.L 0(A1, D0.L), A0  ; [section code]
1370    4E 75                    2517          RTS  ; [section code]
----                             2518    ; [section code]
----                             2519  tokvmHarnessKindUnknown  ; [section code]
1372    41 F9 00 00 02 F4        2520          LEA kindNameUnknown, A0  ; [section code]
1378    4E 75                    2521          RTS  ; [section code]
----                             2522    ; [section code]
----                             2523  ; ---------------------------------------------------------------------------  ; [section code]
----                             2524  ; Minimal DOS helper layer used by the harness.  ; [section code]
----                             2525  ;  ; [section code]
----                             2526  ; These routines intentionally stay thin: all tokenizer semantics live in the  ; [section code]
----                             2527  ; VM below, while this layer only handles DOS open/read/write/close concerns.  ; [section code]
----                             2528  ; ---------------------------------------------------------------------------  ; [section code]
----                             2529    ; [section code]
----                             2530  amigaos_cli_fileio_init  ; [section code]
137A    48 E7 3F 3E              2531          MOVEM.L D2-D7/A2-A6, -(SP)  ; [section code]
----                             2532          ; Reset host globals first so every early-exit path can safely call the  ; [section code]
----                             2533          ; shared shutdown/cleanup logic.  ; [section code]
137E    42 AC 00 00              2534          CLR.L GLOBALS_DOS_BASE(A4)  ; [section code]
1382    42 AC 00 04              2535          CLR.L GLOBALS_STDOUT_HANDLE(A4)  ; [section code]
1386    42 AC 00 08              2536          CLR.L GLOBALS_LAST_IOERR(A4)  ; [section code]
138A    42 AC 00 0C              2537          CLR.L GLOBALS_OUTPUT_HANDLE(A4)  ; [section code]
138E    43 F9 00 00 00 A0        2538          LEA dosName, A1  ; [section code]
1394    70 24                    2539          MOVEQ #36, D0  ; [section code]
1396    2C 78 00 04              2540          MOVEA.L SysBase.W, A6  ; [section code]
139A    4E AE FD D8              2541          JSR OpenLibrary(A6)  ; [section code]
139E    4A 80                    2542          TST.L D0  ; [section code]
13A0    67 14                    2543          BEQ.S amigaosCliFileIoInitFail  ; [section code]
13A2    29 40 00 00              2544          MOVE.L D0, GLOBALS_DOS_BASE(A4)  ; [section code]
13A6    2C 40                    2545          MOVEA.L D0, A6  ; [section code]
13A8    4E AE FF C4              2546          JSR Output(A6)  ; [section code]
13AC    29 40 00 04              2547          MOVE.L D0, GLOBALS_STDOUT_HANDLE(A4)  ; [section code]
13B0    70 00                    2548          MOVEQ #0, D0  ; [section code]
13B2    60 00 00 04              2549          BRA.W amigaosCliFileIoInitDone  ; [section code]
----                             2550    ; [section code]
----                             2551  amigaosCliFileIoInitFail  ; [section code]
13B6    70 01                    2552          MOVEQ #1, D0  ; [section code]
----                             2553    ; [section code]
----                             2554  amigaosCliFileIoInitDone  ; [section code]
13B8    4C DF 7C FC              2555          MOVEM.L (SP)+, D2-D7/A2-A6  ; [section code]
13BC    4E 75                    2556          RTS  ; [section code]
----                             2557    ; [section code]
----                             2558  ; Release DOS library state once the harness is finished with all host I/O.  ; [section code]
----                             2559  amigaos_cli_fileio_shutdown  ; [section code]
13BE    48 E7 3F 3E              2560          MOVEM.L D2-D7/A2-A6, -(SP)  ; [section code]
13C2    20 2C 00 00              2561          MOVE.L GLOBALS_DOS_BASE(A4), D0  ; [section code]
13C6    67 0E                    2562          BEQ.S amigaosCliFileIoShutdownDone  ; [section code]
13C8    22 40                    2563          MOVEA.L D0, A1  ; [section code]
13CA    2C 78 00 04              2564          MOVEA.L SysBase.W, A6  ; [section code]
13CE    4E AE FE 62              2565          JSR CloseLibrary(A6)  ; [section code]
13D2    42 AC 00 00              2566          CLR.L GLOBALS_DOS_BASE(A4)  ; [section code]
----                             2567    ; [section code]
----                             2568  amigaosCliFileIoShutdownDone  ; [section code]
13D6    4C DF 7C FC              2569          MOVEM.L (SP)+, D2-D7/A2-A6  ; [section code]
13DA    4E 75                    2570          RTS  ; [section code]
----                             2571    ; [section code]
----                             2572  ; DOS GetArgStr returns the raw argument tail for the current Shell process.  ; [section code]
----                             2573  amigaos_cli_fileio_get_arg_str  ; [section code]
13DC    48 E7 3F 3E              2574          MOVEM.L D2-D7/A2-A6, -(SP)  ; [section code]
13E0    2C 6C 00 00              2575          MOVEA.L GLOBALS_DOS_BASE(A4), A6  ; [section code]
13E4    4E AE FD EA              2576          JSR GetArgStr(A6)  ; [section code]
13E8    20 40                    2577          MOVEA.L D0, A0  ; [section code]
13EA    4C DF 7C FC              2578          MOVEM.L (SP)+, D2-D7/A2-A6  ; [section code]
13EE    4E 75                    2579          RTS  ; [section code]
----                             2580    ; [section code]
----                             2581  amigaos_cli_fileio_open_input  ; [section code]
13F0    48 E7 3F 3E              2582          MOVEM.L D2-D7/A2-A6, -(SP)  ; [section code]
----                             2583          ; Open the source file in read-only mode and cache IoErr on failure so  ; [section code]
----                             2584          ; later diagnostics or debugging can inspect the DOS reason code.  ; [section code]
13F4    22 08                    2585          MOVE.L A0, D1  ; [section code]
13F6    24 3C 00 00 03 ED        2586          MOVE.L #MODE_OLDFILE, D2  ; [section code]
13FC    2C 6C 00 00              2587          MOVEA.L GLOBALS_DOS_BASE(A4), A6  ; [section code]
1400    4E AE FF E2              2588          JSR Open(A6)  ; [section code]
1404    4A 80                    2589          TST.L D0  ; [section code]
1406    66 04                    2590          BNE.S amigaosCliFileIoOpenDone  ; [section code]
1408    61 00 00 C6              2591          BSR.W amigaos_cli_fileio_capture_ioerr  ; [section code]
----                             2592    ; [section code]
----                             2593  amigaosCliFileIoOpenDone  ; [section code]
140C    4C DF 7C FC              2594          MOVEM.L (SP)+, D2-D7/A2-A6  ; [section code]
1410    4E 75                    2595          RTS  ; [section code]
----                             2596    ; [section code]
----                             2597  ; Create/truncate the report target before any input work happens so all later  ; [section code]
----                             2598  ; failure paths can still emit a report file instead of only returning a code.  ; [section code]
----                             2599  amigaos_cli_fileio_open_output  ; [section code]
1412    48 E7 3F 3E              2600          MOVEM.L D2-D7/A2-A6, -(SP)  ; [section code]
1416    22 08                    2601          MOVE.L A0, D1  ; [section code]
1418    24 3C 00 00 03 EE        2602          MOVE.L #MODE_NEWFILE, D2  ; [section code]
141E    2C 6C 00 00              2603          MOVEA.L GLOBALS_DOS_BASE(A4), A6  ; [section code]
1422    4E AE FF E2              2604          JSR Open(A6)  ; [section code]
1426    4A 80                    2605          TST.L D0  ; [section code]
1428    66 04                    2606          BNE.S amigaosCliFileIoCreateDone  ; [section code]
142A    61 00 00 A4              2607          BSR.W amigaos_cli_fileio_capture_ioerr  ; [section code]
----                             2608    ; [section code]
----                             2609  amigaosCliFileIoCreateDone  ; [section code]
142E    4C DF 7C FC              2610          MOVEM.L (SP)+, D2-D7/A2-A6  ; [section code]
1432    4E 75                    2611          RTS  ; [section code]
----                             2612    ; [section code]
----                             2613  ; Thin DOS Read wrapper. The harness uses it both for the bounded source read  ; [section code]
----                             2614  ; and the one-byte overflow probe that enforces the single-line capacity rule.  ; [section code]
----                             2615  amigaos_cli_fileio_read  ; [section code]
1434    48 E7 3F 3E              2616          MOVEM.L D2-D7/A2-A6, -(SP)  ; [section code]
1438    24 08                    2617          MOVE.L A0, D2  ; DOS Read uses D2=buffer, D3=len in the helper's stable calling convention  ; [section code]
143A    26 00                    2618          MOVE.L D0, D3  ; [section code]
143C    2C 6C 00 00              2619          MOVEA.L GLOBALS_DOS_BASE(A4), A6  ; [section code]
1440    4E AE FF D6              2620          JSR Read(A6)  ; [section code]
1444    B0 BC FF FF FF FF        2621          CMP.L #-1, D0  ; [section code]
144A    66 04                    2622          BNE.S amigaosCliFileIoReadDone  ; [section code]
144C    61 00 00 82              2623          BSR.W amigaos_cli_fileio_capture_ioerr  ; [section code]
----                             2624    ; [section code]
----                             2625  amigaosCliFileIoReadDone  ; [section code]
1450    4C DF 7C FC              2626          MOVEM.L (SP)+, D2-D7/A2-A6  ; [section code]
1454    4E 75                    2627          RTS  ; [section code]
----                             2628    ; [section code]
----                             2629  ; Count a NUL-terminated string and forward it to the exact-byte write helper.  ; [section code]
----                             2630  amigaos_cli_fileio_write_cstr  ; [section code]
1456    48 E7 3F 3E              2631          MOVEM.L D2-D7/A2-A6, -(SP)  ; [section code]
145A    24 48                    2632          MOVEA.L A0, A2  ; [section code]
145C    70 00                    2633          MOVEQ #0, D0  ; [section code]
----                             2634  amigaosCliFileIoWriteCstrLoop  ; [section code]
145E    4A 18                    2635          TST.B (A0)+  ; [section code]
1460    67 04                    2636          BEQ.S amigaosCliFileIoWriteCstrEmit  ; [section code]
1462    52 80                    2637          ADDQ.L #1, D0  ; [section code]
1464    60 F8                    2638          BRA.S amigaosCliFileIoWriteCstrLoop  ; [section code]
----                             2639    ; [section code]
----                             2640  amigaosCliFileIoWriteCstrEmit  ; [section code]
1466    20 4A                    2641          MOVEA.L A2, A0  ; [section code]
1468    61 00 00 08              2642          BSR.W amigaos_cli_fileio_write_exact  ; [section code]
146C    4C DF 7C FC              2643          MOVEM.L (SP)+, D2-D7/A2-A6  ; [section code]
1470    4E 75                    2644          RTS  ; [section code]
----                             2645    ; [section code]
----                             2646  ; Preserve D1 across DOS Write calls because the report writer keeps the output handle  ; [section code]
----                             2647  ; in D1 while emitting decimal fields and repeated LEXHEX byte pairs.  ; [section code]
----                             2648  amigaos_cli_fileio_write_exact  ; [section code]
1472    48 E7 7F 3E              2649          MOVEM.L D1-D7/A2-A6, -(SP)  ; [section code]
1476    26 00                    2650          MOVE.L D0, D3  ; [section code]
1478    24 08                    2651          MOVE.L A0, D2  ; [section code]
147A    2C 6C 00 00              2652          MOVEA.L GLOBALS_DOS_BASE(A4), A6  ; [section code]
147E    4E AE FF D0              2653          JSR Write(A6)  ; [section code]
1482    B0 BC FF FF FF FF        2654          CMP.L #-1, D0  ; [section code]
1488    67 0C                    2655          BEQ.S amigaosCliFileIoWriteFail  ; [section code]
148A    B0 83                    2656          CMP.L D3, D0  ; [section code]
148C    66 00 00 12              2657          BNE.W amigaosCliFileIoWriteShort  ; [section code]
1490    70 00                    2658          MOVEQ #0, D0  ; [section code]
1492    60 00 00 12              2659          BRA.W amigaosCliFileIoWriteDone  ; [section code]
----                             2660    ; [section code]
----                             2661  amigaosCliFileIoWriteFail  ; [section code]
1496    61 00 00 38              2662          BSR.W amigaos_cli_fileio_capture_ioerr  ; [section code]
149A    70 01                    2663          MOVEQ #1, D0  ; [section code]
149C    60 00 00 08              2664          BRA.W amigaosCliFileIoWriteDone  ; [section code]
----                             2665    ; [section code]
----                             2666  amigaosCliFileIoWriteShort  ; [section code]
14A0    42 AC 00 08              2667          CLR.L GLOBALS_LAST_IOERR(A4)  ; [section code]
14A4    70 01                    2668          MOVEQ #1, D0  ; [section code]
----                             2669    ; [section code]
----                             2670  amigaosCliFileIoWriteDone  ; [section code]
14A6    4C DF 7C FE              2671          MOVEM.L (SP)+, D1-D7/A2-A6  ; [section code]
14AA    4E 75                    2672          RTS  ; [section code]
----                             2673    ; [section code]
----                             2674  ; Close a DOS file handle and preserve IoErr if the close itself fails.  ; [section code]
----                             2675  amigaos_cli_fileio_close  ; [section code]
14AC    48 E7 3F 3E              2676          MOVEM.L D2-D7/A2-A6, -(SP)  ; [section code]
14B0    2C 6C 00 00              2677          MOVEA.L GLOBALS_DOS_BASE(A4), A6  ; [section code]
14B4    4E AE FF DC              2678          JSR Close(A6)  ; [section code]
14B8    4A 80                    2679          TST.L D0  ; [section code]
14BA    66 00 00 0C              2680          BNE.W amigaosCliFileIoCloseOk  ; [section code]
14BE    61 00 00 10              2681          BSR.W amigaos_cli_fileio_capture_ioerr  ; [section code]
14C2    70 01                    2682          MOVEQ #1, D0  ; [section code]
14C4    60 00 00 04              2683          BRA.W amigaosCliFileIoCloseDone  ; [section code]
----                             2684    ; [section code]
----                             2685  amigaosCliFileIoCloseOk  ; [section code]
14C8    70 00                    2686          MOVEQ #0, D0  ; [section code]
----                             2687    ; [section code]
----                             2688  amigaosCliFileIoCloseDone  ; [section code]
14CA    4C DF 7C FC              2689          MOVEM.L (SP)+, D2-D7/A2-A6  ; [section code]
14CE    4E 75                    2690          RTS  ; [section code]
----                             2691    ; [section code]
----                             2692  ; Cache the last DOS IoErr in globals so callers do not need to immediately  ; [section code]
----                             2693  ; inspect D0 after every failed host I/O operation.  ; [section code]
----                             2694  amigaos_cli_fileio_capture_ioerr  ; [section code]
14D0    2C 6C 00 00              2695          MOVEA.L GLOBALS_DOS_BASE(A4), A6  ; [section code]
14D4    4E AE FF 7C              2696          JSR IoErr(A6)  ; [section code]
14D8    29 40 00 08              2697          MOVE.L D0, GLOBALS_LAST_IOERR(A4)  ; [section code]
14DC    4E 75                    2698          RTS  ; [section code]
----                             2699    ; [section code]
----                             2700          .endsection
----                             2701          .section data, kind=data  ; [section data]
----                             2702    ; [section data]
----                             2703  ; Static strings and lookup tables for the host/report layer.  ; [section data]
----                             2704  dosName  ; [section data]
00A0    64 6F 73 2E 6C 69 62 72 61 72 79 00  2705          .byte "dos.library", 0  ; [section data]
----                             2706    ; [section data]
----                             2707  usageMessage  ; [section data]
00AC    55 73 61 67 65 3A 20 74 6F 6B 76 6D 20 3C 69 6E 70 75 74 2D 70 61 74 68 3E 20 3C 6F 75 74 70 75 74 2D 70 61 74 68 3E 0A 00  2708          .byte "Usage: tokvm <input-path> <output-path>", 10, 0  ; [section data]
----                             2709  quotedPathMessage  ; [section data]
00D5    74 6F 6B 76 6D 3A 20 71 75 6F 74 65 64 20 70 61 74 68 73 20 61 72 65 20 6E 6F 74 20 73 75 70 70 6F 72 74 65 64 0A 00  2710          .byte "tokvm: quoted paths are not supported", 10, 0  ; [section data]
----                             2711  outputOpenMessage  ; [section data]
00FC    74 6F 6B 76 6D 3A 20 66 61 69 6C 65 64 20 74 6F 20 6F 70 65 6E 20 6F 75 74 70 75 74 20 66 69 6C 65 0A 00  2712          .byte "tokvm: failed to open output file", 10, 0  ; [section data]
----                             2713    ; [section data]
----                             2714  reportHeader  ; [section data]
011F    4F 50 46 4F 52 47 45 2D 54 4F 4B 56 4D 20 31 0A 00  2715          .byte "OPFORGE-TOKVM 1", 10, 0  ; [section data]
----                             2716  reportStatusPrefix  ; [section data]
0130    53 54 41 54 55 53 20 00  2717          .byte "STATUS ", 0  ; [section data]
----                             2718  reportTokensPrefix  ; [section data]
0138    54 4F 4B 45 4E 53 20 00  2719          .byte "TOKENS ", 0  ; [section data]
----                             2720  reportCursorPrefix  ; [section data]
0140    43 55 52 53 4F 52 20 00  2721          .byte "CURSOR ", 0  ; [section data]
----                             2722  reportTokenPrefix  ; [section data]
0148    54 4F 4B 45 4E 20 00     2723          .byte "TOKEN ", 0  ; [section data]
----                             2724  reportKindPrefix  ; [section data]
014F    20 4B 49 4E 44 20 00     2725          .byte " KIND ", 0  ; [section data]
----                             2726  reportStartPrefix  ; [section data]
0156    20 53 54 41 52 54 20 00  2727          .byte " START ", 0  ; [section data]
----                             2728  reportEndPrefix  ; [section data]
015E    20 45 4E 44 20 00        2729          .byte " END ", 0  ; [section data]
----                             2730  reportLenPrefix  ; [section data]
0164    20 4C 45 4E 20 00        2731          .byte " LEN ", 0  ; [section data]
----                             2732  reportLexhexPrefix  ; [section data]
016A    20 4C 45 58 48 45 58 20 00  2733          .byte " LEXHEX ", 0  ; [section data]
----                             2734  reportEndLine  ; [section data]
0173    45 4E 44 0A 00           2735          .byte "END", 10, 0  ; [section data]
----                             2736  newlineString  ; [section data]
0178    0A 00                    2737          .byte 10, 0  ; [section data]
----                             2738  minusString  ; [section data]
017A    2D 00                    2739          .byte "-", 0  ; [section data]
----                             2740  hexDigits  ; [section data]
017C    30 31 32 33 34 35 36 37 38 39 41 42 43 44 45 46  2741          .byte "0123456789ABCDEF"  ; [section data]
----                             2742    ; [section data]
----                             2743  kindNameIdentifier  ; [section data]
018C    69 64 65 6E 74 69 66 69 65 72 00  2744          .byte "identifier", 0  ; [section data]
----                             2745  kindNameRegister  ; [section data]
0197    72 65 67 69 73 74 65 72 00  2746          .byte "register", 0  ; [section data]
----                             2747  kindNameNumber  ; [section data]
01A0    6E 75 6D 62 65 72 00     2748          .byte "number", 0  ; [section data]
----                             2749  kindNameString  ; [section data]
01A7    73 74 72 69 6E 67 00     2750          .byte "string", 0  ; [section data]
----                             2751  kindNameComma  ; [section data]
01AE    63 6F 6D 6D 61 00        2752          .byte "comma", 0  ; [section data]
----                             2753  kindNameColon  ; [section data]
01B4    63 6F 6C 6F 6E 00        2754          .byte "colon", 0  ; [section data]
----                             2755  kindNameDollar  ; [section data]
01BA    64 6F 6C 6C 61 72 00     2756          .byte "dollar", 0  ; [section data]
----                             2757  kindNameDot  ; [section data]
01C1    64 6F 74 00              2758          .byte "dot", 0  ; [section data]
----                             2759  kindNameHash  ; [section data]
01C5    68 61 73 68 00           2760          .byte "hash", 0  ; [section data]
----                             2761  kindNameQuestion  ; [section data]
01CA    71 75 65 73 74 69 6F 6E 00  2762          .byte "question", 0  ; [section data]
----                             2763  kindNameOpenBracket  ; [section data]
01D3    6F 70 65 6E 5F 62 72 61 63 6B 65 74 00  2764          .byte "open_bracket", 0  ; [section data]
----                             2765  kindNameCloseBracket  ; [section data]
01E0    63 6C 6F 73 65 5F 62 72 61 63 6B 65 74 00  2766          .byte "close_bracket", 0  ; [section data]
----                             2767  kindNameOpenBrace  ; [section data]
01EE    6F 70 65 6E 5F 62 72 61 63 65 00  2768          .byte "open_brace", 0  ; [section data]
----                             2769  kindNameCloseBrace  ; [section data]
01F9    63 6C 6F 73 65 5F 62 72 61 63 65 00  2770          .byte "close_brace", 0  ; [section data]
----                             2771  kindNameOpenParen  ; [section data]
0205    6F 70 65 6E 5F 70 61 72 65 6E 00  2772          .byte "open_paren", 0  ; [section data]
----                             2773  kindNameCloseParen  ; [section data]
0210    63 6C 6F 73 65 5F 70 61 72 65 6E 00  2774          .byte "close_paren", 0  ; [section data]
----                             2775  kindNameOpRange  ; [section data]
021C    6F 70 5F 72 61 6E 67 65 00  2776          .byte "op_range", 0  ; [section data]
----                             2777  kindNameOpRangeInclusive  ; [section data]
0225    6F 70 5F 72 61 6E 67 65 5F 69 6E 63 6C 75 73 69 76 65 00  2778          .byte "op_range_inclusive", 0  ; [section data]
----                             2779  kindNameOpPlus  ; [section data]
0238    6F 70 5F 70 6C 75 73 00  2780          .byte "op_plus", 0  ; [section data]
----                             2781  kindNameOpMinus  ; [section data]
0240    6F 70 5F 6D 69 6E 75 73 00  2782          .byte "op_minus", 0  ; [section data]
----                             2783  kindNameOpMultiply  ; [section data]
0249    6F 70 5F 6D 75 6C 74 69 70 6C 79 00  2784          .byte "op_multiply", 0  ; [section data]
----                             2785  kindNameOpCaret  ; [section data]
0255    6F 70 5F 63 61 72 65 74 00  2786          .byte "op_caret", 0  ; [section data]
----                             2787  kindNameOpDivide  ; [section data]
025E    6F 70 5F 64 69 76 69 64 65 00  2788          .byte "op_divide", 0  ; [section data]
----                             2789  kindNameOpMod  ; [section data]
0268    6F 70 5F 6D 6F 64 00     2790          .byte "op_mod", 0  ; [section data]
----                             2791  kindNameOpShl  ; [section data]
026F    6F 70 5F 73 68 6C 00     2792          .byte "op_shl", 0  ; [section data]
----                             2793  kindNameOpShr  ; [section data]
0276    6F 70 5F 73 68 72 00     2794          .byte "op_shr", 0  ; [section data]
----                             2795  kindNameOpBitNot  ; [section data]
027D    6F 70 5F 62 69 74 5F 6E 6F 74 00  2796          .byte "op_bit_not", 0  ; [section data]
----                             2797  kindNameOpLogicNot  ; [section data]
0288    6F 70 5F 6C 6F 67 69 63 5F 6E 6F 74 00  2798          .byte "op_logic_not", 0  ; [section data]
----                             2799  kindNameOpBitAnd  ; [section data]
0295    6F 70 5F 62 69 74 5F 61 6E 64 00  2800          .byte "op_bit_and", 0  ; [section data]
----                             2801  kindNameOpBitOr  ; [section data]
02A0    6F 70 5F 62 69 74 5F 6F 72 00  2802          .byte "op_bit_or", 0  ; [section data]
----                             2803  kindNameOpLogicAnd  ; [section data]
02AA    6F 70 5F 6C 6F 67 69 63 5F 61 6E 64 00  2804          .byte "op_logic_and", 0  ; [section data]
----                             2805  kindNameOpLogicOr  ; [section data]
02B7    6F 70 5F 6C 6F 67 69 63 5F 6F 72 00  2806          .byte "op_logic_or", 0  ; [section data]
----                             2807  kindNameOpLogicXor  ; [section data]
02C3    6F 70 5F 6C 6F 67 69 63 5F 78 6F 72 00  2808          .byte "op_logic_xor", 0  ; [section data]
----                             2809  kindNameOpEq  ; [section data]
02D0    6F 70 5F 65 71 00        2810          .byte "op_eq", 0  ; [section data]
----                             2811  kindNameOpNe  ; [section data]
02D6    6F 70 5F 6E 65 00        2812          .byte "op_ne", 0  ; [section data]
----                             2813  kindNameOpGe  ; [section data]
02DC    6F 70 5F 67 65 00        2814          .byte "op_ge", 0  ; [section data]
----                             2815  kindNameOpGt  ; [section data]
02E2    6F 70 5F 67 74 00        2816          .byte "op_gt", 0  ; [section data]
----                             2817  kindNameOpLe  ; [section data]
02E8    6F 70 5F 6C 65 00        2818          .byte "op_le", 0  ; [section data]
----                             2819  kindNameOpLt  ; [section data]
02EE    6F 70 5F 6C 74 00        2820          .byte "op_lt", 0  ; [section data]
----                             2821  kindNameUnknown  ; [section data]
02F4    75 6E 6B 6E 6F 77 6E 00  2822          .byte "unknown", 0  ; [section data]
----                             2823    ; [section data]
02FC    +0000                    2824          .align 4  ; [section data]
----                             2825  ; kindNamePtrs is indexed directly by the TK_KIND_* numeric code.  ; [section data]
----                             2826  ; Each entry expands the compact native token record into the report text name  ; [section data]
----                             2827  ; that matches PortableTokenKind-oriented test expectations.  ; [section data]
----                             2828  kindNamePtrs  ; [section data]
02FC    00 00 01 8C              2829          .long kindNameIdentifier  ; [section data]
0300    00 00 01 97              2830          .long kindNameRegister  ; [section data]
0304    00 00 01 A0              2831          .long kindNameNumber  ; [section data]
0308    00 00 01 A7              2832          .long kindNameString  ; [section data]
030C    00 00 01 AE              2833          .long kindNameComma  ; [section data]
0310    00 00 01 B4              2834          .long kindNameColon  ; [section data]
0314    00 00 01 BA              2835          .long kindNameDollar  ; [section data]
0318    00 00 01 C1              2836          .long kindNameDot  ; [section data]
031C    00 00 01 C5              2837          .long kindNameHash  ; [section data]
0320    00 00 01 CA              2838          .long kindNameQuestion  ; [section data]
0324    00 00 01 D3              2839          .long kindNameOpenBracket  ; [section data]
0328    00 00 01 E0              2840          .long kindNameCloseBracket  ; [section data]
032C    00 00 01 EE              2841          .long kindNameOpenBrace  ; [section data]
0330    00 00 01 F9              2842          .long kindNameCloseBrace  ; [section data]
0334    00 00 02 05              2843          .long kindNameOpenParen  ; [section data]
0338    00 00 02 10              2844          .long kindNameCloseParen  ; [section data]
033C    00 00 02 1C              2845          .long kindNameOpRange  ; [section data]
0340    00 00 02 25              2846          .long kindNameOpRangeInclusive  ; [section data]
0344    00 00 02 38              2847          .long kindNameOpPlus  ; [section data]
0348    00 00 02 40              2848          .long kindNameOpMinus  ; [section data]
034C    00 00 02 49              2849          .long kindNameOpMultiply  ; [section data]
0350    00 00 02 55              2850          .long kindNameOpCaret  ; [section data]
0354    00 00 02 5E              2851          .long kindNameOpDivide  ; [section data]
0358    00 00 02 68              2852          .long kindNameOpMod  ; [section data]
035C    00 00 02 6F              2853          .long kindNameOpShl  ; [section data]
0360    00 00 02 76              2854          .long kindNameOpShr  ; [section data]
0364    00 00 02 7D              2855          .long kindNameOpBitNot  ; [section data]
0368    00 00 02 88              2856          .long kindNameOpLogicNot  ; [section data]
036C    00 00 02 95              2857          .long kindNameOpBitAnd  ; [section data]
0370    00 00 02 A0              2858          .long kindNameOpBitOr  ; [section data]
0374    00 00 02 AA              2859          .long kindNameOpLogicAnd  ; [section data]
0378    00 00 02 B7              2860          .long kindNameOpLogicOr  ; [section data]
037C    00 00 02 C3              2861          .long kindNameOpLogicXor  ; [section data]
0380    00 00 02 D0              2862          .long kindNameOpEq  ; [section data]
0384    00 00 02 D6              2863          .long kindNameOpNe  ; [section data]
0388    00 00 02 DC              2864          .long kindNameOpGe  ; [section data]
038C    00 00 02 E2              2865          .long kindNameOpGt  ; [section data]
0390    00 00 02 E8              2866          .long kindNameOpLe  ; [section data]
0394    00 00 02 EE              2867          .long kindNameOpLt  ; [section data]
----                             2868    ; [section data]
----                             2869          .endsection
----                             2870          .section bss, kind=bss  ; [section bss]
----                             2871    ; [section bss]
----                             2872  ; Caller-owned and harness-owned buffers.  ; [section bss]
----                             2873  ; tokenBuffer and lexemeScratch together form the native token ABI surface that  ; [section bss]
----                             2874  ; tokvm_amigaos_cli_harness_write_report rehydrates into OPFORGE-TOKVM 1 lines.  ; [section bss]
0000    +0000                    2875          .align 4  ; [section bss]
----                             2876  globals  ; [section bss]
0000    +0010                    2877          .res byte, GLOBALS_SIZE  ; [section bss]
----                             2878  inputPathBuffer  ; [section bss]
0010    +0100                    2879          .res byte, PATH_BUFFER_CAPACITY  ; [section bss]
----                             2880  outputPathBuffer  ; [section bss]
0110    +0100                    2881          .res byte, PATH_BUFFER_CAPACITY  ; [section bss]
----                             2882  sourceBuffer  ; [section bss]
0210    +0400                    2883          .res byte, SOURCE_BUFFER_CAPACITY  ; [section bss]
----                             2884  tokenBuffer  ; [section bss]
0610    +0500                    2885          .res byte, TOKEN_RECORD_SIZE * TOKEN_BUFFER_CAPACITY  ; [section bss]
----                             2886  lexemeScratch  ; [section bss]
0B10    +0400                    2887          .res byte, SCRATCH_BUFFER_CAPACITY  ; [section bss]
----                             2888  decimalBuffer  ; [section bss]
0F10    +0010                    2889          .res byte, 16  ; [section bss]
----                             2890  decimalBufferEnd  ; [section bss]
----                             2891  hexPairBuffer  ; [section bss]
0F20    +0002                    2892          .res byte, 2  ; [section bss]
----                             2893  inputProbeByte  ; [section bss]
0F22    +0001                    2894          .res byte, 1  ; [section bss]
----                             2895    ; [section bss]
----                             2896          .endsection
----                             2897          .endmodule
----                             2898  ; Native AmigaOS 68020-baseline tokenizer VM executable.
----                             2899  ;
----                             2900  ; This root file is now a true composition module: it owns only the Amiga entry
----                             2901  ; path and pulls the CLI harness and tokenizer VM in through `.use`.
----                             2902  
----                             2903          .module main
----                             2904          .cpu 68020
----                             2905          .use tokvm.amigaos.cli_harness (SysBase, pr_CLI, pr_MsgPort)
----                             2906          .use tokvm.amigaos.cli_harness (FindTask, WaitPort, GetMsg, ReplyMsg, Forbid)
----                             2907          .use tokvm.amigaos.cli_harness (RETURN_WORKBENCH_UNSUPPORTED, tokvm_amigaos_cli_harness_run)
----                             2908          .use tokvm.amigaos.tokenizer_vm (abiMarker)
----                             2909  
----                             2910          .section entry, kind=code  ; [section entry]
----                             2911    ; [section entry]
----                             2912  ; ---------------------------------------------------------------------------  ; [section entry]
----                             2913  ; AmigaOS process entry.  ; [section entry]
----                             2914  ;  ; [section entry]
----                             2915  ; Workbench launches are rejected because this first native slice is a Shell  ; [section entry]
----                             2916  ; tool with a narrow CLI/file-I/O contract. Once CLI execution is confirmed, we  ; [section entry]
----                             2917  ; hand off to the imported tokvm.amigaos.cli_harness module.  ; [section entry]
----                             2918  ; ---------------------------------------------------------------------------  ; [section entry]
----                             2919    ; [section entry]
----                             2920  start  ; [section entry]
0000    48 E7 3F 3E              2921          MOVEM.L D2-D7/A2-A6, -(SP)  ; preserve callee-owned state across the CLI harness call  ; [section entry]
0004    42 82                    2922          CLR.L D2  ; no Workbench startup message is pending until GetMsg succeeds  ; [section entry]
----                             2923    ; [section entry]
0006    93 C9                    2924          SUBA.L A1, A1  ; Exec FindTask(NULL) => current process, same host contract as C/Rust launchers  ; [section entry]
0008    2C 78 00 04              2925          MOVEA.L SysBase.W, A6  ; Exec base for FindTask/WaitPort/GetMsg/ReplyMsg/Forbid  ; [section entry]
000C    4E AE FE DA              2926          JSR FindTask(A6)  ; [section entry]
----                             2927    ; [section entry]
0010    24 40                    2928          MOVEA.L D0, A2  ; [section entry]
0012    4A AA 00 AC              2929          TST.L pr_CLI(A2)  ; tokvm's first native slice only supports Shell launches, not Workbench icons  ; [section entry]
0016    66 00 00 1A              2930          BNE.W startCli  ; [section entry]
----                             2931    ; [section entry]
001A    41 EA 00 5C              2932          LEA pr_MsgPort(A2), A0  ; [section entry]
001E    4E AE FE 80              2933          JSR WaitPort(A6)  ; [section entry]
0022    41 EA 00 5C              2934          LEA pr_MsgPort(A2), A0  ; [section entry]
0026    4E AE FE 8C              2935          JSR GetMsg(A6)  ; [section entry]
002A    24 00                    2936          MOVE.L D0, D2  ; cache the startup message so we can ReplyMsg before returning  ; [section entry]
002C    7E 19                    2937          MOVEQ #RETURN_WORKBENCH_UNSUPPORTED, D7  ; host-visible status for unsupported Workbench activation  ; [section entry]
002E    60 00 00 0A              2938          BRA.W startReply  ; [section entry]
----                             2939    ; [section entry]
----                             2940  startCli  ; [section entry]
0032    4E B9 00 00 0D 70        2941          JSR tokvm_amigaos_cli_harness_run  ; hand off to the module that mirrors the Rust host/report bridge  ; [section entry]
0038    2E 00                    2942          MOVE.L D0, D7  ; keep the CLI/report status live through the reply/epilogue path  ; [section entry]
----                             2943    ; [section entry]
----                             2944  startReply  ; [section entry]
003A    4A 82                    2945          TST.L D2  ; only Workbench launches require a reply to the startup message  ; [section entry]
003C    67 00 00 0C              2946          BEQ.W startDone  ; [section entry]
0040    4E AE FF 7C              2947          JSR Forbid(A6)  ; [section entry]
0044    22 42                    2948          MOVEA.L D2, A1  ; [section entry]
0046    4E AE FE 86              2949          JSR ReplyMsg(A6)  ; [section entry]
----                             2950    ; [section entry]
----                             2951  startDone  ; [section entry]
004A    20 07                    2952          MOVE.L D7, D0  ; Amiga return register carries the harness/native VM outcome  ; [section entry]
004C    4C DF 7C FC              2953          MOVEM.L (SP)+, D2-D7/A2-A6  ; [section entry]
0050    4E 75                    2954          RTS  ; [section entry]
----                             2955    ; [section entry]
----                             2956          .endsection
----                             2957          .output "build/tokvm", format=hunk, sections=entry, code, data, bss
----                             2958          .endmodule

Lines: 2958  Errors: 0  Warnings: 0

SYMBOL TABLE

NAME             VALUE     VIS  KIND
---------------  --------  ---  ----
main.start       0000      prv  lbl 
main.startCli    0032      prv  lbl 
main.startDone   004A      prv  lbl 
main.startReply  003A      prv  lbl 
tokvm.amigaos.cli_harness.amigaosCliFileIoCloseDone  14CA      pub  lbl 
tokvm.amigaos.cli_harness.amigaosCliFileIoCloseOk  14C8      pub  lbl 
tokvm.amigaos.cli_harness.amigaosCliFileIoCreateDone  142E      pub  lbl 
tokvm.amigaos.cli_harness.amigaosCliFileIoInitDone  13B8      pub  lbl 
tokvm.amigaos.cli_harness.amigaosCliFileIoInitFail  13B6      pub  lbl 
tokvm.amigaos.cli_harness.amigaosCliFileIoOpenDone  140C      pub  lbl 
tokvm.amigaos.cli_harness.amigaosCliFileIoReadDone  1450      pub  lbl 
tokvm.amigaos.cli_harness.amigaosCliFileIoShutdownDone  13D6      pub  lbl 
tokvm.amigaos.cli_harness.amigaosCliFileIoWriteCstrEmit  1466      pub  lbl 
tokvm.amigaos.cli_harness.amigaosCliFileIoWriteCstrLoop  145E      pub  lbl 
tokvm.amigaos.cli_harness.amigaosCliFileIoWriteDone  14A6      pub  lbl 
tokvm.amigaos.cli_harness.amigaosCliFileIoWriteFail  1496      pub  lbl 
tokvm.amigaos.cli_harness.amigaosCliFileIoWriteShort  14A0      pub  lbl 
tokvm.amigaos.cli_harness.amigaos_cli_fileio_capture_ioerr  14D0      pub  lbl 
tokvm.amigaos.cli_harness.amigaos_cli_fileio_close  14AC      pub  lbl 
tokvm.amigaos.cli_harness.amigaos_cli_fileio_get_arg_str  13DC      pub  lbl 
tokvm.amigaos.cli_harness.amigaos_cli_fileio_init  137A      pub  lbl 
tokvm.amigaos.cli_harness.amigaos_cli_fileio_open_input  13F0      pub  lbl 
tokvm.amigaos.cli_harness.amigaos_cli_fileio_open_output  1412      pub  lbl 
tokvm.amigaos.cli_harness.amigaos_cli_fileio_read  1434      pub  lbl 
tokvm.amigaos.cli_harness.amigaos_cli_fileio_shutdown  13BE      pub  lbl 
tokvm.amigaos.cli_harness.amigaos_cli_fileio_write_cstr  1456      pub  lbl 
tokvm.amigaos.cli_harness.amigaos_cli_fileio_write_exact  1472      pub  lbl 
tokvm.amigaos.cli_harness.Close  FFFFFFDC  pub  lbl 
tokvm.amigaos.cli_harness.CloseLibrary  FFFFFE62  pub  lbl 
tokvm.amigaos.cli_harness.decimalBuffer  0F10      pub  lbl 
tokvm.amigaos.cli_harness.decimalBufferEnd  0F20      pub  lbl 
tokvm.amigaos.cli_harness.dosName  00A0      pub  lbl 
tokvm.amigaos.cli_harness.FindTask  FFFFFEDA  pub  lbl 
tokvm.amigaos.cli_harness.Forbid  FFFFFF7C  pub  lbl 
tokvm.amigaos.cli_harness.GetArgStr  FFFFFDEA  pub  lbl 
tokvm.amigaos.cli_harness.GetMsg  FFFFFE8C  pub  lbl 
tokvm.amigaos.cli_harness.globals  0000      pub  lbl 
tokvm.amigaos.cli_harness.GLOBALS_DOS_BASE  0000      pub  lbl 
tokvm.amigaos.cli_harness.GLOBALS_LAST_IOERR  0008      pub  lbl 
tokvm.amigaos.cli_harness.GLOBALS_OUTPUT_HANDLE  000C      pub  lbl 
tokvm.amigaos.cli_harness.GLOBALS_SIZE  0010      pub  lbl 
tokvm.amigaos.cli_harness.GLOBALS_STDOUT_HANDLE  0004      pub  lbl 
tokvm.amigaos.cli_harness.HARNESS_STATUS_INPUT_OPEN  FFFFFF9A  pub  lbl 
tokvm.amigaos.cli_harness.HARNESS_STATUS_INPUT_READ  FFFFFF99  pub  lbl 
tokvm.amigaos.cli_harness.HARNESS_STATUS_INPUT_TOO_LARGE  FFFFFF98  pub  lbl 
tokvm.amigaos.cli_harness.HARNESS_STATUS_OUTPUT_OPEN  FFFFFF97  pub  lbl 
tokvm.amigaos.cli_harness.HARNESS_STATUS_QUOTED_PATH  FFFFFF9B  pub  lbl 
tokvm.amigaos.cli_harness.HARNESS_STATUS_USAGE  FFFFFF9C  pub  lbl 
tokvm.amigaos.cli_harness.hexDigits  017C      pub  lbl 
tokvm.amigaos.cli_harness.hexPairBuffer  0F20      pub  lbl 
tokvm.amigaos.cli_harness.inputPathBuffer  0010      pub  lbl 
tokvm.amigaos.cli_harness.inputProbeByte  0F22      pub  lbl 
tokvm.amigaos.cli_harness.IoErr  FFFFFF7C  pub  lbl 
tokvm.amigaos.cli_harness.kindNameCloseBrace  01F9      pub  lbl 
tokvm.amigaos.cli_harness.kindNameCloseBracket  01E0      pub  lbl 
tokvm.amigaos.cli_harness.kindNameCloseParen  0210      pub  lbl 
tokvm.amigaos.cli_harness.kindNameColon  01B4      pub  lbl 
tokvm.amigaos.cli_harness.kindNameComma  01AE      pub  lbl 
tokvm.amigaos.cli_harness.kindNameDollar  01BA      pub  lbl 
tokvm.amigaos.cli_harness.kindNameDot  01C1      pub  lbl 
tokvm.amigaos.cli_harness.kindNameHash  01C5      pub  lbl 
tokvm.amigaos.cli_harness.kindNameIdentifier  018C      pub  lbl 
tokvm.amigaos.cli_harness.kindNameNumber  01A0      pub  lbl 
tokvm.amigaos.cli_harness.kindNameOpBitAnd  0295      pub  lbl 
tokvm.amigaos.cli_harness.kindNameOpBitNot  027D      pub  lbl 
tokvm.amigaos.cli_harness.kindNameOpBitOr  02A0      pub  lbl 
tokvm.amigaos.cli_harness.kindNameOpCaret  0255      pub  lbl 
tokvm.amigaos.cli_harness.kindNameOpDivide  025E      pub  lbl 
tokvm.amigaos.cli_harness.kindNameOpenBrace  01EE      pub  lbl 
tokvm.amigaos.cli_harness.kindNameOpenBracket  01D3      pub  lbl 
tokvm.amigaos.cli_harness.kindNameOpenParen  0205      pub  lbl 
tokvm.amigaos.cli_harness.kindNameOpEq  02D0      pub  lbl 
tokvm.amigaos.cli_harness.kindNameOpGe  02DC      pub  lbl 
tokvm.amigaos.cli_harness.kindNameOpGt  02E2      pub  lbl 
tokvm.amigaos.cli_harness.kindNameOpLe  02E8      pub  lbl 
tokvm.amigaos.cli_harness.kindNameOpLogicAnd  02AA      pub  lbl 
tokvm.amigaos.cli_harness.kindNameOpLogicNot  0288      pub  lbl 
tokvm.amigaos.cli_harness.kindNameOpLogicOr  02B7      pub  lbl 
tokvm.amigaos.cli_harness.kindNameOpLogicXor  02C3      pub  lbl 
tokvm.amigaos.cli_harness.kindNameOpLt  02EE      pub  lbl 
tokvm.amigaos.cli_harness.kindNameOpMinus  0240      pub  lbl 
tokvm.amigaos.cli_harness.kindNameOpMod  0268      pub  lbl 
tokvm.amigaos.cli_harness.kindNameOpMultiply  0249      pub  lbl 
tokvm.amigaos.cli_harness.kindNameOpNe  02D6      pub  lbl 
tokvm.amigaos.cli_harness.kindNameOpPlus  0238      pub  lbl 
tokvm.amigaos.cli_harness.kindNameOpRange  021C      pub  lbl 
tokvm.amigaos.cli_harness.kindNameOpRangeInclusive  0225      pub  lbl 
tokvm.amigaos.cli_harness.kindNameOpShl  026F      pub  lbl 
tokvm.amigaos.cli_harness.kindNameOpShr  0276      pub  lbl 
tokvm.amigaos.cli_harness.kindNamePtrs  02FC      pub  lbl 
tokvm.amigaos.cli_harness.kindNameQuestion  01CA      pub  lbl 
tokvm.amigaos.cli_harness.kindNameRegister  0197      pub  lbl 
tokvm.amigaos.cli_harness.kindNameString  01A7      pub  lbl 
tokvm.amigaos.cli_harness.kindNameUnknown  02F4      pub  lbl 
tokvm.amigaos.cli_harness.lexemeScratch  0B10      pub  lbl 
tokvm.amigaos.cli_harness.minusString  017A      pub  lbl 
tokvm.amigaos.cli_harness.MODE_NEWFILE  03EE      pub  lbl 
tokvm.amigaos.cli_harness.MODE_OLDFILE  03ED      pub  lbl 
tokvm.amigaos.cli_harness.newlineString  0178      pub  lbl 
tokvm.amigaos.cli_harness.Open  FFFFFFE2  pub  lbl 
tokvm.amigaos.cli_harness.OpenLibrary  FFFFFDD8  pub  lbl 
tokvm.amigaos.cli_harness.Output  FFFFFFC4  pub  lbl 
tokvm.amigaos.cli_harness.outputOpenMessage  00FC      pub  lbl 
tokvm.amigaos.cli_harness.outputPathBuffer  0110      pub  lbl 
tokvm.amigaos.cli_harness.PATH_BUFFER_CAPACITY  0100      pub  lbl 
tokvm.amigaos.cli_harness.pr_CLI  00AC      pub  lbl 
tokvm.amigaos.cli_harness.pr_MsgPort  005C      pub  lbl 
tokvm.amigaos.cli_harness.quotedPathMessage  00D5      pub  lbl 
tokvm.amigaos.cli_harness.Read  FFFFFFD6  pub  lbl 
tokvm.amigaos.cli_harness.ReplyMsg  FFFFFE86  pub  lbl 
tokvm.amigaos.cli_harness.reportCursorPrefix  0140      pub  lbl 
tokvm.amigaos.cli_harness.reportEndLine  0173      pub  lbl 
tokvm.amigaos.cli_harness.reportEndPrefix  015E      pub  lbl 
tokvm.amigaos.cli_harness.reportHeader  011F      pub  lbl 
tokvm.amigaos.cli_harness.reportKindPrefix  014F      pub  lbl 
tokvm.amigaos.cli_harness.reportLenPrefix  0164      pub  lbl 
tokvm.amigaos.cli_harness.reportLexhexPrefix  016A      pub  lbl 
tokvm.amigaos.cli_harness.reportStartPrefix  0156      pub  lbl 
tokvm.amigaos.cli_harness.reportStatusPrefix  0130      pub  lbl 
tokvm.amigaos.cli_harness.reportTokenPrefix  0148      pub  lbl 
tokvm.amigaos.cli_harness.reportTokensPrefix  0138      pub  lbl 
tokvm.amigaos.cli_harness.RETURN_FILE_FAILURE  0015      pub  lbl 
tokvm.amigaos.cli_harness.RETURN_INPUT_TOO_LARGE  0016      pub  lbl 
tokvm.amigaos.cli_harness.RETURN_OK  0000      pub  lbl 
tokvm.amigaos.cli_harness.RETURN_OUTPUT_FAILURE  0018      pub  lbl 
tokvm.amigaos.cli_harness.RETURN_USAGE  0014      pub  lbl 
tokvm.amigaos.cli_harness.RETURN_VM_FAILURE  0017      pub  lbl 
tokvm.amigaos.cli_harness.RETURN_WORKBENCH_UNSUPPORTED  0019      pub  lbl 
tokvm.amigaos.cli_harness.sourceBuffer  0210      pub  lbl 
tokvm.amigaos.cli_harness.SysBase  0004      pub  lbl 
tokvm.amigaos.cli_harness.tokenBuffer  0610      pub  lbl 
tokvm.amigaos.cli_harness.tokvmHarnessArgsDone  0F84      pub  lbl 
tokvm.amigaos.cli_harness.tokvmHarnessArgsMissing  0F76      pub  lbl 
tokvm.amigaos.cli_harness.tokvmHarnessArgsParsed  0DBE      pub  lbl 
tokvm.amigaos.cli_harness.tokvmHarnessArgsQuoted  0F7E      pub  lbl 
tokvm.amigaos.cli_harness.tokvmHarnessCleanup  0F16      pub  lbl 
tokvm.amigaos.cli_harness.tokvmHarnessCopyFinish  0FDE      pub  lbl 
tokvm.amigaos.cli_harness.tokvmHarnessCopyLoop  0FAE      pub  lbl 
tokvm.amigaos.cli_harness.tokvmHarnessCopyOverflow  0FEC      pub  lbl 
tokvm.amigaos.cli_harness.tokvmHarnessCopyQuoted  0FE4      pub  lbl 
tokvm.amigaos.cli_harness.tokvmHarnessCopyToken  0FA8      pub  lbl 
tokvm.amigaos.cli_harness.tokvmHarnessInputOpened  0E0C      pub  lbl 
tokvm.amigaos.cli_harness.tokvmHarnessInvokeVm  0EBC      pub  lbl 
tokvm.amigaos.cli_harness.tokvmHarnessKindUnknown  1372      pub  lbl 
tokvm.amigaos.cli_harness.tokvmHarnessOutputOpened  0DE0      pub  lbl 
tokvm.amigaos.cli_harness.tokvmHarnessProbeClosed  0EA0      pub  lbl 
tokvm.amigaos.cli_harness.tokvmHarnessProbeOk  0E7E      pub  lbl 
tokvm.amigaos.cli_harness.tokvmHarnessReadOk  0E46      pub  lbl 
tokvm.amigaos.cli_harness.tokvmHarnessReportDone  11E8      pub  lbl 
tokvm.amigaos.cli_harness.tokvmHarnessReportEnd  11CE      pub  lbl 
tokvm.amigaos.cli_harness.tokvmHarnessReportFail  11E6      pub  lbl 
tokvm.amigaos.cli_harness.tokvmHarnessReportTokenLoop  10CE      pub  lbl 
tokvm.amigaos.cli_harness.tokvmHarnessReportValidated  101A      pub  lbl 
tokvm.amigaos.cli_harness.tokvmHarnessShutdown  0F2A      pub  lbl 
tokvm.amigaos.cli_harness.tokvmHarnessSkipDone  0FA6      pub  lbl 
tokvm.amigaos.cli_harness.tokvmHarnessSkipOne  0FA2      pub  lbl 
tokvm.amigaos.cli_harness.tokvmHarnessSkipWhitespace  0F8A      pub  lbl 
tokvm.amigaos.cli_harness.tokvmHarnessUsage  0DB0      pub  lbl 
tokvm.amigaos.cli_harness.tokvmHarnessValidateInvalid  12A8      pub  lbl 
tokvm.amigaos.cli_harness.tokvmHarnessValidateNegativeStatus  1288      pub  lbl 
tokvm.amigaos.cli_harness.tokvmHarnessValidateOk  12A4      pub  lbl 
tokvm.amigaos.cli_harness.tokvmHarnessValidateTokenLoop  1224      pub  lbl 
tokvm.amigaos.cli_harness.tokvmHarnessWriteHexDone  1354      pub  lbl 
tokvm.amigaos.cli_harness.tokvmHarnessWriteHexLoop  1314      pub  lbl 
tokvm.amigaos.cli_harness.tokvmHarnessWriteI32Done  12C8      pub  lbl 
tokvm.amigaos.cli_harness.tokvmHarnessWriteI32Unsigned  12C4      pub  lbl 
tokvm.amigaos.cli_harness.tokvmHarnessWriteU32Emit  12FA      pub  lbl 
tokvm.amigaos.cli_harness.tokvmHarnessWriteU32Loop  12E2      pub  lbl 
tokvm.amigaos.cli_harness.tokvmHarnessWriteVmReport  0F06      pub  lbl 
tokvm.amigaos.cli_harness.tokvm_amigaos_cli_harness_kind_name  135A      pub  lbl 
tokvm.amigaos.cli_harness.tokvm_amigaos_cli_harness_parse_args  0F36      pub  lbl 
tokvm.amigaos.cli_harness.tokvm_amigaos_cli_harness_run  0D70      pub  lbl 
tokvm.amigaos.cli_harness.tokvm_amigaos_cli_harness_validate_vm_result  11EE      pub  lbl 
tokvm.amigaos.cli_harness.tokvm_amigaos_cli_harness_write_failure_report  0FF4      pub  lbl 
tokvm.amigaos.cli_harness.tokvm_amigaos_cli_harness_write_hex_bytes  1306      pub  lbl 
tokvm.amigaos.cli_harness.tokvm_amigaos_cli_harness_write_i32  12AC      pub  lbl 
tokvm.amigaos.cli_harness.tokvm_amigaos_cli_harness_write_report  0FFE      pub  lbl 
tokvm.amigaos.cli_harness.tokvm_amigaos_cli_harness_write_u32  12CA      pub  lbl 
tokvm.amigaos.cli_harness.usageMessage  00AC      pub  lbl 
tokvm.amigaos.cli_harness.WaitPort  FFFFFE80  pub  lbl 
tokvm.amigaos.cli_harness.Write  FFFFFFD0  pub  lbl 
tokvm.amigaos.tokenizer_vm.abiMarker  0016      pub  lbl 
tokvm.amigaos.tokenizer_vm.demoFinish  006D      pub  lbl 
tokvm.amigaos.tokenizer_vm.demoProgram  002B      pub  lbl 
tokvm.amigaos.tokenizer_vm.demoProgramLen  009C      pub  lbl 
tokvm.amigaos.tokenizer_vm.demoReadChar  002B      pub  lbl 
tokvm.amigaos.tokenizer_vm.demoScanIdentifier  005B      pub  lbl 
tokvm.amigaos.tokenizer_vm.demoScanNumber  0061      pub  lbl 
tokvm.amigaos.tokenizer_vm.demoScanString  0067      pub  lbl 
tokvm.amigaos.tokenizer_vm.demoScanSymbol  004F      pub  lbl 
tokvm.amigaos.tokenizer_vm.demoSkipWhitespace  0055      pub  lbl 
tokvm.amigaos.tokenizer_vm.demoStateEntryOffsets  0004      pub  lbl 
tokvm.amigaos.tokenizer_vm.DEMO_PC_FINISH  0042      pub  lbl 
tokvm.amigaos.tokenizer_vm.DEMO_PC_READ_CHAR  0000      pub  lbl 
tokvm.amigaos.tokenizer_vm.DEMO_PC_SCAN_IDENTIFIER  0030      pub  lbl 
tokvm.amigaos.tokenizer_vm.DEMO_PC_SCAN_NUMBER  0036      pub  lbl 
tokvm.amigaos.tokenizer_vm.DEMO_PC_SCAN_STRING  003C      pub  lbl 
tokvm.amigaos.tokenizer_vm.DEMO_PC_SCAN_SYMBOL  0024      pub  lbl 
tokvm.amigaos.tokenizer_vm.DEMO_PC_SKIP_WHITESPACE  002A      pub  lbl 
tokvm.amigaos.tokenizer_vm.lexBitAnd  0083      pub  lbl 
tokvm.amigaos.tokenizer_vm.lexBitNot  007D      pub  lbl 
tokvm.amigaos.tokenizer_vm.lexBitOr  0084      pub  lbl 
tokvm.amigaos.tokenizer_vm.lexCaret  0089      pub  lbl 
tokvm.amigaos.tokenizer_vm.lexCloseBrace  0074      pub  lbl 
tokvm.amigaos.tokenizer_vm.lexCloseBracket  0072      pub  lbl 
tokvm.amigaos.tokenizer_vm.lexCloseParen  0078      pub  lbl 
tokvm.amigaos.tokenizer_vm.lexColon  0076      pub  lbl 
tokvm.amigaos.tokenizer_vm.lexComma  0075      pub  lbl 
tokvm.amigaos.tokenizer_vm.lexDivide  007C      pub  lbl 
tokvm.amigaos.tokenizer_vm.lexDollar  006F      pub  lbl 
tokvm.amigaos.tokenizer_vm.lexDot  006E      pub  lbl 
tokvm.amigaos.tokenizer_vm.lexEq  007E      pub  lbl 
tokvm.amigaos.tokenizer_vm.lexGe  0090      pub  lbl 
tokvm.amigaos.tokenizer_vm.lexGt  008F      pub  lbl 
tokvm.amigaos.tokenizer_vm.lexLe  008D      pub  lbl 
tokvm.amigaos.tokenizer_vm.lexLogicAnd  0085      pub  lbl 
tokvm.amigaos.tokenizer_vm.lexLogicNot  0082      pub  lbl 
tokvm.amigaos.tokenizer_vm.lexLogicOr  0087      pub  lbl 
tokvm.amigaos.tokenizer_vm.lexLogicXor  008A      pub  lbl 
tokvm.amigaos.tokenizer_vm.lexLt  008C      pub  lbl 
tokvm.amigaos.tokenizer_vm.lexMinus  007A      pub  lbl 
tokvm.amigaos.tokenizer_vm.lexMod  0096      pub  lbl 
tokvm.amigaos.tokenizer_vm.lexMultiply  007B      pub  lbl 
tokvm.amigaos.tokenizer_vm.lexNe  0080      pub  lbl 
tokvm.amigaos.tokenizer_vm.lexOpenBrace  0073      pub  lbl 
tokvm.amigaos.tokenizer_vm.lexOpenBracket  0071      pub  lbl 
tokvm.amigaos.tokenizer_vm.lexOpenParen  0077      pub  lbl 
tokvm.amigaos.tokenizer_vm.lexPlus  0079      pub  lbl 
tokvm.amigaos.tokenizer_vm.lexQuestion  0070      pub  lbl 
tokvm.amigaos.tokenizer_vm.lexRange  0097      pub  lbl 
tokvm.amigaos.tokenizer_vm.lexRangeInclusive  0099      pub  lbl 
tokvm.amigaos.tokenizer_vm.lexShl  0092      pub  lbl 
tokvm.amigaos.tokenizer_vm.lexShr  0094      pub  lbl 
tokvm.amigaos.tokenizer_vm.LOCAL_CURRENT_BYTE  0000      pub  lbl 
tokvm.amigaos.tokenizer_vm.LOCAL_PENDING_END  000C      pub  lbl 
tokvm.amigaos.tokenizer_vm.LOCAL_PENDING_KIND  0004      pub  lbl 
tokvm.amigaos.tokenizer_vm.LOCAL_PENDING_LEX_LEN  0010      pub  lbl 
tokvm.amigaos.tokenizer_vm.LOCAL_PENDING_START  0008      pub  lbl 
tokvm.amigaos.tokenizer_vm.LOCAL_PROGRAM_COUNTER  0018      pub  lbl 
tokvm.amigaos.tokenizer_vm.LOCAL_SIZE  0024      pub  lbl 
tokvm.amigaos.tokenizer_vm.LOCAL_STEP_COUNT  001C      pub  lbl 
tokvm.amigaos.tokenizer_vm.LOCAL_STEP_LIMIT  0020      pub  lbl 
tokvm.amigaos.tokenizer_vm.LOCAL_TEMP_U32  0014      pub  lbl 
tokvm.amigaos.tokenizer_vm.SCRATCH_BUFFER_CAPACITY  0400      pub  lbl 
tokvm.amigaos.tokenizer_vm.SOURCE_BUFFER_CAPACITY  0400      pub  lbl 
tokvm.amigaos.tokenizer_vm.TK_CLASS_DIGIT  0004      pub  lbl 
tokvm.amigaos.tokenizer_vm.TK_CLASS_IDENTIFIER_CONTINUE  0003      pub  lbl 
tokvm.amigaos.tokenizer_vm.TK_CLASS_IDENTIFIER_START  0002      pub  lbl 
tokvm.amigaos.tokenizer_vm.TK_CLASS_QUOTE  0005      pub  lbl 
tokvm.amigaos.tokenizer_vm.TK_CLASS_WHITESPACE  0001      pub  lbl 
tokvm.amigaos.tokenizer_vm.TK_KIND_CLOSE_BRACE  000D      pub  lbl 
tokvm.amigaos.tokenizer_vm.TK_KIND_CLOSE_BRACKET  000B      pub  lbl 
tokvm.amigaos.tokenizer_vm.TK_KIND_CLOSE_PAREN  000F      pub  lbl 
tokvm.amigaos.tokenizer_vm.TK_KIND_COLON  0005      pub  lbl 
tokvm.amigaos.tokenizer_vm.TK_KIND_COMMA  0004      pub  lbl 
tokvm.amigaos.tokenizer_vm.TK_KIND_DOLLAR  0006      pub  lbl 
tokvm.amigaos.tokenizer_vm.TK_KIND_DOT  0007      pub  lbl 
tokvm.amigaos.tokenizer_vm.TK_KIND_HASH  0008      pub  lbl 
tokvm.amigaos.tokenizer_vm.TK_KIND_IDENTIFIER  0000      pub  lbl 
tokvm.amigaos.tokenizer_vm.TK_KIND_NUMBER  0002      pub  lbl 
tokvm.amigaos.tokenizer_vm.TK_KIND_OPEN_BRACE  000C      pub  lbl 
tokvm.amigaos.tokenizer_vm.TK_KIND_OPEN_BRACKET  000A      pub  lbl 
tokvm.amigaos.tokenizer_vm.TK_KIND_OPEN_PAREN  000E      pub  lbl 
tokvm.amigaos.tokenizer_vm.TK_KIND_OP_BIT_AND  001C      pub  lbl 
tokvm.amigaos.tokenizer_vm.TK_KIND_OP_BIT_NOT  001A      pub  lbl 
tokvm.amigaos.tokenizer_vm.TK_KIND_OP_BIT_OR  001D      pub  lbl 
tokvm.amigaos.tokenizer_vm.TK_KIND_OP_CARET  0015      pub  lbl 
tokvm.amigaos.tokenizer_vm.TK_KIND_OP_DIVIDE  0016      pub  lbl 
tokvm.amigaos.tokenizer_vm.TK_KIND_OP_EQ  0021      pub  lbl 
tokvm.amigaos.tokenizer_vm.TK_KIND_OP_GE  0023      pub  lbl 
tokvm.amigaos.tokenizer_vm.TK_KIND_OP_GT  0024      pub  lbl 
tokvm.amigaos.tokenizer_vm.TK_KIND_OP_LE  0025      pub  lbl 
tokvm.amigaos.tokenizer_vm.TK_KIND_OP_LOGIC_AND  001E      pub  lbl 
tokvm.amigaos.tokenizer_vm.TK_KIND_OP_LOGIC_NOT  001B      pub  lbl 
tokvm.amigaos.tokenizer_vm.TK_KIND_OP_LOGIC_OR  001F      pub  lbl 
tokvm.amigaos.tokenizer_vm.TK_KIND_OP_LOGIC_XOR  0020      pub  lbl 
tokvm.amigaos.tokenizer_vm.TK_KIND_OP_LT  0026      pub  lbl 
tokvm.amigaos.tokenizer_vm.TK_KIND_OP_MINUS  0013      pub  lbl 
tokvm.amigaos.tokenizer_vm.TK_KIND_OP_MOD  0017      pub  lbl 
tokvm.amigaos.tokenizer_vm.TK_KIND_OP_MULTIPLY  0014      pub  lbl 
tokvm.amigaos.tokenizer_vm.TK_KIND_OP_NE  0022      pub  lbl 
tokvm.amigaos.tokenizer_vm.TK_KIND_OP_PLUS  0012      pub  lbl 
tokvm.amigaos.tokenizer_vm.TK_KIND_OP_RANGE  0010      pub  lbl 
tokvm.amigaos.tokenizer_vm.TK_KIND_OP_RANGE_INCLUSIVE  0011      pub  lbl 
tokvm.amigaos.tokenizer_vm.TK_KIND_OP_SHL  0018      pub  lbl 
tokvm.amigaos.tokenizer_vm.TK_KIND_OP_SHR  0019      pub  lbl 
tokvm.amigaos.tokenizer_vm.TK_KIND_QUESTION  0009      pub  lbl 
tokvm.amigaos.tokenizer_vm.TK_KIND_STRING  0003      pub  lbl 
tokvm.amigaos.tokenizer_vm.TK_OPCODE_ADVANCE  0002      pub  lbl 
tokvm.amigaos.tokenizer_vm.TK_OPCODE_EMIT_DIAG  000C      pub  lbl 
tokvm.amigaos.tokenizer_vm.TK_OPCODE_EMIT_TOKEN  0005      pub  lbl 
tokvm.amigaos.tokenizer_vm.TK_OPCODE_END  0000      pub  lbl 
tokvm.amigaos.tokenizer_vm.TK_OPCODE_FAIL  000B      pub  lbl 
tokvm.amigaos.tokenizer_vm.TK_OPCODE_JUMP  0007      pub  lbl 
tokvm.amigaos.tokenizer_vm.TK_OPCODE_JUMP_IF_BYTE_EQ  0009      pub  lbl 
tokvm.amigaos.tokenizer_vm.TK_OPCODE_JUMP_IF_CLASS  000A      pub  lbl 
tokvm.amigaos.tokenizer_vm.TK_OPCODE_JUMP_IF_EOL  0008      pub  lbl 
tokvm.amigaos.tokenizer_vm.TK_OPCODE_PUSH_CHAR  0004      pub  lbl 
tokvm.amigaos.tokenizer_vm.TK_OPCODE_READ_CHAR  0001      pub  lbl 
tokvm.amigaos.tokenizer_vm.TK_OPCODE_SCAN_CORE  000E      pub  lbl 
tokvm.amigaos.tokenizer_vm.TK_OPCODE_SCAN_IDENTIFIER  000F      pub  lbl 
tokvm.amigaos.tokenizer_vm.TK_OPCODE_SCAN_NUMBER  0010      pub  lbl 
tokvm.amigaos.tokenizer_vm.TK_OPCODE_SCAN_STRING  0011      pub  lbl 
tokvm.amigaos.tokenizer_vm.TK_OPCODE_SCAN_SYMBOL  0012      pub  lbl 
tokvm.amigaos.tokenizer_vm.TK_OPCODE_SET_STATE  0006      pub  lbl 
tokvm.amigaos.tokenizer_vm.TK_OPCODE_START_LEXEME  0003      pub  lbl 
tokvm.amigaos.tokenizer_vm.TK_STATUS_INVALID_ARGUMENT  0005      pub  lbl 
tokvm.amigaos.tokenizer_vm.TK_STATUS_INVALID_PROGRAM  0006      pub  lbl 
tokvm.amigaos.tokenizer_vm.TK_STATUS_LEXEME_OVERFLOW  0003      pub  lbl 
tokvm.amigaos.tokenizer_vm.TK_STATUS_NEWLINE_UNSUPPORTED  0001      pub  lbl 
tokvm.amigaos.tokenizer_vm.TK_STATUS_STEP_LIMIT_EXCEEDED  0007      pub  lbl 
tokvm.amigaos.tokenizer_vm.TK_STATUS_SUCCESS  0000      pub  lbl 
tokvm.amigaos.tokenizer_vm.TK_STATUS_TOKEN_OVERFLOW  0002      pub  lbl 
tokvm.amigaos.tokenizer_vm.TK_STATUS_VM_FAILURE  0004      pub  lbl 
tokvm.amigaos.tokenizer_vm.TK_VM_FAILURE_KIND_EMIT_DIAG  0002      pub  lbl 
tokvm.amigaos.tokenizer_vm.TK_VM_FAILURE_KIND_FAIL  0001      pub  lbl 
tokvm.amigaos.tokenizer_vm.TK_VM_FAILURE_KIND_NONE  0000      pub  lbl 
tokvm.amigaos.tokenizer_vm.TOKEN_BUFFER_CAPACITY  0040      pub  lbl 
tokvm.amigaos.tokenizer_vm.TOKEN_RECORD_SIZE  0014      pub  lbl 
tokvm.amigaos.tokenizer_vm.tokvmApplyClassJump  043C      pub  lbl 
tokvm.amigaos.tokenizer_vm.tokvmCheckIdentContinueDigit  0C58      pub  lbl 
tokvm.amigaos.tokenizer_vm.tokvmCheckIdentContinueLower  0C48      pub  lbl 
tokvm.amigaos.tokenizer_vm.tokvmCheckIdentExtra  0C68      pub  lbl 
tokvm.amigaos.tokenizer_vm.tokvmCheckIdentStartLower  0C14      pub  lbl 
tokvm.amigaos.tokenizer_vm.tokvmCheckIdentStartPunct  0C24      pub  lbl 
tokvm.amigaos.tokenizer_vm.tokvmCheckNumberExtra  0CD0      pub  lbl 
tokvm.amigaos.tokenizer_vm.tokvmCheckNumberLetters  0CB0      pub  lbl 
tokvm.amigaos.tokenizer_vm.tokvmCheckNumberLower  0CC0      pub  lbl 
tokvm.amigaos.tokenizer_vm.tokvmCheckProgramPointer  00CA      pub  lbl 
tokvm.amigaos.tokenizer_vm.tokvmCheckScratchPointer  00BC      pub  lbl 
tokvm.amigaos.tokenizer_vm.tokvmCheckTokenPointer  00AE      pub  lbl 
tokvm.amigaos.tokenizer_vm.tokvmClassDigit  0414      pub  lbl 
tokvm.amigaos.tokenizer_vm.tokvmClassIdentContinue  0400      pub  lbl 
tokvm.amigaos.tokenizer_vm.tokvmClassIdentStart  03EC      pub  lbl 
tokvm.amigaos.tokenizer_vm.tokvmClassQuote  042C      pub  lbl 
tokvm.amigaos.tokenizer_vm.tokvmClassWhitespace  03D8      pub  lbl 
tokvm.amigaos.tokenizer_vm.tokvmCommitPendingToken  04D4      pub  lbl 
tokvm.amigaos.tokenizer_vm.tokvmCopyIdentifierByte  05B2      pub  lbl 
tokvm.amigaos.tokenizer_vm.tokvmHexDigitValue  0D10      pub  lbl 
tokvm.amigaos.tokenizer_vm.tokvmHexInvalid  0D6C      pub  lbl 
tokvm.amigaos.tokenizer_vm.tokvmHexLower  0D4C      pub  lbl 
tokvm.amigaos.tokenizer_vm.tokvmHexUpper  0D2C      pub  lbl 
tokvm.amigaos.tokenizer_vm.tokvmInvalidArgument  04AE      pub  lbl 
tokvm.amigaos.tokenizer_vm.tokvmInvalidProgramAtCursor  04C6      pub  lbl 
tokvm.amigaos.tokenizer_vm.tokvmIsHexDigitOrUnderscore  0CF4      pub  lbl 
tokvm.amigaos.tokenizer_vm.tokvmIsIdentifierContinue  0C38      pub  lbl 
tokvm.amigaos.tokenizer_vm.tokvmIsIdentifierStart  0C04      pub  lbl 
tokvm.amigaos.tokenizer_vm.tokvmIsNumberBody  0CA0      pub  lbl 
tokvm.amigaos.tokenizer_vm.tokvmIsQuoteChar  0C8C      pub  lbl 
tokvm.amigaos.tokenizer_vm.tokvmIsWhitespace  0BF0      pub  lbl 
tokvm.amigaos.tokenizer_vm.tokvmLastFailureKind  0012      pub  lbl 
tokvm.amigaos.tokenizer_vm.tokvmLastFailureOperand  0014      pub  lbl 
tokvm.amigaos.tokenizer_vm.tokvmNewlineScanDone  0102      pub  lbl 
tokvm.amigaos.tokenizer_vm.tokvmNewlineScanLoop  00DA      pub  lbl 
tokvm.amigaos.tokenizer_vm.tokvmNewlineUnsupported  00FA      pub  lbl 
tokvm.amigaos.tokenizer_vm.tokvmOpcodeAdvance  01E4      pub  lbl 
tokvm.amigaos.tokenizer_vm.tokvmOpcodeDispatchTable  0172      pub  lbl 
tokvm.amigaos.tokenizer_vm.tokvmOpcodeEmitDiag  02B4      pub  lbl 
tokvm.amigaos.tokenizer_vm.tokvmOpcodeEmitToken  022C      pub  lbl 
tokvm.amigaos.tokenizer_vm.tokvmOpcodeEnd  01BE      pub  lbl 
tokvm.amigaos.tokenizer_vm.tokvmOpcodeFail  0292      pub  lbl 
tokvm.amigaos.tokenizer_vm.tokvmOpcodeJump  02D6      pub  lbl 
tokvm.amigaos.tokenizer_vm.tokvmOpcodeJumpIfByteEq  032C      pub  lbl 
tokvm.amigaos.tokenizer_vm.tokvmOpcodeJumpIfClass  0376      pub  lbl 
tokvm.amigaos.tokenizer_vm.tokvmOpcodeJumpIfEol  02FE      pub  lbl 
tokvm.amigaos.tokenizer_vm.tokvmOpcodePushChar  0200      pub  lbl 
tokvm.amigaos.tokenizer_vm.tokvmOpcodeReadChar  01CA      pub  lbl 
tokvm.amigaos.tokenizer_vm.tokvmOpcodeScanIdentifier  044E      pub  lbl 
tokvm.amigaos.tokenizer_vm.tokvmOpcodeScanNumber  0466      pub  lbl 
tokvm.amigaos.tokenizer_vm.tokvmOpcodeScanString  047E      pub  lbl 
tokvm.amigaos.tokenizer_vm.tokvmOpcodeScanSymbol  0496      pub  lbl 
tokvm.amigaos.tokenizer_vm.tokvmOpcodeSetState  024E      pub  lbl 
tokvm.amigaos.tokenizer_vm.tokvmOpcodeStartLexeme  01F0      pub  lbl 
tokvm.amigaos.tokenizer_vm.tokvmPendingLexemeOverflow  0536      pub  lbl 
tokvm.amigaos.tokenizer_vm.tokvmPendingLexemeOverflowFromScan  0BE8      pub  lbl 
tokvm.amigaos.tokenizer_vm.tokvmPendingTokenOverflow  052E      pub  lbl 
tokvm.amigaos.tokenizer_vm.tokvmPredicateFalse  0D0C      pub  lbl 
tokvm.amigaos.tokenizer_vm.tokvmPredicateTrue  0D08      pub  lbl 
tokvm.amigaos.tokenizer_vm.tokvmProgramLoop  0136      pub  lbl 
tokvm.amigaos.tokenizer_vm.tokvmProgramStartState  0010      pub  lbl 
tokvm.amigaos.tokenizer_vm.tokvmProgramStateCount  000C      pub  lbl 
tokvm.amigaos.tokenizer_vm.tokvmProgramStateTablePtr  0008      pub  lbl 
tokvm.amigaos.tokenizer_vm.tokvmReturn  04C8      pub  lbl 
tokvm.amigaos.tokenizer_vm.tokvmScanAndLike  0A52      pub  lbl 
tokvm.amigaos.tokenizer_vm.tokvmScanBangLike  0A1A      pub  lbl 
tokvm.amigaos.tokenizer_vm.tokvmScanCaretLike  0AC2      pub  lbl 
tokvm.amigaos.tokenizer_vm.tokvmScanCommentToEol  07F6      pub  lbl 
tokvm.amigaos.tokenizer_vm.tokvmScanDollarOrPrefixedNumber  0858      pub  lbl 
tokvm.amigaos.tokenizer_vm.tokvmScanDotLike  07FC      pub  lbl 
tokvm.amigaos.tokenizer_vm.tokvmScanEqualLike  09F4      pub  lbl 
tokvm.amigaos.tokenizer_vm.tokvmScanGreaterLike  0B72      pub  lbl 
tokvm.amigaos.tokenizer_vm.tokvmScanIdentifierDone  05BE      pub  lbl 
tokvm.amigaos.tokenizer_vm.tokvmScanIdentifierLoop  0574      pub  lbl 
tokvm.amigaos.tokenizer_vm.tokvmScanIdentifierToken  0568      pub  lbl 
tokvm.amigaos.tokenizer_vm.tokvmScanLessLike  0AFA      pub  lbl 
tokvm.amigaos.tokenizer_vm.tokvmScanNumberDone  060E      pub  lbl 
tokvm.amigaos.tokenizer_vm.tokvmScanNumberLoop  05DC      pub  lbl 
tokvm.amigaos.tokenizer_vm.tokvmScanNumberToken  05D0      pub  lbl 
tokvm.amigaos.tokenizer_vm.tokvmScanOrLike  0A8A      pub  lbl 
tokvm.amigaos.tokenizer_vm.tokvmScanPercentAsNumber  08AE      pub  lbl 
tokvm.amigaos.tokenizer_vm.tokvmScanPercentOrPrefixedNumber  0890      pub  lbl 
tokvm.amigaos.tokenizer_vm.tokvmScanStarLike  09A8      pub  lbl 
tokvm.amigaos.tokenizer_vm.tokvmScanStringClose  0708      pub  lbl 
tokvm.amigaos.tokenizer_vm.tokvmScanStringCopyLiteral  06F0      pub  lbl 
tokvm.amigaos.tokenizer_vm.tokvmScanStringEmitDecoded  06D8      pub  lbl 
tokvm.amigaos.tokenizer_vm.tokvmScanStringFailure  071C      pub  lbl 
tokvm.amigaos.tokenizer_vm.tokvmScanStringLoop  0638      pub  lbl 
tokvm.amigaos.tokenizer_vm.tokvmScanStringToken  0620      pub  lbl 
tokvm.amigaos.tokenizer_vm.tokvmScanSymbolInvalidProgram  0BE0      pub  lbl 
tokvm.amigaos.tokenizer_vm.tokvmScanSymbolToken  0720      pub  lbl 
tokvm.amigaos.tokenizer_vm.tokvmSetProgramStateStore  0020      pub  lbl 
tokvm.amigaos.tokenizer_vm.tokvmSetStepBudgetStore  000A      pub  lbl 
tokvm.amigaos.tokenizer_vm.tokvmStageAltNe  0B4C      pub  lbl 
tokvm.amigaos.tokenizer_vm.tokvmStageAndCommitSymbol  0BC8      pub  lbl 
tokvm.amigaos.tokenizer_vm.tokvmStageAndCommitSymbolDone  0BDE      pub  lbl 
tokvm.amigaos.tokenizer_vm.tokvmStageBitAnd  0A78      pub  lbl 
tokvm.amigaos.tokenizer_vm.tokvmStageBitNot  09E0      pub  lbl 
tokvm.amigaos.tokenizer_vm.tokvmStageBitOr  0AB0      pub  lbl 
tokvm.amigaos.tokenizer_vm.tokvmStageCaret  0AE8      pub  lbl 
tokvm.amigaos.tokenizer_vm.tokvmStageCloseBrace  091C      pub  lbl 
tokvm.amigaos.tokenizer_vm.tokvmStageCloseBracket  08F4      pub  lbl 
tokvm.amigaos.tokenizer_vm.tokvmStageCloseParen  096C      pub  lbl 
tokvm.amigaos.tokenizer_vm.tokvmStageColon  0944      pub  lbl 
tokvm.amigaos.tokenizer_vm.tokvmStageComma  0930      pub  lbl 
tokvm.amigaos.tokenizer_vm.tokvmStageDivide  09CC      pub  lbl 
tokvm.amigaos.tokenizer_vm.tokvmStageDollar  087E      pub  lbl 
tokvm.amigaos.tokenizer_vm.tokvmStageDot  0846      pub  lbl 
tokvm.amigaos.tokenizer_vm.tokvmStageEq  0A08      pub  lbl 
tokvm.amigaos.tokenizer_vm.tokvmStageFixedLexeme  053E      pub  lbl 
tokvm.amigaos.tokenizer_vm.tokvmStageFixedLexemeDone  0564      pub  lbl 
tokvm.amigaos.tokenizer_vm.tokvmStageFixedLexemeLoop  0556      pub  lbl 
tokvm.amigaos.tokenizer_vm.tokvmStageGe  0BA6      pub  lbl 
tokvm.amigaos.tokenizer_vm.tokvmStageGt  0BBA      pub  lbl 
tokvm.amigaos.tokenizer_vm.tokvmStageLe  0B38      pub  lbl 
tokvm.amigaos.tokenizer_vm.tokvmStageLogicNot  0A40      pub  lbl 
tokvm.amigaos.tokenizer_vm.tokvmStageLt  0B60      pub  lbl 
tokvm.amigaos.tokenizer_vm.tokvmStageMinus  0994      pub  lbl 
tokvm.amigaos.tokenizer_vm.tokvmStageMultiply  09BA      pub  lbl 
tokvm.amigaos.tokenizer_vm.tokvmStageOpenBrace  0908      pub  lbl 
tokvm.amigaos.tokenizer_vm.tokvmStageOpenBracket  08E0      pub  lbl 
tokvm.amigaos.tokenizer_vm.tokvmStageOpenParen  0958      pub  lbl 
tokvm.amigaos.tokenizer_vm.tokvmStagePercent  08BA      pub  lbl 
tokvm.amigaos.tokenizer_vm.tokvmStagePlus  0980      pub  lbl 
tokvm.amigaos.tokenizer_vm.tokvmStageQuestion  08CC      pub  lbl 
tokvm.amigaos.tokenizer_vm.tokvmStageRange  0834      pub  lbl 
tokvm.amigaos.tokenizer_vm.tokvmStageShl  0B24      pub  lbl 
tokvm.amigaos.tokenizer_vm.tokvmStageShr  0B92      pub  lbl 
tokvm.amigaos.tokenizer_vm.tokvmStepBudget  0000      pub  lbl 
tokvm.amigaos.tokenizer_vm.tokvmStepLimitExceeded  04C0      pub  lbl 
tokvm.amigaos.tokenizer_vm.tokvmStoreCurrentByte  01DC      pub  lbl 
tokvm.amigaos.tokenizer_vm.tokvmStoreEofByte  01DA      pub  lbl 
tokvm.amigaos.tokenizer_vm.tokvmStringEscapeHex  0698      pub  lbl 
tokvm.amigaos.tokenizer_vm.tokvmStringEscapeNewline  0686      pub  lbl 
tokvm.amigaos.tokenizer_vm.tokvmStringEscapeReturn  068C      pub  lbl 
tokvm.amigaos.tokenizer_vm.tokvmStringEscapeTab  0692      pub  lbl 
tokvm.amigaos.tokenizer_vm.tokvmVmFailureAtCursor  04BA      pub  lbl 
tokvm.amigaos.tokenizer_vm.TOKVM_DEFAULT_MAX_STEPS_PER_LINE  0800      pub  lbl 
tokvm.amigaos.tokenizer_vm.tokvm_read_last_failure_68000  0034      pub  lbl 
tokvm.amigaos.tokenizer_vm.tokvm_run_68000  0046      pub  lbl 
tokvm.amigaos.tokenizer_vm.tokvm_set_program_state_table_68000  0012      pub  lbl 
tokvm.amigaos.tokenizer_vm.tokvm_set_step_budget_68000  0000      pub  lbl 

Total memory is 0 bytes

GENERATED OUTPUT

(none)
