opForge Assembler v0.9.7
ADDR    BYTES                    LINE  SOURCE
------  -----------------------  ----  ------
----                                1          .module tkpkg.amigaos.abi
----                                2          .cpu 68020
----                                3          .pub
----                                4  
----    EQU 004F                    5  NATIVE_ABI_MAGIC_0                   = 'O'
----    EQU 0054                    6  NATIVE_ABI_MAGIC_1                   = 'T'
----    EQU 0036                    7  NATIVE_ABI_MAGIC_2                   = '6'
----    EQU 0035                    8  NATIVE_ABI_MAGIC_3                   = '5'
----    EQU 0001                    9  NATIVE_ABI_VERSION_V1                = 1
----    EQU 0020                   10  NATIVE_CONTROL_BLOCK_SIZE_V1         = 32
----                               11  
----    EQU 0000                   12  CB_MAGIC                             = 0
----    EQU 0004                   13  CB_ABI_VERSION                       = 4
----    EQU 0006                   14  CB_STRUCT_SIZE                       = 6
----    EQU 0008                   15  CB_CAPABILITY_FLAGS                  = 8
----    EQU 000A                   16  CB_STATUS_CODE                       = 10
----    EQU 000C                   17  CB_REQUEST_ID                        = 12
----    EQU 000E                   18  CB_RESERVED0                         = 14
----    EQU 0010                   19  CB_INPUT_PTR                         = 16
----    EQU 0012                   20  CB_INPUT_LEN                         = 18
----    EQU 0014                   21  CB_OUTPUT_PTR                        = 20
----    EQU 0016                   22  CB_OUTPUT_LEN                        = 22
----    EQU 0018                   23  CB_EXTENSION_PTR                     = 24
----    EQU 001A                   24  CB_EXTENSION_LEN                     = 26
----    EQU 001C                   25  CB_LAST_ERROR_PTR                    = 28
----    EQU 001E                   26  CB_LAST_ERROR_LEN                    = 30
----                               27  
----    EQU 0001                   28  CAPABILITY_EXT_TLV_V1                = 1
----    EQU 0002                   29  CAPABILITY_STRUCT_LAYOUTS_V1         = 2
----    EQU 0004                   30  CAPABILITY_ENUM_TABLES_V1            = 4
----    EQU 0007                   31  CAPABILITY_FLAGS_V1                  = 7
----                               32  
----    EQU 0000                   33  ENTRY_ORD_INIT                       = 0
----    EQU 0001                   34  ENTRY_ORD_LOAD_PACKAGE               = 1
----    EQU 0002                   35  ENTRY_ORD_SET_PIPELINE               = 2
----    EQU 0003                   36  ENTRY_ORD_TOKENIZE_LINE              = 3
----    EQU 0004                   37  ENTRY_ORD_PARSE_LINE_RESERVED        = 4
----    EQU 0005                   38  ENTRY_ORD_ENCODE_INSTRUCTION_RESERVED = 5
----    EQU 0006                   39  ENTRY_ORD_LAST_ERROR                 = 6
----    EQU 0007                   40  ENTRY_ORD_COUNT_V1                   = 7
----                               41  
----    EQU 0000                   42  STATUS_OK_V1                         = 0
----    EQU 0001                   43  STATUS_BAD_CONTROL_BLOCK_V1          = 1
----    EQU 0002                   44  STATUS_BAD_REQUEST_V1                = 2
----    EQU 0003                   45  STATUS_RUNTIME_ERROR_V1              = 3
----                               46  
----    EQU 0000                   47  SET_PIPELINE_PAYLOAD_SEPARATOR       = 0
----    EQU 0004                   48  LINE_PAYLOAD_LINE_NUM_SIZE           = 4
----    EQU 0000                   49  LAST_ERROR_REQUEST_LEN               = 0
----    EQU 0005                   50  SET_PIPELINE_SAMPLE_CPU_LEN          = 5
----    EQU 0007                   51  SET_PIPELINE_SAMPLE_DIALECT_LEN      = 7
----    EQU 002A                   52  TOKENIZE_LINE_SAMPLE_LINE_NUM        = 42
----                               53  
----                               54          .section data, kind=data  ; [section data]
----                               55    ; [section data]
----                               56  abiMarker  ; [section data]
0000    4F 50 46 4F 52 47 45 2D 54 4B 50 4B 47 2D 41 42 49 2D 56 31 00    57          .byte "OPFORGE-TKPKG-ABI-V1", 0  ; [section data]
----                               58    ; [section data]
----                               59  wireContractMarker  ; [section data]
0015    54 4B 50 4B 47 2D 57 49 52 45 2D 43 4F 4E 54 52 41 43 54 2D 56 31 00    60          .byte "TKPKG-WIRE-CONTRACT-V1", 0  ; [section data]
----                               61    ; [section data]
----                               62  wireSetPipelineExample  ; [section data]
002C    36 38 30 32 30 00 61 6D 69 67 61 6F 73    63          .byte "68020", 0, "amigaos"  ; [section data]
----                               64    ; [section data]
----                               65  wireTokenizeLineExample  ; [section data]
0039    2A 00 00 00                66          .byte 42, 0, 0, 0  ; [section data]
003D    6D 6F 76 65 2E 62 20 64 30 2C 64 31    67          .byte "move.b d0,d1"  ; [section data]
----                               68    ; [section data]
----                               69          .endsection
----                               70          .endmodule
----                               71          .module tkpkg.amigaos.buffers
----                               72          .cpu 68020
----                               73          .pub
----                               74          .use tkpkg.amigaos.abi (NATIVE_CONTROL_BLOCK_SIZE_V1)
----                               75  
----    EQU 1000                   76  LAST_ERROR_BUFFER_CAPACITY           = 4096
----    EQU 0020                   77  LAST_ERROR_BUFFER_PTR_V1             = NATIVE_CONTROL_BLOCK_SIZE_V1
----    EQU 1000                   78  PACKAGE_STORAGE_CAPACITY             = 4096
----    EQU 0020                   79  PIPELINE_ID_BUFFER_CAPACITY          = 32
----    EQU 0014                   80  TOKEN_RECORD_SIZE                    = 20
----    EQU 0040                   81  TOKEN_BUFFER_CAPACITY                = 64
----    EQU 0100                   82  TOKEN_SCRATCH_CAPACITY               = 256
----    EQU 0020                   83  TOKENIZER_VM_STATE_TABLE_CAPACITY    = 32
----    EQU 0020                   84  TOKENIZER_VM_DIAG_CODE_CAPACITY      = 32
----    EQU 0001                   85  PACKAGE_STATE_LOADED                 = 1
----    EQU 0002                   86  PACKAGE_STATE_PIPELINE_ACTIVE        = 2
----    EQU 0001                   87  PACKAGE_CHUNK_FAMS                   = 1
----    EQU 0002                   88  PACKAGE_CHUNK_CPUS                   = 2
----    EQU 0004                   89  PACKAGE_CHUNK_DIAL                   = 4
----    EQU 0008                   90  PACKAGE_CHUNK_TOKS                   = 8
----    EQU 0010                   91  PACKAGE_CHUNK_TKVM                   = 16
----    EQU 001F                   92  PACKAGE_REQUIRED_CHUNK_FLAGS         = 31
----    EQU 0000                   93  SCOPED_OWNER_FAMILY                  = 0
----    EQU 0001                   94  SCOPED_OWNER_CPU                     = 1
----    EQU 0002                   95  SCOPED_OWNER_DIALECT                 = 2
----    EQU 0013                   96  BAD_REQUEST_TEXT_LEN                 = 19
----    EQU 0014                   97  CONTROL_BLOCK_ERROR_TEXT_LEN         = 20
----    EQU 0014                   98  RUNTIME_ERROR_TEXT_LEN               = 20
----    EQU 0000                   99  LAST_ERROR_KIND_NONE                 = 0
----    EQU 0001                  100  LAST_ERROR_KIND_BAD_REQUEST          = 1
----    EQU 0002                  101  LAST_ERROR_KIND_BAD_CONTROL          = 2
----    EQU 0003                  102  LAST_ERROR_KIND_RUNTIME              = 3
----                              103  
----                              104          .section data, kind=data  ; [section data]
----                              105    ; [section data]
----                              106  runtimeStageMarker  ; [section data]
0049    54 4B 50 4B 47 2D 53 4C 49 43 45 2D 31 00   107          .byte "TKPKG-SLICE-1", 0  ; [section data]
----                              108    ; [section data]
----                              109  badRequestText  ; [section data]
0057    4F 54 52 30 30 32 3A 20 62 61 64 20 72 65 71 75 65 73 74 00   110          .byte "OTR002: bad request", 0  ; [section data]
----                              111    ; [section data]
----                              112  controlBlockErrorText  ; [section data]
006B    4F 54 52 30 30 33 3A 20 62 61 64 20 63 6F 6E 74 72 6F 6C 00   113          .byte "OTR003: bad control", 0  ; [section data]
----                              114    ; [section data]
----                              115  runtimeErrorText  ; [section data]
007F    4F 54 52 39 30 31 3A 20 75 6E 69 6D 70 6C 65 6D 65 6E 74 65 64 00   116          .byte "OTR901: unimplemented", 0  ; [section data]
----                              117    ; [section data]
----                              118          .endsection
----                              119  
----                              120          .section bss, kind=bss  ; [section bss]
----                              121    ; [section bss]
----                              122  controlBlockV1  ; [section bss]
0000    +0020                     123          .res byte, NATIVE_CONTROL_BLOCK_SIZE_V1  ; [section bss]
----                              124    ; [section bss]
----                              125  lastErrorBuffer  ; [section bss]
0020    +1000                     126          .res byte, LAST_ERROR_BUFFER_CAPACITY  ; [section bss]
----                              127    ; [section bss]
----                              128  packageStorage  ; [section bss]
1020    +1000                     129          .res byte, PACKAGE_STORAGE_CAPACITY  ; [section bss]
----                              130    ; [section bss]
----                              131  tokenRecordBuffer  ; [section bss]
2020    +0500                     132          .res byte, TOKEN_RECORD_SIZE * TOKEN_BUFFER_CAPACITY  ; [section bss]
----                              133    ; [section bss]
----                              134  tokenScratchBuffer  ; [section bss]
2520    +0100                     135          .res byte, TOKEN_SCRATCH_CAPACITY  ; [section bss]
----                              136    ; [section bss]
----                              137  packageStateFlags  ; [section bss]
2620    +0001                     138          .res byte, 1  ; [section bss]
----                              139    ; [section bss]
----                              140  packageChunkFlags  ; [section bss]
2621    +0001                     141          .res byte, 1  ; [section bss]
----                              142    ; [section bss]
----                              143  packageStorageLen  ; [section bss]
2622    +0001                     144          .res byte, 1  ; [section bss]
----                              145    ; [section bss]
----                              146  packageStorageLenHi  ; [section bss]
2623    +0001                     147          .res byte, 1  ; [section bss]
----                              148    ; [section bss]
----                              149  famsChunkOffsetLo  ; [section bss]
2624    +0001                     150          .res byte, 1  ; [section bss]
----                              151    ; [section bss]
----                              152  famsChunkOffsetHi  ; [section bss]
2625    +0001                     153          .res byte, 1  ; [section bss]
----                              154    ; [section bss]
----                              155  famsChunkLenLo  ; [section bss]
2626    +0001                     156          .res byte, 1  ; [section bss]
----                              157    ; [section bss]
----                              158  famsChunkLenHi  ; [section bss]
2627    +0001                     159          .res byte, 1  ; [section bss]
----                              160    ; [section bss]
----                              161  cpusChunkOffsetLo  ; [section bss]
2628    +0001                     162          .res byte, 1  ; [section bss]
----                              163    ; [section bss]
----                              164  cpusChunkOffsetHi  ; [section bss]
2629    +0001                     165          .res byte, 1  ; [section bss]
----                              166    ; [section bss]
----                              167  cpusChunkLenLo  ; [section bss]
262A    +0001                     168          .res byte, 1  ; [section bss]
----                              169    ; [section bss]
----                              170  cpusChunkLenHi  ; [section bss]
262B    +0001                     171          .res byte, 1  ; [section bss]
----                              172    ; [section bss]
----                              173  dialChunkOffsetLo  ; [section bss]
262C    +0001                     174          .res byte, 1  ; [section bss]
----                              175    ; [section bss]
----                              176  dialChunkOffsetHi  ; [section bss]
262D    +0001                     177          .res byte, 1  ; [section bss]
----                              178    ; [section bss]
----                              179  dialChunkLenLo  ; [section bss]
262E    +0001                     180          .res byte, 1  ; [section bss]
----                              181    ; [section bss]
----                              182  dialChunkLenHi  ; [section bss]
262F    +0001                     183          .res byte, 1  ; [section bss]
----                              184    ; [section bss]
----                              185  toksChunkOffsetLo  ; [section bss]
2630    +0001                     186          .res byte, 1  ; [section bss]
----                              187    ; [section bss]
----                              188  toksChunkOffsetHi  ; [section bss]
2631    +0001                     189          .res byte, 1  ; [section bss]
----                              190    ; [section bss]
----                              191  toksChunkLenLo  ; [section bss]
2632    +0001                     192          .res byte, 1  ; [section bss]
----                              193    ; [section bss]
----                              194  toksChunkLenHi  ; [section bss]
2633    +0001                     195          .res byte, 1  ; [section bss]
----                              196    ; [section bss]
----                              197  tkvmChunkOffsetLo  ; [section bss]
2634    +0001                     198          .res byte, 1  ; [section bss]
----                              199    ; [section bss]
----                              200  tkvmChunkOffsetHi  ; [section bss]
2635    +0001                     201          .res byte, 1  ; [section bss]
----                              202    ; [section bss]
----                              203  tkvmChunkLenLo  ; [section bss]
2636    +0001                     204          .res byte, 1  ; [section bss]
----                              205    ; [section bss]
----                              206  tkvmChunkLenHi  ; [section bss]
2637    +0001                     207          .res byte, 1  ; [section bss]
----                              208    ; [section bss]
----                              209  activeCpuBuffer  ; [section bss]
2638    +0020                     210          .res byte, PIPELINE_ID_BUFFER_CAPACITY  ; [section bss]
----                              211    ; [section bss]
----                              212  activeDialectBuffer  ; [section bss]
2658    +0020                     213          .res byte, PIPELINE_ID_BUFFER_CAPACITY  ; [section bss]
----                              214    ; [section bss]
----                              215  activeFamilyBuffer  ; [section bss]
2678    +0020                     216          .res byte, PIPELINE_ID_BUFFER_CAPACITY  ; [section bss]
----                              217    ; [section bss]
----                              218  activeTokenPolicyOffsetLo  ; [section bss]
2698    +0001                     219          .res byte, 1  ; [section bss]
----                              220    ; [section bss]
----                              221  activeTokenPolicyOffsetHi  ; [section bss]
2699    +0001                     222          .res byte, 1  ; [section bss]
----                              223    ; [section bss]
----                              224  activeTokenPolicyLenLo  ; [section bss]
269A    +0001                     225          .res byte, 1  ; [section bss]
----                              226    ; [section bss]
----                              227  activeTokenPolicyLenHi  ; [section bss]
269B    +0001                     228          .res byte, 1  ; [section bss]
----                              229    ; [section bss]
----                              230  activeTokenPolicyOwnerTag  ; [section bss]
269C    +0001                     231          .res byte, 1  ; [section bss]
----                              232    ; [section bss]
----                              233  activeTokenizerVmOffsetLo  ; [section bss]
269D    +0001                     234          .res byte, 1  ; [section bss]
----                              235    ; [section bss]
----                              236  activeTokenizerVmOffsetHi  ; [section bss]
269E    +0001                     237          .res byte, 1  ; [section bss]
----                              238    ; [section bss]
----                              239  activeTokenizerVmLenLo  ; [section bss]
269F    +0001                     240          .res byte, 1  ; [section bss]
----                              241    ; [section bss]
----                              242  activeTokenizerVmLenHi  ; [section bss]
26A0    +0001                     243          .res byte, 1  ; [section bss]
----                              244    ; [section bss]
----                              245  activeTokenizerVmOwnerTag  ; [section bss]
26A1    +0001                     246          .res byte, 1  ; [section bss]
----                              247    ; [section bss]
----                              248  activeTokenizerVmStartStateLo  ; [section bss]
26A2    +0001                     249          .res byte, 1  ; [section bss]
----                              250    ; [section bss]
----                              251  activeTokenizerVmStartStateHi  ; [section bss]
26A3    +0001                     252          .res byte, 1  ; [section bss]
----                              253    ; [section bss]
----                              254  activeTokenizerVmStateCountLo  ; [section bss]
26A4    +0001                     255          .res byte, 1  ; [section bss]
----                              256    ; [section bss]
----                              257  activeTokenizerVmStateCountHi  ; [section bss]
26A5    +0001                     258          .res byte, 1  ; [section bss]
----                              259    ; [section bss]
----                              260  activeTokenizerVmStateTable  ; [section bss]
26A6    +0080                     261          .res byte, TOKENIZER_VM_STATE_TABLE_CAPACITY * 4  ; [section bss]
----                              262    ; [section bss]
----                              263  activeTokenizerVmMaxErrorsPerLine  ; [section bss]
2726    +0004                     264          .res byte, 4  ; [section bss]
----                              265    ; [section bss]
----                              266  activeTokenizerVmInvalidCharDiagLen  ; [section bss]
272A    +0001                     267          .res byte, 1  ; [section bss]
----                              268    ; [section bss]
----                              269  activeTokenizerVmInvalidCharDiagCode  ; [section bss]
272B    +0020                     270          .res byte, TOKENIZER_VM_DIAG_CODE_CAPACITY  ; [section bss]
----                              271    ; [section bss]
----                              272  activeTokenizerVmUnterminatedStringDiagLen  ; [section bss]
274B    +0001                     273          .res byte, 1  ; [section bss]
----                              274    ; [section bss]
----                              275  activeTokenizerVmUnterminatedStringDiagCode  ; [section bss]
274C    +0020                     276          .res byte, TOKENIZER_VM_DIAG_CODE_CAPACITY  ; [section bss]
----                              277    ; [section bss]
----                              278  activeTokenizerVmStepLimitDiagLen  ; [section bss]
276C    +0001                     279          .res byte, 1  ; [section bss]
----                              280    ; [section bss]
----                              281  activeTokenizerVmStepLimitDiagCode  ; [section bss]
276D    +0020                     282          .res byte, TOKENIZER_VM_DIAG_CODE_CAPACITY  ; [section bss]
----                              283    ; [section bss]
----                              284  activeTokenizerVmTokenLimitDiagLen  ; [section bss]
278D    +0001                     285          .res byte, 1  ; [section bss]
----                              286    ; [section bss]
----                              287  activeTokenizerVmTokenLimitDiagCode  ; [section bss]
278E    +0020                     288          .res byte, TOKENIZER_VM_DIAG_CODE_CAPACITY  ; [section bss]
----                              289    ; [section bss]
----                              290  activeTokenizerVmLexemeLimitDiagLen  ; [section bss]
27AE    +0001                     291          .res byte, 1  ; [section bss]
----                              292    ; [section bss]
----                              293  activeTokenizerVmLexemeLimitDiagCode  ; [section bss]
27AF    +0020                     294          .res byte, TOKENIZER_VM_DIAG_CODE_CAPACITY  ; [section bss]
----                              295    ; [section bss]
----                              296  activeTokenizerVmErrorLimitDiagLen  ; [section bss]
27CF    +0001                     297          .res byte, 1  ; [section bss]
----                              298    ; [section bss]
----                              299  activeTokenizerVmErrorLimitDiagCode  ; [section bss]
27D0    +0020                     300          .res byte, TOKENIZER_VM_DIAG_CODE_CAPACITY  ; [section bss]
----                              301    ; [section bss]
----                              302  pendingFamilyOffsetLo  ; [section bss]
27F0    +0001                     303          .res byte, 1  ; [section bss]
----                              304    ; [section bss]
----                              305  pendingFamilyOffsetHi  ; [section bss]
27F1    +0001                     306          .res byte, 1  ; [section bss]
----                              307    ; [section bss]
----                              308  pendingFamilyLenLo  ; [section bss]
27F2    +0001                     309          .res byte, 1  ; [section bss]
----                              310    ; [section bss]
----                              311  pendingFamilyLenHi  ; [section bss]
27F3    +0001                     312          .res byte, 1  ; [section bss]
----                              313    ; [section bss]
----                              314  pendingCpuOffsetLo  ; [section bss]
27F4    +0001                     315          .res byte, 1  ; [section bss]
----                              316    ; [section bss]
----                              317  pendingCpuOffsetHi  ; [section bss]
27F5    +0001                     318          .res byte, 1  ; [section bss]
----                              319    ; [section bss]
----                              320  pendingCpuLenLo  ; [section bss]
27F6    +0001                     321          .res byte, 1  ; [section bss]
----                              322    ; [section bss]
----                              323  pendingCpuLenHi  ; [section bss]
27F7    +0001                     324          .res byte, 1  ; [section bss]
----                              325    ; [section bss]
----                              326  pendingDialectOffsetLo  ; [section bss]
27F8    +0001                     327          .res byte, 1  ; [section bss]
----                              328    ; [section bss]
----                              329  pendingDialectOffsetHi  ; [section bss]
27F9    +0001                     330          .res byte, 1  ; [section bss]
----                              331    ; [section bss]
----                              332  pendingDialectLenLo  ; [section bss]
27FA    +0001                     333          .res byte, 1  ; [section bss]
----                              334    ; [section bss]
----                              335  pendingDialectLenHi  ; [section bss]
27FB    +0001                     336          .res byte, 1  ; [section bss]
----                              337    ; [section bss]
----                              338  pendingDefaultDialectOffsetLo  ; [section bss]
27FC    +0001                     339          .res byte, 1  ; [section bss]
----                              340    ; [section bss]
----                              341  pendingDefaultDialectOffsetHi  ; [section bss]
27FD    +0001                     342          .res byte, 1  ; [section bss]
----                              343    ; [section bss]
----                              344  pendingDefaultDialectLenLo  ; [section bss]
27FE    +0001                     345          .res byte, 1  ; [section bss]
----                              346    ; [section bss]
----                              347  pendingDefaultDialectLenHi  ; [section bss]
27FF    +0001                     348          .res byte, 1  ; [section bss]
----                              349    ; [section bss]
----                              350  pendingCanonicalDialectOffsetLo  ; [section bss]
2800    +0001                     351          .res byte, 1  ; [section bss]
----                              352    ; [section bss]
----                              353  pendingCanonicalDialectOffsetHi  ; [section bss]
2801    +0001                     354          .res byte, 1  ; [section bss]
----                              355    ; [section bss]
----                              356  pendingCanonicalDialectLenLo  ; [section bss]
2802    +0001                     357          .res byte, 1  ; [section bss]
----                              358    ; [section bss]
----                              359  pendingCanonicalDialectLenHi  ; [section bss]
2803    +0001                     360          .res byte, 1  ; [section bss]
----                              361    ; [section bss]
----                              362  pendingTokenPolicyOffsetLo  ; [section bss]
2804    +0001                     363          .res byte, 1  ; [section bss]
----                              364    ; [section bss]
----                              365  pendingTokenPolicyOffsetHi  ; [section bss]
2805    +0001                     366          .res byte, 1  ; [section bss]
----                              367    ; [section bss]
----                              368  pendingTokenPolicyLenLo  ; [section bss]
2806    +0001                     369          .res byte, 1  ; [section bss]
----                              370    ; [section bss]
----                              371  pendingTokenPolicyLenHi  ; [section bss]
2807    +0001                     372          .res byte, 1  ; [section bss]
----                              373    ; [section bss]
----                              374  pendingTokenPolicyOwnerTag  ; [section bss]
2808    +0001                     375          .res byte, 1  ; [section bss]
----                              376    ; [section bss]
----                              377  pendingTokenizerVmOffsetLo  ; [section bss]
2809    +0001                     378          .res byte, 1  ; [section bss]
----                              379    ; [section bss]
----                              380  pendingTokenizerVmOffsetHi  ; [section bss]
280A    +0001                     381          .res byte, 1  ; [section bss]
----                              382    ; [section bss]
----                              383  pendingTokenizerVmLenLo  ; [section bss]
280B    +0001                     384          .res byte, 1  ; [section bss]
----                              385    ; [section bss]
----                              386  pendingTokenizerVmLenHi  ; [section bss]
280C    +0001                     387          .res byte, 1  ; [section bss]
----                              388    ; [section bss]
----                              389  pendingTokenizerVmOwnerTag  ; [section bss]
280D    +0001                     390          .res byte, 1  ; [section bss]
----                              391    ; [section bss]
----                              392  storedLastErrorLen  ; [section bss]
280E    +0001                     393          .res byte, 1  ; [section bss]
----                              394    ; [section bss]
----                              395  storedLastErrorLenHi  ; [section bss]
280F    +0001                     396          .res byte, 1  ; [section bss]
----                              397    ; [section bss]
----                              398  storedLastErrorKind  ; [section bss]
2810    +0001                     399          .res byte, 1  ; [section bss]
----                              400    ; [section bss]
----                              401  nextRequestIdLo  ; [section bss]
2811    +0001                     402          .res byte, 1  ; [section bss]
----                              403    ; [section bss]
----                              404  nextRequestIdHi  ; [section bss]
2812    +0001                     405          .res byte, 1  ; [section bss]
----                              406    ; [section bss]
----                              407          .endsection
----                              408          .endmodule
----                              409          .module tkpkg.amigaos.package_loader
----                              410          .cpu 68020
----                              411          .pub
----                              412          .use tkpkg.amigaos.abi (CB_INPUT_PTR, CB_INPUT_LEN)
----                              413          .use tkpkg.amigaos.buffers (PACKAGE_STORAGE_CAPACITY, PACKAGE_STATE_LOADED)
----                              414          .use tkpkg.amigaos.buffers (PACKAGE_CHUNK_FAMS, PACKAGE_CHUNK_CPUS)
----                              415          .use tkpkg.amigaos.buffers (PACKAGE_CHUNK_DIAL, PACKAGE_CHUNK_TOKS)
----                              416          .use tkpkg.amigaos.buffers (PACKAGE_CHUNK_TKVM, PACKAGE_REQUIRED_CHUNK_FLAGS)
----                              417          .use tkpkg.amigaos.buffers (packageStorage, packageStateFlags)
----                              418          .use tkpkg.amigaos.buffers (packageChunkFlags, packageStorageLen)
----                              419          .use tkpkg.amigaos.buffers (packageStorageLenHi, famsChunkOffsetLo)
----                              420          .use tkpkg.amigaos.buffers (cpusChunkOffsetLo, dialChunkOffsetLo)
----                              421          .use tkpkg.amigaos.buffers (toksChunkOffsetLo, tkvmChunkOffsetLo)
----                              422          .use tkpkg.amigaos.buffers (activeCpuBuffer, activeDialectBuffer)
----                              423  
----    EQU 000C                  424  OPASM_HEADER_SIZE                    = 12
----    EQU 000C                  425  OPASM_TOC_ENTRY_SIZE                 = 12
----    EQU 001D                  426  INVALID_MAGIC_TEXT_LEN               = 29
----    EQU 0023                  427  UNSUPPORTED_VERSION_TEXT_LEN         = 35
----    EQU 0021                  428  INVALID_ENDIAN_TEXT_LEN              = 33
----    EQU 001E                  429  UNEXPECTED_EOF_TEXT_LEN              = 30
----    EQU 0021                  430  DUPLICATE_CHUNK_TEXT_LEN             = 33
----    EQU 001E                  431  MISSING_CHUNK_TEXT_LEN               = 30
----    EQU 001B                  432  CHUNK_BOUNDS_TEXT_LEN                = 27
----                              433  
----                              434          .section data, kind=data  ; [section data]
----                              435    ; [section data]
----                              436  invalidMagicText  ; [section data]
0095    4F 50 43 30 30 31 3A 20 69 6E 76 61 6C 69 64 20 70 61 63 6B 61 67 65 20 6D 61 67 69 63 00   437          .byte "OPC001: invalid package magic", 0  ; [section data]
----                              438    ; [section data]
----                              439  unsupportedVersionText  ; [section data]
00B3    4F 50 43 30 30 32 3A 20 75 6E 73 75 70 70 6F 72 74 65 64 20 70 61 63 6B 61 67 65 20 76 65 72 73 69 6F 6E 00   440          .byte "OPC002: unsupported package version", 0  ; [section data]
----                              441    ; [section data]
----                              442  invalidEndianText  ; [section data]
00D7    4F 50 43 30 30 33 3A 20 69 6E 76 61 6C 69 64 20 65 6E 64 69 61 6E 6E 65 73 73 20 6D 61 72 6B 65 72 00   443          .byte "OPC003: invalid endianness marker", 0  ; [section data]
----                              444    ; [section data]
----                              445  unexpectedEofText  ; [section data]
00F9    4F 50 43 30 30 34 3A 20 75 6E 65 78 70 65 63 74 65 64 20 65 6E 64 20 6F 66 20 66 69 6C 65 00   446          .byte "OPC004: unexpected end of file", 0  ; [section data]
----                              447    ; [section data]
----                              448  duplicateChunkText  ; [section data]
0118    4F 50 43 30 30 35 3A 20 64 75 70 6C 69 63 61 74 65 20 74 6F 6B 65 6E 69 7A 65 72 20 63 68 75 6E 6B 00   449          .byte "OPC005: duplicate tokenizer chunk", 0  ; [section data]
----                              450    ; [section data]
----                              451  missingChunkText  ; [section data]
013A    4F 50 43 30 30 36 3A 20 6D 69 73 73 69 6E 67 20 72 65 71 75 69 72 65 64 20 63 68 75 6E 6B 00   452          .byte "OPC006: missing required chunk", 0  ; [section data]
----                              453    ; [section data]
----                              454  chunkBoundsText  ; [section data]
0159    4F 50 43 30 30 37 3A 20 63 68 75 6E 6B 20 6F 75 74 20 6F 66 20 62 6F 75 6E 64 73 00   455          .byte "OPC007: chunk out of bounds", 0  ; [section data]
----                              456    ; [section data]
----                              457          .endsection
----                              458  
----                              459          .section code, kind=code  ; [section code]
----                              460    ; [section code]
----                              461  tkpkg_package_loader_load_v1  ; [section code]
0000    61 00 00 56               462          BSR.W tkpkg_package_loader_clear_loaded_state_v1  ; [section code]
0004    61 00 00 64               463          BSR.W tkpkg_package_loader_read_input_len_v1  ; [section code]
0008    4A 40                     464          TST.W D0  ; [section code]
000A    67 00 02 EC               465          BEQ.W tkpkgPackageLoaderInvalidMagic  ; [section code]
000E    0C 40 10 00               466          CMPI.W #PACKAGE_STORAGE_CAPACITY, D0  ; [section code]
0012    62 00 03 2C               467          BHI.W tkpkgPackageLoaderChunkBounds  ; [section code]
0016    13 C0 00 00 26 22         468          MOVE.B D0, packageStorageLen  ; [section code]
001C    E0 48                     469          LSR.W #8, D0  ; [section code]
001E    13 C0 00 00 26 23         470          MOVE.B D0, packageStorageLenHi  ; [section code]
0024    61 00 00 56               471          BSR.W tkpkg_package_loader_read_input_offset_v1  ; [section code]
0028    43 F0 10 00               472          LEA 0(A0,D1.W), A1  ; [section code]
002C    45 F9 00 00 10 20         473          LEA packageStorage, A2  ; [section code]
0032    61 00 00 5A               474          BSR.W tkpkg_package_loader_copy_input_bytes_v1  ; [section code]
0036    43 F9 00 00 10 20         475          LEA packageStorage, A1  ; [section code]
003C    61 00 00 70               476          BSR.W tkpkg_package_loader_validate_header_v1  ; [section code]
0040    4A 00                     477          TST.B D0  ; [section code]
0042    66 12                     478          BNE.S tkpkgPackageLoaderDone  ; [section code]
0044    61 00 00 B8               479          BSR.W tkpkg_package_loader_validate_toc_v1  ; [section code]
0048    4A 00                     480          TST.B D0  ; [section code]
004A    66 0A                     481          BNE.S tkpkgPackageLoaderDone  ; [section code]
004C    13 FC 00 01 00 00 26 20   482          MOVE.B #PACKAGE_STATE_LOADED, packageStateFlags  ; [section code]
0054    70 00                     483          MOVEQ #0, D0  ; [section code]
----                              484    ; [section code]
----                              485  tkpkgPackageLoaderDone  ; [section code]
0056    4E 75                     486          RTS  ; [section code]
----                              487    ; [section code]
----                              488  tkpkg_package_loader_clear_loaded_state_v1  ; [section code]
0058    47 F9 00 00 26 20         489          LEA packageStateFlags, A3  ; [section code]
005E    30 3C 00 9F               490          MOVE.W #159, D0  ; [section code]
----                              491    ; [section code]
----                              492  tkpkgPackageLoaderClearLocatorLoop  ; [section code]
0062    42 1B                     493          CLR.B (A3)+  ; [section code]
0064    51 C8 FF FC               494          DBF D0, tkpkgPackageLoaderClearLocatorLoop  ; [section code]
0068    4E 75                     495          RTS  ; [section code]
----                              496    ; [section code]
----                              497  tkpkg_package_loader_read_input_len_v1  ; [section code]
006A    70 00                     498          MOVEQ #0, D0  ; [section code]
006C    10 28 00 12               499          MOVE.B CB_INPUT_LEN(A0), D0  ; [section code]
0070    72 00                     500          MOVEQ #0, D1  ; [section code]
0072    12 28 00 13               501          MOVE.B 19(A0), D1  ; [section code]
0076    E1 49                     502          LSL.W #8, D1  ; [section code]
0078    80 41                     503          OR.W D1, D0  ; [section code]
007A    4E 75                     504          RTS  ; [section code]
----                              505    ; [section code]
----                              506  tkpkg_package_loader_read_input_offset_v1  ; [section code]
007C    72 00                     507          MOVEQ #0, D1  ; [section code]
007E    12 28 00 10               508          MOVE.B CB_INPUT_PTR(A0), D1  ; [section code]
0082    74 00                     509          MOVEQ #0, D2  ; [section code]
0084    14 28 00 11               510          MOVE.B 17(A0), D2  ; [section code]
0088    E1 4A                     511          LSL.W #8, D2  ; [section code]
008A    82 42                     512          OR.W D2, D1  ; [section code]
008C    4E 75                     513          RTS  ; [section code]
----                              514    ; [section code]
----                              515  tkpkg_package_loader_copy_input_bytes_v1  ; [section code]
008E    74 00                     516          MOVEQ #0, D2  ; [section code]
0090    14 39 00 00 26 22         517          MOVE.B packageStorageLen, D2  ; [section code]
0096    76 00                     518          MOVEQ #0, D3  ; [section code]
0098    16 39 00 00 26 23         519          MOVE.B packageStorageLenHi, D3  ; [section code]
009E    E1 4B                     520          LSL.W #8, D3  ; [section code]
00A0    84 43                     521          OR.W D3, D2  ; [section code]
00A2    4A 42                     522          TST.W D2  ; [section code]
00A4    67 06                     523          BEQ.S tkpkgPackageLoaderCopyDone  ; [section code]
----                              524    ; [section code]
----                              525  tkpkgPackageLoaderCopyLoop  ; [section code]
00A6    14 D9                     526          MOVE.B (A1)+, (A2)+  ; [section code]
00A8    53 42                     527          SUBQ.W #1, D2  ; [section code]
00AA    66 FA                     528          BNE.S tkpkgPackageLoaderCopyLoop  ; [section code]
----                              529    ; [section code]
----                              530  tkpkgPackageLoaderCopyDone  ; [section code]
00AC    4E 75                     531          RTS  ; [section code]
----                              532    ; [section code]
----                              533  tkpkg_package_loader_validate_header_v1  ; [section code]
00AE    70 00                     534          MOVEQ #0, D0  ; [section code]
00B0    0C 11 00 4F               535          CMPI.B #'O', (A1)  ; [section code]
00B4    66 00 02 42               536          BNE.W tkpkgPackageLoaderInvalidMagic  ; [section code]
00B8    0C 29 00 50 00 01         537          CMPI.B #'P', 1(A1)  ; [section code]
00BE    66 00 02 38               538          BNE.W tkpkgPackageLoaderInvalidMagic  ; [section code]
00C2    0C 29 00 43 00 02         539          CMPI.B #'C', 2(A1)  ; [section code]
00C8    66 00 02 2E               540          BNE.W tkpkgPackageLoaderInvalidMagic  ; [section code]
00CC    0C 29 00 50 00 03         541          CMPI.B #'P', 3(A1)  ; [section code]
00D2    66 00 02 24               542          BNE.W tkpkgPackageLoaderInvalidMagic  ; [section code]
00D6    0C 29 00 01 00 04         543          CMPI.B #$01, 4(A1)  ; [section code]
00DC    66 00 02 26               544          BNE.W tkpkgPackageLoaderUnsupportedVersion  ; [section code]
00E0    4A 29 00 05               545          TST.B 5(A1)  ; [section code]
00E4    66 00 02 1E               546          BNE.W tkpkgPackageLoaderUnsupportedVersion  ; [section code]
00E8    0C 29 00 34 00 06         547          CMPI.B #$34, 6(A1)  ; [section code]
00EE    66 00 02 20               548          BNE.W tkpkgPackageLoaderInvalidEndian  ; [section code]
00F2    0C 29 00 12 00 07         549          CMPI.B #$12, 7(A1)  ; [section code]
00F8    66 00 02 16               550          BNE.W tkpkgPackageLoaderInvalidEndian  ; [section code]
00FC    4E 75                     551          RTS  ; [section code]
----                              552    ; [section code]
----                              553  tkpkg_package_loader_validate_toc_v1  ; [section code]
00FE    7E 00                     554          MOVEQ #0, D7  ; [section code]
0100    1E 39 00 00 26 22         555          MOVE.B packageStorageLen, D7  ; [section code]
0106    7C 00                     556          MOVEQ #0, D6  ; [section code]
0108    1C 39 00 00 26 23         557          MOVE.B packageStorageLenHi, D6  ; [section code]
010E    E1 4E                     558          LSL.W #8, D6  ; [section code]
0110    8E 46                     559          OR.W D6, D7  ; [section code]
0112    70 00                     560          MOVEQ #0, D0  ; [section code]
0114    10 29 00 08               561          MOVE.B 8(A1), D0  ; [section code]
0118    72 00                     562          MOVEQ #0, D1  ; [section code]
011A    12 29 00 09               563          MOVE.B 9(A1), D1  ; [section code]
011E    E1 49                     564          LSL.W #8, D1  ; [section code]
0120    80 41                     565          OR.W D1, D0  ; [section code]
0122    34 00                     566          MOVE.W D0, D2  ; [section code]
0124    E5 4A                     567          LSL.W #2, D2  ; [section code]
0126    36 00                     568          MOVE.W D0, D3  ; [section code]
0128    E7 4B                     569          LSL.W #3, D3  ; [section code]
012A    D4 43                     570          ADD.W D3, D2  ; [section code]
012C    06 42 00 0C               571          ADDI.W #OPASM_HEADER_SIZE, D2  ; [section code]
0130    B4 47                     572          CMP.W D7, D2  ; [section code]
0132    62 00 01 E8               573          BHI.W tkpkgPackageLoaderUnexpectedEof  ; [section code]
0136    45 E9 00 0C               574          LEA OPASM_HEADER_SIZE(A1), A2  ; [section code]
013A    4A 40                     575          TST.W D0  ; [section code]
013C    67 00 01 F6               576          BEQ.W tkpkgPackageLoaderMissingChunk  ; [section code]
0140    34 00                     577          MOVE.W D0, D2  ; [section code]
0142    53 42                     578          SUBQ.W #1, D2  ; [section code]
----                              579    ; [section code]
----                              580  tkpkgPackageLoaderTocLoop  ; [section code]
0144    47 EA 00 04               581          LEA 4(A2), A3  ; [section code]
0148    61 00 01 7E               582          BSR.W tkpkg_package_loader_read_u32_le_low16_v1  ; [section code]
014C    4A 01                     583          TST.B D1  ; [section code]
014E    66 00 01 F0               584          BNE.W tkpkgPackageLoaderChunkBounds  ; [section code]
0152    38 00                     585          MOVE.W D0, D4  ; [section code]
0154    47 EA 00 08               586          LEA 8(A2), A3  ; [section code]
0158    61 00 01 6E               587          BSR.W tkpkg_package_loader_read_u32_le_low16_v1  ; [section code]
015C    4A 01                     588          TST.B D1  ; [section code]
015E    66 00 01 E0               589          BNE.W tkpkgPackageLoaderChunkBounds  ; [section code]
0162    3A 00                     590          MOVE.W D0, D5  ; [section code]
0164    3C 04                     591          MOVE.W D4, D6  ; [section code]
0166    DC 45                     592          ADD.W D5, D6  ; [section code]
0168    65 00 01 D6               593          BCS.W tkpkgPackageLoaderChunkBounds  ; [section code]
016C    BC 47                     594          CMP.W D7, D6  ; [section code]
016E    62 00 01 D0               595          BHI.W tkpkgPackageLoaderChunkBounds  ; [section code]
----                              596    ; [section code]
0172    0C 12 00 46               597          CMPI.B #'F', (A2)  ; [section code]
0176    66 3A                     598          BNE.S tkpkgPackageLoaderCheckCpus  ; [section code]
0178    0C 2A 00 41 00 01         599          CMPI.B #'A', 1(A2)  ; [section code]
017E    66 32                     600          BNE.S tkpkgPackageLoaderCheckCpus  ; [section code]
0180    0C 2A 00 4D 00 02         601          CMPI.B #'M', 2(A2)  ; [section code]
0186    66 2A                     602          BNE.S tkpkgPackageLoaderCheckCpus  ; [section code]
0188    0C 2A 00 53 00 03         603          CMPI.B #'S', 3(A2)  ; [section code]
018E    66 22                     604          BNE.S tkpkgPackageLoaderCheckCpus  ; [section code]
0190    08 39 00 00 00 00 26 21   605          BTST #0, packageChunkFlags  ; [section code]
0198    66 00 01 8E               606          BNE.W tkpkgPackageLoaderDuplicateChunk  ; [section code]
019C    47 F9 00 00 26 24         607          LEA famsChunkOffsetLo, A3  ; [section code]
01A2    61 00 01 46               608          BSR.W tkpkg_package_loader_store_locator_v1  ; [section code]
01A6    00 39 00 01 00 00 26 21   609          ORI.B #PACKAGE_CHUNK_FAMS, packageChunkFlags  ; [section code]
01AE    60 00 00 FE               610          BRA.W tkpkgPackageLoaderNextTocEntry  ; [section code]
----                              611    ; [section code]
----                              612  tkpkgPackageLoaderCheckCpus  ; [section code]
01B2    0C 12 00 43               613          CMPI.B #'C', (A2)  ; [section code]
01B6    66 3A                     614          BNE.S tkpkgPackageLoaderCheckDial  ; [section code]
01B8    0C 2A 00 50 00 01         615          CMPI.B #'P', 1(A2)  ; [section code]
01BE    66 32                     616          BNE.S tkpkgPackageLoaderCheckDial  ; [section code]
01C0    0C 2A 00 55 00 02         617          CMPI.B #'U', 2(A2)  ; [section code]
01C6    66 2A                     618          BNE.S tkpkgPackageLoaderCheckDial  ; [section code]
01C8    0C 2A 00 53 00 03         619          CMPI.B #'S', 3(A2)  ; [section code]
01CE    66 22                     620          BNE.S tkpkgPackageLoaderCheckDial  ; [section code]
01D0    08 39 00 01 00 00 26 21   621          BTST #1, packageChunkFlags  ; [section code]
01D8    66 00 01 4E               622          BNE.W tkpkgPackageLoaderDuplicateChunk  ; [section code]
01DC    47 F9 00 00 26 28         623          LEA cpusChunkOffsetLo, A3  ; [section code]
01E2    61 00 01 06               624          BSR.W tkpkg_package_loader_store_locator_v1  ; [section code]
01E6    00 39 00 02 00 00 26 21   625          ORI.B #PACKAGE_CHUNK_CPUS, packageChunkFlags  ; [section code]
01EE    60 00 00 BE               626          BRA.W tkpkgPackageLoaderNextTocEntry  ; [section code]
----                              627    ; [section code]
----                              628  tkpkgPackageLoaderCheckDial  ; [section code]
01F2    0C 12 00 44               629          CMPI.B #'D', (A2)  ; [section code]
01F6    66 3A                     630          BNE.S tkpkgPackageLoaderCheckToks  ; [section code]
01F8    0C 2A 00 49 00 01         631          CMPI.B #'I', 1(A2)  ; [section code]
01FE    66 32                     632          BNE.S tkpkgPackageLoaderCheckToks  ; [section code]
0200    0C 2A 00 41 00 02         633          CMPI.B #'A', 2(A2)  ; [section code]
0206    66 2A                     634          BNE.S tkpkgPackageLoaderCheckToks  ; [section code]
0208    0C 2A 00 4C 00 03         635          CMPI.B #'L', 3(A2)  ; [section code]
020E    66 22                     636          BNE.S tkpkgPackageLoaderCheckToks  ; [section code]
0210    08 39 00 02 00 00 26 21   637          BTST #2, packageChunkFlags  ; [section code]
0218    66 00 01 0E               638          BNE.W tkpkgPackageLoaderDuplicateChunk  ; [section code]
021C    47 F9 00 00 26 2C         639          LEA dialChunkOffsetLo, A3  ; [section code]
0222    61 00 00 C6               640          BSR.W tkpkg_package_loader_store_locator_v1  ; [section code]
0226    00 39 00 04 00 00 26 21   641          ORI.B #PACKAGE_CHUNK_DIAL, packageChunkFlags  ; [section code]
022E    60 00 00 7E               642          BRA.W tkpkgPackageLoaderNextTocEntry  ; [section code]
----                              643    ; [section code]
----                              644  tkpkgPackageLoaderCheckToks  ; [section code]
0232    0C 12 00 54               645          CMPI.B #'T', (A2)  ; [section code]
0236    66 3A                     646          BNE.S tkpkgPackageLoaderCheckTkvm  ; [section code]
0238    0C 2A 00 4F 00 01         647          CMPI.B #'O', 1(A2)  ; [section code]
023E    66 32                     648          BNE.S tkpkgPackageLoaderCheckTkvm  ; [section code]
0240    0C 2A 00 4B 00 02         649          CMPI.B #'K', 2(A2)  ; [section code]
0246    66 2A                     650          BNE.S tkpkgPackageLoaderCheckTkvm  ; [section code]
0248    0C 2A 00 53 00 03         651          CMPI.B #'S', 3(A2)  ; [section code]
024E    66 22                     652          BNE.S tkpkgPackageLoaderCheckTkvm  ; [section code]
0250    08 39 00 03 00 00 26 21   653          BTST #3, packageChunkFlags  ; [section code]
0258    66 00 00 CE               654          BNE.W tkpkgPackageLoaderDuplicateChunk  ; [section code]
025C    47 F9 00 00 26 30         655          LEA toksChunkOffsetLo, A3  ; [section code]
0262    61 00 00 86               656          BSR.W tkpkg_package_loader_store_locator_v1  ; [section code]
0266    00 39 00 08 00 00 26 21   657          ORI.B #PACKAGE_CHUNK_TOKS, packageChunkFlags  ; [section code]
026E    60 00 00 3E               658          BRA.W tkpkgPackageLoaderNextTocEntry  ; [section code]
----                              659    ; [section code]
----                              660  tkpkgPackageLoaderCheckTkvm  ; [section code]
0272    0C 12 00 54               661          CMPI.B #'T', (A2)  ; [section code]
0276    66 36                     662          BNE.S tkpkgPackageLoaderNextTocEntry  ; [section code]
0278    0C 2A 00 4B 00 01         663          CMPI.B #'K', 1(A2)  ; [section code]
027E    66 2E                     664          BNE.S tkpkgPackageLoaderNextTocEntry  ; [section code]
0280    0C 2A 00 56 00 02         665          CMPI.B #'V', 2(A2)  ; [section code]
0286    66 26                     666          BNE.S tkpkgPackageLoaderNextTocEntry  ; [section code]
0288    0C 2A 00 4D 00 03         667          CMPI.B #'M', 3(A2)  ; [section code]
028E    66 1E                     668          BNE.S tkpkgPackageLoaderNextTocEntry  ; [section code]
0290    08 39 00 04 00 00 26 21   669          BTST #4, packageChunkFlags  ; [section code]
0298    66 00 00 8E               670          BNE.W tkpkgPackageLoaderDuplicateChunk  ; [section code]
029C    47 F9 00 00 26 34         671          LEA tkvmChunkOffsetLo, A3  ; [section code]
02A2    61 00 00 46               672          BSR.W tkpkg_package_loader_store_locator_v1  ; [section code]
02A6    00 39 00 10 00 00 26 21   673          ORI.B #PACKAGE_CHUNK_TKVM, packageChunkFlags  ; [section code]
----                              674    ; [section code]
----                              675  tkpkgPackageLoaderNextTocEntry  ; [section code]
02AE    45 EA 00 0C               676          LEA OPASM_TOC_ENTRY_SIZE(A2), A2  ; [section code]
02B2    51 CA FE 90               677          DBF D2, tkpkgPackageLoaderTocLoop  ; [section code]
02B6    10 39 00 00 26 21         678          MOVE.B packageChunkFlags, D0  ; [section code]
02BC    0C 00 00 1F               679          CMPI.B #PACKAGE_REQUIRED_CHUNK_FLAGS, D0  ; [section code]
02C0    66 00 00 72               680          BNE.W tkpkgPackageLoaderMissingChunk  ; [section code]
02C4    70 00                     681          MOVEQ #0, D0  ; [section code]
02C6    4E 75                     682          RTS  ; [section code]
----                              683    ; [section code]
----                              684  tkpkg_package_loader_read_u32_le_low16_v1  ; [section code]
02C8    70 00                     685          MOVEQ #0, D0  ; [section code]
02CA    10 13                     686          MOVE.B (A3), D0  ; [section code]
02CC    72 00                     687          MOVEQ #0, D1  ; [section code]
02CE    12 2B 00 01               688          MOVE.B 1(A3), D1  ; [section code]
02D2    E1 49                     689          LSL.W #8, D1  ; [section code]
02D4    80 41                     690          OR.W D1, D0  ; [section code]
02D6    72 00                     691          MOVEQ #0, D1  ; [section code]
02D8    4A 2B 00 02               692          TST.B 2(A3)  ; [section code]
02DC    66 08                     693          BNE.S tkpkgPackageLoaderReadU32HighBits  ; [section code]
02DE    4A 2B 00 03               694          TST.B 3(A3)  ; [section code]
02E2    66 02                     695          BNE.S tkpkgPackageLoaderReadU32HighBits  ; [section code]
02E4    4E 75                     696          RTS  ; [section code]
----                              697    ; [section code]
----                              698  tkpkgPackageLoaderReadU32HighBits  ; [section code]
02E6    72 01                     699          MOVEQ #1, D1  ; [section code]
02E8    4E 75                     700          RTS  ; [section code]
----                              701    ; [section code]
----                              702  tkpkg_package_loader_store_locator_v1  ; [section code]
02EA    16 C4                     703          MOVE.B D4, (A3)+  ; [section code]
02EC    E0 4C                     704          LSR.W #8, D4  ; [section code]
02EE    16 C4                     705          MOVE.B D4, (A3)+  ; [section code]
02F0    16 C5                     706          MOVE.B D5, (A3)+  ; [section code]
02F2    E0 4D                     707          LSR.W #8, D5  ; [section code]
02F4    16 C5                     708          MOVE.B D5, (A3)+  ; [section code]
02F6    4E 75                     709          RTS  ; [section code]
----                              710    ; [section code]
----                              711  tkpkgPackageLoaderInvalidMagic  ; [section code]
02F8    43 F9 00 00 00 95         712          LEA invalidMagicText, A1  ; [section code]
02FE    72 1D                     713          MOVEQ #INVALID_MAGIC_TEXT_LEN, D1  ; [section code]
0300    70 01                     714          MOVEQ #1, D0  ; [section code]
0302    4E 75                     715          RTS  ; [section code]
----                              716    ; [section code]
----                              717  tkpkgPackageLoaderUnsupportedVersion  ; [section code]
0304    43 F9 00 00 00 B3         718          LEA unsupportedVersionText, A1  ; [section code]
030A    72 23                     719          MOVEQ #UNSUPPORTED_VERSION_TEXT_LEN, D1  ; [section code]
030C    70 01                     720          MOVEQ #1, D0  ; [section code]
030E    4E 75                     721          RTS  ; [section code]
----                              722    ; [section code]
----                              723  tkpkgPackageLoaderInvalidEndian  ; [section code]
0310    43 F9 00 00 00 D7         724          LEA invalidEndianText, A1  ; [section code]
0316    72 21                     725          MOVEQ #INVALID_ENDIAN_TEXT_LEN, D1  ; [section code]
0318    70 01                     726          MOVEQ #1, D0  ; [section code]
031A    4E 75                     727          RTS  ; [section code]
----                              728    ; [section code]
----                              729  tkpkgPackageLoaderUnexpectedEof  ; [section code]
031C    43 F9 00 00 00 F9         730          LEA unexpectedEofText, A1  ; [section code]
0322    72 1E                     731          MOVEQ #UNEXPECTED_EOF_TEXT_LEN, D1  ; [section code]
0324    70 01                     732          MOVEQ #1, D0  ; [section code]
0326    4E 75                     733          RTS  ; [section code]
----                              734    ; [section code]
----                              735  tkpkgPackageLoaderDuplicateChunk  ; [section code]
0328    43 F9 00 00 01 18         736          LEA duplicateChunkText, A1  ; [section code]
032E    72 21                     737          MOVEQ #DUPLICATE_CHUNK_TEXT_LEN, D1  ; [section code]
0330    70 01                     738          MOVEQ #1, D0  ; [section code]
0332    4E 75                     739          RTS  ; [section code]
----                              740    ; [section code]
----                              741  tkpkgPackageLoaderMissingChunk  ; [section code]
0334    43 F9 00 00 01 3A         742          LEA missingChunkText, A1  ; [section code]
033A    72 1E                     743          MOVEQ #MISSING_CHUNK_TEXT_LEN, D1  ; [section code]
033C    70 01                     744          MOVEQ #1, D0  ; [section code]
033E    4E 75                     745          RTS  ; [section code]
----                              746    ; [section code]
----                              747  tkpkgPackageLoaderChunkBounds  ; [section code]
0340    43 F9 00 00 01 59         748          LEA chunkBoundsText, A1  ; [section code]
0346    72 1B                     749          MOVEQ #CHUNK_BOUNDS_TEXT_LEN, D1  ; [section code]
0348    70 01                     750          MOVEQ #1, D0  ; [section code]
034A    4E 75                     751          RTS  ; [section code]
----                              752    ; [section code]
----                              753          .endsection
----                              754          .endmodule
----                              755          .module tkpkg.amigaos.token_policy
----                              756          .cpu 68020
----                              757          .pub
----                              758          .use tkpkg.amigaos.abi (STATUS_RUNTIME_ERROR_V1)
----                              759          .use tkpkg.amigaos.buffers (SCOPED_OWNER_DIALECT, SCOPED_OWNER_CPU)
----                              760          .use tkpkg.amigaos.buffers (SCOPED_OWNER_FAMILY, packageStorage)
----                              761          .use tkpkg.amigaos.buffers (toksChunkOffsetLo, pendingDialectOffsetLo)
----                              762          .use tkpkg.amigaos.buffers (pendingCpuOffsetLo, pendingFamilyOffsetLo)
----                              763          .use tkpkg.amigaos.buffers (pendingTokenPolicyOffsetLo)
----                              764          .use tkpkg.amigaos.buffers (pendingTokenPolicyOwnerTag)
----                              765  
----    EQU 0021                  766  MISSING_POLICY_TEXT_LEN             = 33
----                              767  
----                              768          .section data, kind=data  ; [section data]
----                              769    ; [section data]
----                              770  missingPolicyText  ; [section data]
0175    4F 54 52 30 30 33 3A 20 6D 69 73 73 69 6E 67 20 74 6F 6B 65 6E 69 7A 65 72 20 70 6F 6C 69 63 79 00   771          .byte "OTR003: missing tokenizer policy", 0  ; [section data]
----                              772    ; [section data]
----                              773          .endsection
----                              774  
----                              775          .section code, kind=code  ; [section code]
----                              776    ; [section code]
----                              777  tkpkg_token_policy_resolve_locator_v1  ; [section code]
034C    70 02                     778          MOVEQ #SCOPED_OWNER_DIALECT, D0  ; [section code]
034E    47 F9 00 00 27 F8         779          LEA pendingDialectOffsetLo, A3  ; [section code]
0354    61 00 00 36               780          BSR.W tkpkg_token_policy_find_owner_v1  ; [section code]
0358    4A 00                     781          TST.B D0  ; [section code]
035A    67 2C                     782          BEQ.S tkpkgTokenPolicyResolveDone  ; [section code]
035C    70 01                     783          MOVEQ #SCOPED_OWNER_CPU, D0  ; [section code]
035E    47 F9 00 00 27 F4         784          LEA pendingCpuOffsetLo, A3  ; [section code]
0364    61 00 00 26               785          BSR.W tkpkg_token_policy_find_owner_v1  ; [section code]
0368    4A 00                     786          TST.B D0  ; [section code]
036A    67 1C                     787          BEQ.S tkpkgTokenPolicyResolveDone  ; [section code]
036C    70 00                     788          MOVEQ #SCOPED_OWNER_FAMILY, D0  ; [section code]
036E    47 F9 00 00 27 F0         789          LEA pendingFamilyOffsetLo, A3  ; [section code]
0374    61 00 00 16               790          BSR.W tkpkg_token_policy_find_owner_v1  ; [section code]
0378    4A 00                     791          TST.B D0  ; [section code]
037A    67 0C                     792          BEQ.S tkpkgTokenPolicyResolveDone  ; [section code]
037C    43 F9 00 00 01 75         793          LEA missingPolicyText, A1  ; [section code]
0382    72 21                     794          MOVEQ #MISSING_POLICY_TEXT_LEN, D1  ; [section code]
0384    70 03                     795          MOVEQ #STATUS_RUNTIME_ERROR_V1, D0  ; [section code]
0386    4E 75                     796          RTS  ; [section code]
----                              797    ; [section code]
----                              798  tkpkgTokenPolicyResolveDone  ; [section code]
0388    70 00                     799          MOVEQ #0, D0  ; [section code]
038A    4E 75                     800          RTS  ; [section code]
----                              801    ; [section code]
----                              802  tkpkg_token_policy_find_owner_v1  ; [section code]
038C    1C 00                     803          MOVE.B D0, D6  ; [section code]
038E    47 F9 00 00 28 04         804          LEA pendingTokenPolicyOffsetLo, A3  ; [section code]
0394    42 1B                     805          CLR.B (A3)+  ; [section code]
0396    42 1B                     806          CLR.B (A3)+  ; [section code]
0398    42 1B                     807          CLR.B (A3)+  ; [section code]
039A    42 1B                     808          CLR.B (A3)+  ; [section code]
039C    42 13                     809          CLR.B (A3)  ; [section code]
039E    61 00 00 E6               810          BSR.W tkpkg_token_policy_read_locator_ptr_len_v1  ; [section code]
03A2    3A 03                     811          MOVE.W D3, D5  ; [section code]
03A4    4B E9 00 00               812          LEA 0(A1), A5  ; [section code]
03A8    47 F9 00 00 26 30         813          LEA toksChunkOffsetLo, A3  ; [section code]
03AE    61 00 00 FA               814          BSR.W tkpkg_token_policy_chunk_ptr_from_locator_v1  ; [section code]
03B2    61 00 01 2E               815          BSR.W tkpkg_token_policy_read_u32_le_low16_v1  ; [section code]
03B6    4A 40                     816          TST.W D0  ; [section code]
03B8    67 00 00 42               817          BEQ.W tkpkgTokenPolicyOwnerMissing  ; [section code]
03BC    3E 00                     818          MOVE.W D0, D7  ; [section code]
03BE    53 47                     819          SUBQ.W #1, D7  ; [section code]
03C0    45 EA 00 04               820          LEA 4(A2), A2  ; [section code]
----                              821    ; [section code]
----                              822  tkpkgTokenPolicyOwnerLoop  ; [section code]
03C4    49 EA 00 00               823          LEA 0(A2), A4  ; [section code]
03C8    18 1A                     824          MOVE.B (A2)+, D4  ; [section code]
03CA    61 00 01 02               825          BSR.W tkpkg_token_policy_locate_string_v1  ; [section code]
03CE    B8 06                     826          CMP.B D6, D4  ; [section code]
03D0    66 00 00 22               827          BNE.W tkpkgTokenPolicySkipEntry  ; [section code]
03D4    38 00                     828          MOVE.W D0, D4  ; [section code]
03D6    41 E9 00 00               829          LEA 0(A1), A0  ; [section code]
03DA    2F 0A                     830          MOVE.L A2, -(SP)  ; [section code]
03DC    30 04                     831          MOVE.W D4, D0  ; [section code]
03DE    32 05                     832          MOVE.W D5, D1  ; [section code]
03E0    43 E8 00 00               833          LEA 0(A0), A1  ; [section code]
03E4    45 ED 00 00               834          LEA 0(A5), A2  ; [section code]
03E8    61 00 01 08               835          BSR.W tkpkg_token_policy_string_eq_ascii_casefold_v1  ; [section code]
03EC    24 5F                     836          MOVEA.L (SP)+, A2  ; [section code]
03EE    4A 00                     837          TST.B D0  ; [section code]
03F0    66 00 00 0E               838          BNE.W tkpkgTokenPolicyFound  ; [section code]
----                              839    ; [section code]
----                              840  tkpkgTokenPolicySkipEntry  ; [section code]
03F4    61 00 00 2A               841          BSR.W tkpkg_token_policy_skip_toks_entry_v1  ; [section code]
03F8    51 CF FF CA               842          DBF D7, tkpkgTokenPolicyOwnerLoop  ; [section code]
----                              843    ; [section code]
----                              844  tkpkgTokenPolicyOwnerMissing  ; [section code]
03FC    70 01                     845          MOVEQ #1, D0  ; [section code]
03FE    4E 75                     846          RTS  ; [section code]
----                              847    ; [section code]
----                              848  tkpkgTokenPolicyFound  ; [section code]
0400    61 00 00 1E               849          BSR.W tkpkg_token_policy_skip_toks_entry_v1  ; [section code]
0404    47 F9 00 00 28 04         850          LEA pendingTokenPolicyOffsetLo, A3  ; [section code]
040A    43 EC 00 00               851          LEA 0(A4), A1  ; [section code]
040E    20 0A                     852          MOVE.L A2, D0  ; [section code]
0410    90 8C                     853          SUB.L A4, D0  ; [section code]
0412    61 00 00 5A               854          BSR.W tkpkg_token_policy_store_record_locator_v1  ; [section code]
0416    13 C6 00 00 28 08         855          MOVE.B D6, pendingTokenPolicyOwnerTag  ; [section code]
041C    70 00                     856          MOVEQ #0, D0  ; [section code]
041E    4E 75                     857          RTS  ; [section code]
----                              858    ; [section code]
----                              859  tkpkg_token_policy_skip_toks_entry_v1  ; [section code]
0420    52 4A                     860          ADDQ.W #1, A2  ; [section code]
0422    58 4A                     861          ADDQ.W #4, A2  ; [section code]
0424    58 4A                     862          ADDQ.W #4, A2  ; [section code]
0426    61 00 00 B4               863          BSR.W tkpkg_token_policy_skip_string_v1  ; [section code]
042A    0C 12 00 FF               864          CMPI.B #$FF, (A2)  ; [section code]
042E    66 3C                     865          BNE.S tkpkgTokenPolicySkipDone  ; [section code]
----                              866    ; [section code]
----                              867  tkpkgTokenPolicySkipTailExt  ; [section code]
0430    52 4A                     868          ADDQ.W #1, A2  ; [section code]
0432    61 00 00 A8               869          BSR.W tkpkg_token_policy_skip_string_v1  ; [section code]
0436    61 00 00 A4               870          BSR.W tkpkg_token_policy_skip_string_v1  ; [section code]
043A    4A 1A                     871          TST.B (A2)+  ; [section code]
043C    67 02                     872          BEQ.S tkpkgTokenPolicySkipTailStrings  ; [section code]
043E    52 4A                     873          ADDQ.W #1, A2  ; [section code]
----                              874    ; [section code]
----                              875  tkpkgTokenPolicySkipTailStrings  ; [section code]
0440    61 00 00 9A               876          BSR.W tkpkg_token_policy_skip_string_v1  ; [section code]
0444    61 00 00 96               877          BSR.W tkpkg_token_policy_skip_string_v1  ; [section code]
0448    61 00 00 92               878          BSR.W tkpkg_token_policy_skip_string_v1  ; [section code]
044C    61 00 00 8E               879          BSR.W tkpkg_token_policy_skip_string_v1  ; [section code]
0450    61 00 00 8A               880          BSR.W tkpkg_token_policy_skip_string_v1  ; [section code]
0454    61 00 00 8C               881          BSR.W tkpkg_token_policy_read_u32_le_low16_v1  ; [section code]
0458    3E 00                     882          MOVE.W D0, D7  ; [section code]
045A    45 EA 00 04               883          LEA 4(A2), A2  ; [section code]
045E    4A 47                     884          TST.W D7  ; [section code]
0460    67 0A                     885          BEQ.S tkpkgTokenPolicySkipDone  ; [section code]
0462    53 47                     886          SUBQ.W #1, D7  ; [section code]
----                              887    ; [section code]
----                              888  tkpkgTokenPolicySkipOperatorsLoop  ; [section code]
0464    61 00 00 76               889          BSR.W tkpkg_token_policy_skip_string_v1  ; [section code]
0468    51 CF FF FA               890          DBF D7, tkpkgTokenPolicySkipOperatorsLoop  ; [section code]
----                              891    ; [section code]
----                              892  tkpkgTokenPolicySkipDone  ; [section code]
046C    4E 75                     893          RTS  ; [section code]
----                              894    ; [section code]
----                              895  tkpkg_token_policy_store_record_locator_v1  ; [section code]
046E    24 09                     896          MOVE.L A1, D2  ; [section code]
0470    4D F9 00 00 10 20         897          LEA packageStorage, A6  ; [section code]
0476    94 8E                     898          SUB.L A6, D2  ; [section code]
0478    16 C2                     899          MOVE.B D2, (A3)+  ; [section code]
047A    E0 4A                     900          LSR.W #8, D2  ; [section code]
047C    16 C2                     901          MOVE.B D2, (A3)+  ; [section code]
047E    16 C0                     902          MOVE.B D0, (A3)+  ; [section code]
0480    E0 48                     903          LSR.W #8, D0  ; [section code]
0482    16 C0                     904          MOVE.B D0, (A3)+  ; [section code]
0484    4E 75                     905          RTS  ; [section code]
----                              906    ; [section code]
----                              907  tkpkg_token_policy_read_locator_ptr_len_v1  ; [section code]
0486    74 00                     908          MOVEQ #0, D2  ; [section code]
0488    14 1B                     909          MOVE.B (A3)+, D2  ; [section code]
048A    72 00                     910          MOVEQ #0, D1  ; [section code]
048C    12 1B                     911          MOVE.B (A3)+, D1  ; [section code]
048E    E1 49                     912          LSL.W #8, D1  ; [section code]
0490    84 41                     913          OR.W D1, D2  ; [section code]
0492    76 00                     914          MOVEQ #0, D3  ; [section code]
0494    16 1B                     915          MOVE.B (A3)+, D3  ; [section code]
0496    72 00                     916          MOVEQ #0, D1  ; [section code]
0498    12 1B                     917          MOVE.B (A3)+, D1  ; [section code]
049A    E1 49                     918          LSL.W #8, D1  ; [section code]
049C    86 41                     919          OR.W D1, D3  ; [section code]
049E    4D F9 00 00 10 20         920          LEA packageStorage, A6  ; [section code]
04A4    43 F6 20 00               921          LEA 0(A6, D2.W), A1  ; [section code]
04A8    4E 75                     922          RTS  ; [section code]
----                              923    ; [section code]
----                              924  tkpkg_token_policy_chunk_ptr_from_locator_v1  ; [section code]
04AA    70 00                     925          MOVEQ #0, D0  ; [section code]
04AC    10 1B                     926          MOVE.B (A3)+, D0  ; [section code]
04AE    72 00                     927          MOVEQ #0, D1  ; [section code]
04B0    12 1B                     928          MOVE.B (A3)+, D1  ; [section code]
04B2    E1 49                     929          LSL.W #8, D1  ; [section code]
04B4    80 41                     930          OR.W D1, D0  ; [section code]
04B6    7E 00                     931          MOVEQ #0, D7  ; [section code]
04B8    1E 1B                     932          MOVE.B (A3)+, D7  ; [section code]
04BA    72 00                     933          MOVEQ #0, D1  ; [section code]
04BC    12 1B                     934          MOVE.B (A3)+, D1  ; [section code]
04BE    E1 49                     935          LSL.W #8, D1  ; [section code]
04C0    8E 41                     936          OR.W D1, D7  ; [section code]
04C2    4D F9 00 00 10 20         937          LEA packageStorage, A6  ; [section code]
04C8    45 F6 00 00               938          LEA 0(A6, D0.W), A2  ; [section code]
04CC    4E 75                     939          RTS  ; [section code]
----                              940    ; [section code]
----                              941  tkpkg_token_policy_locate_string_v1  ; [section code]
04CE    61 00 00 12               942          BSR.W tkpkg_token_policy_read_u32_le_low16_v1  ; [section code]
04D2    43 EA 00 04               943          LEA 4(A2), A1  ; [section code]
04D6    45 F2 00 04               944          LEA 4(A2, D0.W), A2  ; [section code]
04DA    4E 75                     945          RTS  ; [section code]
----                              946    ; [section code]
----                              947  tkpkg_token_policy_skip_string_v1  ; [section code]
04DC    61 00 FF F0               948          BSR.W tkpkg_token_policy_locate_string_v1  ; [section code]
04E0    4E 75                     949          RTS  ; [section code]
----                              950    ; [section code]
----                              951  tkpkg_token_policy_read_u32_le_low16_v1  ; [section code]
04E2    70 00                     952          MOVEQ #0, D0  ; [section code]
04E4    10 12                     953          MOVE.B (A2), D0  ; [section code]
04E6    72 00                     954          MOVEQ #0, D1  ; [section code]
04E8    12 2A 00 01               955          MOVE.B 1(A2), D1  ; [section code]
04EC    E1 49                     956          LSL.W #8, D1  ; [section code]
04EE    80 41                     957          OR.W D1, D0  ; [section code]
04F0    4E 75                     958          RTS  ; [section code]
----                              959    ; [section code]
----                              960  tkpkg_token_policy_string_eq_ascii_casefold_v1  ; [section code]
04F2    B0 41                     961          CMP.W D1, D0  ; [section code]
04F4    66 2A                     962          BNE.S tkpkgTokenPolicyStringNoMatch  ; [section code]
04F6    38 00                     963          MOVE.W D0, D4  ; [section code]
04F8    4A 44                     964          TST.W D4  ; [section code]
04FA    67 20                     965          BEQ.S tkpkgTokenPolicyStringMatch  ; [section code]
04FC    53 44                     966          SUBQ.W #1, D4  ; [section code]
----                              967    ; [section code]
----                              968  tkpkgTokenPolicyStringLoop  ; [section code]
04FE    74 00                     969          MOVEQ #0, D2  ; [section code]
0500    14 19                     970          MOVE.B (A1)+, D2  ; [section code]
0502    76 00                     971          MOVEQ #0, D3  ; [section code]
0504    16 1A                     972          MOVE.B (A2)+, D3  ; [section code]
0506    10 02                     973          MOVE.B D2, D0  ; [section code]
0508    61 00 00 1A               974          BSR.W tkpkg_token_policy_fold_ascii_lower_v1  ; [section code]
050C    14 00                     975          MOVE.B D0, D2  ; [section code]
050E    10 03                     976          MOVE.B D3, D0  ; [section code]
0510    61 00 00 12               977          BSR.W tkpkg_token_policy_fold_ascii_lower_v1  ; [section code]
0514    B4 00                     978          CMP.B D0, D2  ; [section code]
0516    66 08                     979          BNE.S tkpkgTokenPolicyStringNoMatch  ; [section code]
0518    51 CC FF E4               980          DBF D4, tkpkgTokenPolicyStringLoop  ; [section code]
----                              981    ; [section code]
----                              982  tkpkgTokenPolicyStringMatch  ; [section code]
051C    70 01                     983          MOVEQ #1, D0  ; [section code]
051E    4E 75                     984          RTS  ; [section code]
----                              985    ; [section code]
----                              986  tkpkgTokenPolicyStringNoMatch  ; [section code]
0520    70 00                     987          MOVEQ #0, D0  ; [section code]
0522    4E 75                     988          RTS  ; [section code]
----                              989    ; [section code]
----                              990  tkpkg_token_policy_fold_ascii_lower_v1  ; [section code]
0524    0C 00 00 41               991          CMPI.B #'A', D0  ; [section code]
0528    65 0A                     992          BLO.S tkpkgTokenPolicyFoldDone  ; [section code]
052A    0C 00 00 5A               993          CMPI.B #'Z', D0  ; [section code]
052E    62 04                     994          BHI.S tkpkgTokenPolicyFoldDone  ; [section code]
0530    00 00 00 20               995          ORI.B #$20, D0  ; [section code]
----                              996    ; [section code]
----                              997  tkpkgTokenPolicyFoldDone  ; [section code]
0534    4E 75                     998          RTS  ; [section code]
----                              999    ; [section code]
----                             1000  tkpkg_token_policy_placeholder  ; [section code]
0536    4E 75                    1001          RTS  ; [section code]
----                             1002    ; [section code]
----                             1003          .endsection
----                             1004          .endmodule
----                             1005          .module tkpkg.amigaos.pipeline
----                             1006          .cpu 68020
----                             1007          .pub
----                             1008          .use tkpkg.amigaos.abi (CB_INPUT_PTR, CB_INPUT_LEN, STATUS_BAD_REQUEST_V1)
----                             1009          .use tkpkg.amigaos.abi (STATUS_RUNTIME_ERROR_V1)
----                             1010          .use tkpkg.amigaos.buffers (PACKAGE_STATE_LOADED, PACKAGE_STATE_PIPELINE_ACTIVE)
----                             1011          .use tkpkg.amigaos.buffers (PIPELINE_ID_BUFFER_CAPACITY, SCOPED_OWNER_DIALECT)
----                             1012          .use tkpkg.amigaos.buffers (SCOPED_OWNER_CPU, SCOPED_OWNER_FAMILY)
----                             1013          .use tkpkg.amigaos.buffers (packageStateFlags, packageStorage, famsChunkOffsetLo)
----                             1014          .use tkpkg.amigaos.buffers (cpusChunkOffsetLo, dialChunkOffsetLo)
----                             1015          .use tkpkg.amigaos.buffers (tkvmChunkOffsetLo, activeCpuBuffer)
----                             1016          .use tkpkg.amigaos.buffers (activeDialectBuffer, activeFamilyBuffer)
----                             1017          .use tkpkg.amigaos.buffers (activeTokenPolicyOffsetLo, activeTokenPolicyOwnerTag)
----                             1018          .use tkpkg.amigaos.buffers (activeTokenizerVmOffsetLo, activeTokenizerVmOwnerTag)
----                             1019          .use tkpkg.amigaos.buffers (pendingFamilyOffsetLo, pendingCpuOffsetLo)
----                             1020          .use tkpkg.amigaos.buffers (pendingDialectOffsetLo, pendingDefaultDialectOffsetLo)
----                             1021          .use tkpkg.amigaos.buffers (pendingCanonicalDialectOffsetLo)
----                             1022          .use tkpkg.amigaos.buffers (pendingTokenPolicyOffsetLo)
----                             1023          .use tkpkg.amigaos.buffers (pendingTokenPolicyOwnerTag)
----                             1024          .use tkpkg.amigaos.buffers (pendingTokenizerVmOffsetLo)
----                             1025          .use tkpkg.amigaos.buffers (pendingTokenizerVmOwnerTag)
----                             1026          .use tkpkg.amigaos.token_policy (tkpkg_token_policy_resolve_locator_v1)
----                             1027  
----    EQU 0029                 1028  NO_PACKAGE_TEXT_LEN                  = 41
----    EQU 0021                 1029  UNRESOLVED_CPU_TEXT_LEN              = 33
----    EQU 0021                 1030  UNRESOLVED_FAMILY_TEXT_LEN           = 33
----    EQU 0022                 1031  UNRESOLVED_DIALECT_TEXT_LEN          = 34
----    EQU 0024                 1032  MISSING_PROGRAM_TEXT_LEN             = 36
----                             1033  
----                             1034          .section data, kind=data  ; [section data]
----                             1035    ; [section data]
----                             1036  noPackageText  ; [section data]
0196    4F 54 52 30 30 31 3A 20 73 65 74 5F 70 69 70 65 6C 69 6E 65 20 72 65 71 75 69 72 65 73 20 6C 6F 61 64 5F 70 61 63 6B 61 67 65 00  1037          .byte "OTR001: set_pipeline requires load_package", 0  ; [section data]
----                             1038    ; [section data]
----                             1039  unresolvedCpuText  ; [section data]
01C1    4F 54 52 30 30 34 3A 20 75 6E 72 65 73 6F 6C 76 65 64 20 70 61 63 6B 61 67 65 20 63 70 75 20 69 64 00  1040          .byte "OTR004: unresolved package cpu id", 0  ; [section data]
----                             1041    ; [section data]
----                             1042  unresolvedFamilyText  ; [section data]
01E3    4F 54 52 30 30 34 3A 20 75 6E 72 65 73 6F 6C 76 65 64 20 70 61 63 6B 61 67 65 20 66 61 6D 69 6C 79 00  1043          .byte "OTR004: unresolved package family", 0  ; [section data]
----                             1044    ; [section data]
----                             1045  unresolvedDialectText  ; [section data]
0205    4F 54 52 30 30 34 3A 20 75 6E 72 65 73 6F 6C 76 65 64 20 70 61 63 6B 61 67 65 20 64 69 61 6C 65 63 74 00  1046          .byte "OTR004: unresolved package dialect", 0  ; [section data]
----                             1047    ; [section data]
----                             1048  missingProgramText  ; [section data]
0228    4F 54 52 30 30 31 3A 20 6D 69 73 73 69 6E 67 20 74 6F 6B 65 6E 69 7A 65 72 20 56 4D 20 70 72 6F 67 72 61 6D 00  1049          .byte "OTR001: missing tokenizer VM program", 0  ; [section data]
----                             1050    ; [section data]
----                             1051          .endsection
----                             1052  
----                             1053          .section code, kind=code  ; [section code]
----                             1054    ; [section code]
----                             1055  tkpkg_pipeline_set_active_v1  ; [section code]
0538    08 39 00 00 00 00 26 20  1056          BTST #0, packageStateFlags  ; [section code]
0540    66 0C                    1057          BNE.S tkpkgPipelineParseRequest  ; [section code]
0542    43 F9 00 00 01 96        1058          LEA noPackageText, A1  ; [section code]
0548    72 29                    1059          MOVEQ #NO_PACKAGE_TEXT_LEN, D1  ; [section code]
054A    70 03                    1060          MOVEQ #STATUS_RUNTIME_ERROR_V1, D0  ; [section code]
054C    4E 75                    1061          RTS  ; [section code]
----                             1062    ; [section code]
----                             1063  tkpkgPipelineParseRequest  ; [section code]
054E    61 00 00 2E              1064          BSR.W tkpkg_pipeline_parse_request_v1  ; [section code]
0552    4A 00                    1065          TST.B D0  ; [section code]
0554    66 00 00 26              1066          BNE.W tkpkgPipelineDone  ; [section code]
0558    61 00 00 E2              1067          BSR.W tkpkg_pipeline_resolve_hierarchy_v1  ; [section code]
055C    4A 00                    1068          TST.B D0  ; [section code]
055E    66 00 00 1C              1069          BNE.W tkpkgPipelineDone  ; [section code]
0562    61 00 FD E8              1070          BSR.W tkpkg_token_policy_resolve_locator_v1  ; [section code]
0566    4A 00                    1071          TST.B D0  ; [section code]
0568    66 00 00 12              1072          BNE.W tkpkgPipelineDone  ; [section code]
056C    61 00 03 82              1073          BSR.W tkpkg_pipeline_resolve_tokenizer_vm_locator_v1  ; [section code]
0570    4A 00                    1074          TST.B D0  ; [section code]
0572    66 00 00 08              1075          BNE.W tkpkgPipelineDone  ; [section code]
0576    61 00 04 86              1076          BSR.W tkpkg_pipeline_commit_active_selection_v1  ; [section code]
057A    70 00                    1077          MOVEQ #0, D0  ; [section code]
----                             1078    ; [section code]
----                             1079  tkpkgPipelineDone  ; [section code]
057C    4E 75                    1080          RTS  ; [section code]
----                             1081    ; [section code]
----                             1082  tkpkg_pipeline_parse_request_v1  ; [section code]
057E    47 F9 00 00 27 F0        1083          LEA pendingFamilyOffsetLo, A3  ; [section code]
0584    70 1D                    1084          MOVEQ #29, D0  ; [section code]
----                             1085    ; [section code]
----                             1086  tkpkgPipelineClearPendingLoop  ; [section code]
0586    42 1B                    1087          CLR.B (A3)+  ; [section code]
0588    51 C8 FF FC              1088          DBF D0, tkpkgPipelineClearPendingLoop  ; [section code]
058C    70 00                    1089          MOVEQ #0, D0  ; [section code]
058E    10 28 00 12              1090          MOVE.B CB_INPUT_LEN(A0), D0  ; [section code]
0592    72 00                    1091          MOVEQ #0, D1  ; [section code]
0594    12 28 00 13              1092          MOVE.B 19(A0), D1  ; [section code]
0598    E1 49                    1093          LSL.W #8, D1  ; [section code]
059A    80 41                    1094          OR.W D1, D0  ; [section code]
059C    0C 40 00 02              1095          CMPI.W #2, D0  ; [section code]
05A0    65 00 00 96              1096          BLO.W tkpkgPipelineBadRequest  ; [section code]
05A4    3C 00                    1097          MOVE.W D0, D6  ; [section code]
05A6    72 00                    1098          MOVEQ #0, D1  ; [section code]
05A8    12 28 00 10              1099          MOVE.B CB_INPUT_PTR(A0), D1  ; [section code]
05AC    74 00                    1100          MOVEQ #0, D2  ; [section code]
05AE    14 28 00 11              1101          MOVE.B 17(A0), D2  ; [section code]
05B2    E1 4A                    1102          LSL.W #8, D2  ; [section code]
05B4    82 42                    1103          OR.W D2, D1  ; [section code]
05B6    4A 41                    1104          TST.W D1  ; [section code]
05B8    67 00 00 7E              1105          BEQ.W tkpkgPipelineBadRequest  ; [section code]
05BC    43 F0 10 00              1106          LEA 0(A0, D1.W), A1  ; [section code]
05C0    76 00                    1107          MOVEQ #0, D3  ; [section code]
05C2    38 06                    1108          MOVE.W D6, D4  ; [section code]
----                             1109    ; [section code]
----                             1110  tkpkgPipelineSeparatorLoop  ; [section code]
05C4    4A 44                    1111          TST.W D4  ; [section code]
05C6    67 00 00 70              1112          BEQ.W tkpkgPipelineBadRequest  ; [section code]
05CA    4A 31 30 00              1113          TST.B 0(A1, D3.W)  ; [section code]
05CE    67 08                    1114          BEQ.S tkpkgPipelineSeparatorFound  ; [section code]
05D0    52 43                    1115          ADDQ.W #1, D3  ; [section code]
05D2    53 44                    1116          SUBQ.W #1, D4  ; [section code]
05D4    60 00 FF EE              1117          BRA.W tkpkgPipelineSeparatorLoop  ; [section code]
----                             1118    ; [section code]
----                             1119  tkpkgPipelineSeparatorFound  ; [section code]
05D8    4A 43                    1120          TST.W D3  ; [section code]
05DA    67 00 00 5C              1121          BEQ.W tkpkgPipelineBadRequest  ; [section code]
05DE    38 01                    1122          MOVE.W D1, D4  ; [section code]
05E0    3A 03                    1123          MOVE.W D3, D5  ; [section code]
05E2    47 F9 00 00 27 F4        1124          LEA pendingCpuOffsetLo, A3  ; [section code]
05E8    16 C4                    1125          MOVE.B D4, (A3)+  ; [section code]
05EA    E0 4C                    1126          LSR.W #8, D4  ; [section code]
05EC    16 C4                    1127          MOVE.B D4, (A3)+  ; [section code]
05EE    16 C5                    1128          MOVE.B D5, (A3)+  ; [section code]
05F0    E0 4D                    1129          LSR.W #8, D5  ; [section code]
05F2    16 C5                    1130          MOVE.B D5, (A3)+  ; [section code]
05F4    30 06                    1131          MOVE.W D6, D0  ; [section code]
05F6    32 03                    1132          MOVE.W D3, D1  ; [section code]
05F8    90 41                    1133          SUB.W D1, D0  ; [section code]
05FA    53 40                    1134          SUBQ.W #1, D0  ; [section code]
05FC    67 28                    1135          BEQ.S tkpkgPipelineNoDialect  ; [section code]
05FE    47 F9 00 00 27 F8        1136          LEA pendingDialectOffsetLo, A3  ; [section code]
0604    34 04                    1137          MOVE.W D4, D2  ; [section code]
0606    E1 4A                    1138          LSL.W #8, D2  ; [section code]
0608    7A 00                    1139          MOVEQ #0, D5  ; [section code]
060A    1A 39 00 00 27 F4        1140          MOVE.B pendingCpuOffsetLo, D5  ; [section code]
0610    84 45                    1141          OR.W D5, D2  ; [section code]
0612    D4 41                    1142          ADD.W D1, D2  ; [section code]
0614    52 42                    1143          ADDQ.W #1, D2  ; [section code]
0616    16 C2                    1144          MOVE.B D2, (A3)+  ; [section code]
0618    E0 4A                    1145          LSR.W #8, D2  ; [section code]
061A    16 C2                    1146          MOVE.B D2, (A3)+  ; [section code]
061C    16 C0                    1147          MOVE.B D0, (A3)+  ; [section code]
061E    E0 48                    1148          LSR.W #8, D0  ; [section code]
0620    16 C0                    1149          MOVE.B D0, (A3)+  ; [section code]
0622    70 00                    1150          MOVEQ #0, D0  ; [section code]
0624    4E 75                    1151          RTS  ; [section code]
----                             1152    ; [section code]
----                             1153  tkpkgPipelineNoDialect  ; [section code]
0626    47 F9 00 00 27 F8        1154          LEA pendingDialectOffsetLo, A3  ; [section code]
062C    42 1B                    1155          CLR.B (A3)+  ; [section code]
062E    42 1B                    1156          CLR.B (A3)+  ; [section code]
0630    42 1B                    1157          CLR.B (A3)+  ; [section code]
0632    42 13                    1158          CLR.B (A3)  ; [section code]
0634    70 00                    1159          MOVEQ #0, D0  ; [section code]
0636    4E 75                    1160          RTS  ; [section code]
----                             1161    ; [section code]
----                             1162  tkpkgPipelineBadRequest  ; [section code]
0638    70 02                    1163          MOVEQ #STATUS_BAD_REQUEST_V1, D0  ; [section code]
063A    4E 75                    1164          RTS  ; [section code]
----                             1165    ; [section code]
----                             1166  tkpkg_pipeline_resolve_hierarchy_v1  ; [section code]
063C    61 00 00 44              1167          BSR.W tkpkg_pipeline_find_cpu_entry_v1  ; [section code]
0640    4A 00                    1168          TST.B D0  ; [section code]
0642    66 00 00 1A              1169          BNE.W tkpkgPipelineCpuUnresolved  ; [section code]
0646    61 00 00 CA              1170          BSR.W tkpkg_pipeline_find_family_entry_v1  ; [section code]
064A    4A 00                    1171          TST.B D0  ; [section code]
064C    66 00 00 1C              1172          BNE.W tkpkgPipelineFamilyUnresolved  ; [section code]
0650    61 00 01 34              1173          BSR.W tkpkg_pipeline_resolve_selected_dialect_v1  ; [section code]
0654    4A 00                    1174          TST.B D0  ; [section code]
0656    66 00 00 1E              1175          BNE.W tkpkgPipelineDialectUnresolved  ; [section code]
065A    70 00                    1176          MOVEQ #0, D0  ; [section code]
065C    4E 75                    1177          RTS  ; [section code]
----                             1178    ; [section code]
----                             1179  tkpkgPipelineCpuUnresolved  ; [section code]
065E    43 F9 00 00 01 C1        1180          LEA unresolvedCpuText, A1  ; [section code]
0664    72 21                    1181          MOVEQ #UNRESOLVED_CPU_TEXT_LEN, D1  ; [section code]
0666    70 03                    1182          MOVEQ #STATUS_RUNTIME_ERROR_V1, D0  ; [section code]
0668    4E 75                    1183          RTS  ; [section code]
----                             1184    ; [section code]
----                             1185  tkpkgPipelineFamilyUnresolved  ; [section code]
066A    43 F9 00 00 01 E3        1186          LEA unresolvedFamilyText, A1  ; [section code]
0670    72 21                    1187          MOVEQ #UNRESOLVED_FAMILY_TEXT_LEN, D1  ; [section code]
0672    70 03                    1188          MOVEQ #STATUS_RUNTIME_ERROR_V1, D0  ; [section code]
0674    4E 75                    1189          RTS  ; [section code]
----                             1190    ; [section code]
----                             1191  tkpkgPipelineDialectUnresolved  ; [section code]
0676    43 F9 00 00 02 05        1192          LEA unresolvedDialectText, A1  ; [section code]
067C    72 22                    1193          MOVEQ #UNRESOLVED_DIALECT_TEXT_LEN, D1  ; [section code]
067E    70 03                    1194          MOVEQ #STATUS_RUNTIME_ERROR_V1, D0  ; [section code]
0680    4E 75                    1195          RTS  ; [section code]
----                             1196    ; [section code]
----                             1197  tkpkg_pipeline_find_cpu_entry_v1  ; [section code]
0682    47 F9 00 00 27 F4        1198          LEA pendingCpuOffsetLo, A3  ; [section code]
0688    61 00 04 6E              1199          BSR.W tkpkg_pipeline_read_request_locator_ptr_len_v1  ; [section code]
068C    3A 03                    1200          MOVE.W D3, D5  ; [section code]
068E    4B E9 00 00              1201          LEA 0(A1), A5  ; [section code]
0692    47 F9 00 00 26 28        1202          LEA cpusChunkOffsetLo, A3  ; [section code]
0698    61 00 04 7C              1203          BSR.W tkpkg_pipeline_chunk_ptr_from_locator_v1  ; [section code]
069C    61 00 04 E4              1204          BSR.W tkpkg_pipeline_read_u32_le_low16_v1  ; [section code]
06A0    4A 40                    1205          TST.W D0  ; [section code]
06A2    67 00 00 6A              1206          BEQ.W tkpkgPipelineCpuMissing  ; [section code]
06A6    3E 00                    1207          MOVE.W D0, D7  ; [section code]
06A8    53 47                    1208          SUBQ.W #1, D7  ; [section code]
06AA    45 EA 00 04              1209          LEA 4(A2), A2  ; [section code]
----                             1210    ; [section code]
----                             1211  tkpkgPipelineCpuLoop  ; [section code]
06AE    61 00 04 8A              1212          BSR.W tkpkg_pipeline_locate_string_v1  ; [section code]
06B2    3C 00                    1213          MOVE.W D0, D6  ; [section code]
06B4    49 E9 00 00              1214          LEA 0(A1), A4  ; [section code]
06B8    2F 0A                    1215          MOVE.L A2, -(SP)  ; [section code]
06BA    30 06                    1216          MOVE.W D6, D0  ; [section code]
06BC    32 05                    1217          MOVE.W D5, D1  ; [section code]
06BE    43 EC 00 00              1218          LEA 0(A4), A1  ; [section code]
06C2    45 ED 00 00              1219          LEA 0(A5), A2  ; [section code]
06C6    61 00 04 CA              1220          BSR.W tkpkg_pipeline_string_eq_ascii_casefold_v1  ; [section code]
06CA    24 5F                    1221          MOVEA.L (SP)+, A2  ; [section code]
06CC    4A 00                    1222          TST.B D0  ; [section code]
06CE    67 00 00 32              1223          BEQ.W tkpkgPipelineSkipCpuEntry  ; [section code]
06D2    47 F9 00 00 27 F4        1224          LEA pendingCpuOffsetLo, A3  ; [section code]
06D8    43 EC 00 00              1225          LEA 0(A4), A1  ; [section code]
06DC    30 06                    1226          MOVE.W D6, D0  ; [section code]
06DE    61 00 03 B0              1227          BSR.W tkpkg_pipeline_store_package_string_locator_v1  ; [section code]
06E2    61 00 04 56              1228          BSR.W tkpkg_pipeline_locate_string_v1  ; [section code]
06E6    47 F9 00 00 27 F0        1229          LEA pendingFamilyOffsetLo, A3  ; [section code]
06EC    61 00 03 A2              1230          BSR.W tkpkg_pipeline_store_package_string_locator_v1  ; [section code]
06F0    61 00 04 5C              1231          BSR.W tkpkg_pipeline_locate_optional_string_v1  ; [section code]
06F4    47 F9 00 00 27 FC        1232          LEA pendingDefaultDialectOffsetLo, A3  ; [section code]
06FA    61 00 03 AC              1233          BSR.W tkpkg_pipeline_store_optional_package_string_locator_v1  ; [section code]
06FE    70 00                    1234          MOVEQ #0, D0  ; [section code]
0700    4E 75                    1235          RTS  ; [section code]
----                             1236    ; [section code]
----                             1237  tkpkgPipelineSkipCpuEntry  ; [section code]
0702    61 00 04 44              1238          BSR.W tkpkg_pipeline_skip_string_v1  ; [section code]
0706    61 00 04 56              1239          BSR.W tkpkg_pipeline_skip_optional_string_v1  ; [section code]
070A    51 CF FF A2              1240          DBF D7, tkpkgPipelineCpuLoop  ; [section code]
----                             1241    ; [section code]
----                             1242  tkpkgPipelineCpuMissing  ; [section code]
070E    70 01                    1243          MOVEQ #1, D0  ; [section code]
0710    4E 75                    1244          RTS  ; [section code]
----                             1245    ; [section code]
----                             1246  tkpkg_pipeline_find_family_entry_v1  ; [section code]
0712    4D F9 00 00 10 20        1247          LEA packageStorage, A6  ; [section code]
0718    47 F9 00 00 27 F0        1248          LEA pendingFamilyOffsetLo, A3  ; [section code]
071E    61 00 03 B4              1249          BSR.W tkpkg_pipeline_read_locator_ptr_len_v1  ; [section code]
0722    3A 03                    1250          MOVE.W D3, D5  ; [section code]
0724    4B E9 00 00              1251          LEA 0(A1), A5  ; [section code]
0728    47 F9 00 00 26 24        1252          LEA famsChunkOffsetLo, A3  ; [section code]
072E    61 00 03 E6              1253          BSR.W tkpkg_pipeline_chunk_ptr_from_locator_v1  ; [section code]
0732    61 00 04 4E              1254          BSR.W tkpkg_pipeline_read_u32_le_low16_v1  ; [section code]
0736    4A 40                    1255          TST.W D0  ; [section code]
0738    67 00 00 48              1256          BEQ.W tkpkgPipelineFamilyMissing  ; [section code]
073C    3E 00                    1257          MOVE.W D0, D7  ; [section code]
073E    53 47                    1258          SUBQ.W #1, D7  ; [section code]
0740    45 EA 00 04              1259          LEA 4(A2), A2  ; [section code]
----                             1260    ; [section code]
----                             1261  tkpkgPipelineFamilyLoop  ; [section code]
0744    61 00 03 F4              1262          BSR.W tkpkg_pipeline_locate_string_v1  ; [section code]
0748    3C 00                    1263          MOVE.W D0, D6  ; [section code]
074A    49 E9 00 00              1264          LEA 0(A1), A4  ; [section code]
074E    2F 0A                    1265          MOVE.L A2, -(SP)  ; [section code]
0750    30 06                    1266          MOVE.W D6, D0  ; [section code]
0752    32 05                    1267          MOVE.W D5, D1  ; [section code]
0754    43 EC 00 00              1268          LEA 0(A4), A1  ; [section code]
0758    45 ED 00 00              1269          LEA 0(A5), A2  ; [section code]
075C    61 00 04 34              1270          BSR.W tkpkg_pipeline_string_eq_ascii_casefold_v1  ; [section code]
0760    24 5F                    1271          MOVEA.L (SP)+, A2  ; [section code]
0762    4A 00                    1272          TST.B D0  ; [section code]
0764    67 00 00 14              1273          BEQ.W tkpkgPipelineSkipFamilyEntry  ; [section code]
0768    61 00 03 D0              1274          BSR.W tkpkg_pipeline_locate_string_v1  ; [section code]
076C    47 F9 00 00 28 00        1275          LEA pendingCanonicalDialectOffsetLo, A3  ; [section code]
0772    61 00 03 1C              1276          BSR.W tkpkg_pipeline_store_package_string_locator_v1  ; [section code]
0776    70 00                    1277          MOVEQ #0, D0  ; [section code]
0778    4E 75                    1278          RTS  ; [section code]
----                             1279    ; [section code]
----                             1280  tkpkgPipelineSkipFamilyEntry  ; [section code]
077A    61 00 03 CC              1281          BSR.W tkpkg_pipeline_skip_string_v1  ; [section code]
077E    51 CF FF C4              1282          DBF D7, tkpkgPipelineFamilyLoop  ; [section code]
----                             1283    ; [section code]
----                             1284  tkpkgPipelineFamilyMissing  ; [section code]
0782    70 01                    1285          MOVEQ #1, D0  ; [section code]
0784    4E 75                    1286          RTS  ; [section code]
----                             1287    ; [section code]
----                             1288  tkpkg_pipeline_resolve_selected_dialect_v1  ; [section code]
0786    47 F9 00 00 27 F8        1289          LEA pendingDialectOffsetLo, A3  ; [section code]
078C    61 00 03 46              1290          BSR.W tkpkg_pipeline_read_locator_ptr_len_v1  ; [section code]
0790    4A 43                    1291          TST.W D3  ; [section code]
0792    67 12                    1292          BEQ.S tkpkgPipelineDefaultDialect  ; [section code]
0794    47 F9 00 00 27 F8        1293          LEA pendingDialectOffsetLo, A3  ; [section code]
079A    61 00 00 3C              1294          BSR.W tkpkg_pipeline_find_requested_dialect_entry_v1  ; [section code]
079E    4A 00                    1295          TST.B D0  ; [section code]
07A0    67 2E                    1296          BEQ.S tkpkgPipelineDialectDone  ; [section code]
07A2    70 01                    1297          MOVEQ #1, D0  ; [section code]
07A4    4E 75                    1298          RTS  ; [section code]
----                             1299    ; [section code]
----                             1300  tkpkgPipelineDefaultDialect  ; [section code]
07A6    47 F9 00 00 27 FC        1301          LEA pendingDefaultDialectOffsetLo, A3  ; [section code]
07AC    61 00 03 26              1302          BSR.W tkpkg_pipeline_read_locator_ptr_len_v1  ; [section code]
07B0    4A 43                    1303          TST.W D3  ; [section code]
07B2    67 0E                    1304          BEQ.S tkpkgPipelineCanonicalDialect  ; [section code]
07B4    47 F9 00 00 27 FC        1305          LEA pendingDefaultDialectOffsetLo, A3  ; [section code]
07BA    61 00 00 22              1306          BSR.W tkpkg_pipeline_find_dialect_entry_v1  ; [section code]
07BE    4A 00                    1307          TST.B D0  ; [section code]
07C0    67 0E                    1308          BEQ.S tkpkgPipelineDialectDone  ; [section code]
----                             1309    ; [section code]
----                             1310  tkpkgPipelineCanonicalDialect  ; [section code]
07C2    47 F9 00 00 28 00        1311          LEA pendingCanonicalDialectOffsetLo, A3  ; [section code]
07C8    61 00 00 14              1312          BSR.W tkpkg_pipeline_find_dialect_entry_v1  ; [section code]
07CC    4A 00                    1313          TST.B D0  ; [section code]
07CE    66 04                    1314          BNE.S tkpkgPipelineDialectMissing  ; [section code]
----                             1315    ; [section code]
----                             1316  tkpkgPipelineDialectDone  ; [section code]
07D0    70 00                    1317          MOVEQ #0, D0  ; [section code]
07D2    4E 75                    1318          RTS  ; [section code]
----                             1319    ; [section code]
----                             1320  tkpkgPipelineDialectMissing  ; [section code]
07D4    70 01                    1321          MOVEQ #1, D0  ; [section code]
07D6    4E 75                    1322          RTS  ; [section code]
----                             1323    ; [section code]
----                             1324  tkpkg_pipeline_find_requested_dialect_entry_v1  ; [section code]
07D8    61 00 03 1E              1325          BSR.W tkpkg_pipeline_read_request_locator_ptr_len_v1  ; [section code]
07DC    60 04                    1326          BRA.S tkpkgPipelineFindDialectEntryLoaded  ; [section code]
----                             1327    ; [section code]
----                             1328  tkpkg_pipeline_find_dialect_entry_v1  ; [section code]
07DE    61 00 02 F4              1329          BSR.W tkpkg_pipeline_read_locator_ptr_len_v1  ; [section code]
----                             1330    ; [section code]
----                             1331  tkpkgPipelineFindDialectEntryLoaded  ; [section code]
07E2    3A 03                    1332          MOVE.W D3, D5  ; [section code]
07E4    4B E9 00 00              1333          LEA 0(A1), A5  ; [section code]
07E8    47 F9 00 00 27 F0        1334          LEA pendingFamilyOffsetLo, A3  ; [section code]
07EE    61 00 02 E4              1335          BSR.W tkpkg_pipeline_read_locator_ptr_len_v1  ; [section code]
07F2    3C 03                    1336          MOVE.W D3, D6  ; [section code]
07F4    49 E9 00 00              1337          LEA 0(A1), A4  ; [section code]
07F8    47 F9 00 00 26 2C        1338          LEA dialChunkOffsetLo, A3  ; [section code]
07FE    61 00 03 16              1339          BSR.W tkpkg_pipeline_chunk_ptr_from_locator_v1  ; [section code]
0802    61 00 03 7E              1340          BSR.W tkpkg_pipeline_read_u32_le_low16_v1  ; [section code]
0806    4A 40                    1341          TST.W D0  ; [section code]
0808    67 00 00 76              1342          BEQ.W tkpkgPipelineDialectNotFound  ; [section code]
080C    3E 00                    1343          MOVE.W D0, D7  ; [section code]
080E    53 47                    1344          SUBQ.W #1, D7  ; [section code]
0810    45 EA 00 04              1345          LEA 4(A2), A2  ; [section code]
----                             1346    ; [section code]
----                             1347  tkpkgPipelineDialectLoop  ; [section code]
0814    61 00 03 24              1348          BSR.W tkpkg_pipeline_locate_string_v1  ; [section code]
0818    3F 00                    1349          MOVE.W D0, -(SP)  ; [section code]
081A    41 E9 00 00              1350          LEA 0(A1), A0  ; [section code]
081E    2F 0A                    1351          MOVE.L A2, -(SP)  ; [section code]
0820    30 2F 00 04              1352          MOVE.W 4(SP), D0  ; [section code]
0824    32 05                    1353          MOVE.W D5, D1  ; [section code]
0826    43 E8 00 00              1354          LEA 0(A0), A1  ; [section code]
082A    45 ED 00 00              1355          LEA 0(A5), A2  ; [section code]
082E    61 00 03 62              1356          BSR.W tkpkg_pipeline_string_eq_ascii_casefold_v1  ; [section code]
0832    24 5F                    1357          MOVEA.L (SP)+, A2  ; [section code]
0834    4A 00                    1358          TST.B D0  ; [section code]
0836    67 00 00 36              1359          BEQ.W tkpkgPipelineSkipDialectEntry  ; [section code]
083A    61 00 02 FE              1360          BSR.W tkpkg_pipeline_locate_string_v1  ; [section code]
083E    34 00                    1361          MOVE.W D0, D2  ; [section code]
0840    43 E9 00 00              1362          LEA 0(A1), A1  ; [section code]
0844    2F 0A                    1363          MOVE.L A2, -(SP)  ; [section code]
0846    30 02                    1364          MOVE.W D2, D0  ; [section code]
0848    32 06                    1365          MOVE.W D6, D1  ; [section code]
084A    45 EC 00 00              1366          LEA 0(A4), A2  ; [section code]
084E    61 00 03 42              1367          BSR.W tkpkg_pipeline_string_eq_ascii_casefold_v1  ; [section code]
0852    24 5F                    1368          MOVEA.L (SP)+, A2  ; [section code]
0854    4A 00                    1369          TST.B D0  ; [section code]
0856    67 00 00 1E              1370          BEQ.W tkpkgPipelineSkipDialectAllowList  ; [section code]
085A    3F 02                    1371          MOVE.W D2, -(SP)  ; [section code]
085C    61 00 00 3A              1372          BSR.W tkpkg_pipeline_dialect_allows_cpu_v1  ; [section code]
0860    34 1F                    1373          MOVE.W (SP)+, D2  ; [section code]
0862    4A 00                    1374          TST.B D0  ; [section code]
0864    67 00 00 1E              1375          BEQ.W tkpkgPipelineDialectAccept  ; [section code]
0868    54 4F                    1376          ADDQ.W #2, SP  ; [section code]
086A    60 00 00 10              1377          BRA.W tkpkgPipelineDialectNext  ; [section code]
----                             1378    ; [section code]
----                             1379  tkpkgPipelineSkipDialectEntry  ; [section code]
086E    54 4F                    1380          ADDQ.W #2, SP  ; [section code]
0870    61 00 02 D6              1381          BSR.W tkpkg_pipeline_skip_string_v1  ; [section code]
0874    60 02                    1382          BRA.S tkpkgPipelineSkipDialectAllowListPayload  ; [section code]
----                             1383    ; [section code]
----                             1384  tkpkgPipelineSkipDialectAllowList  ; [section code]
0876    54 4F                    1385          ADDQ.W #2, SP  ; [section code]
----                             1386    ; [section code]
----                             1387  tkpkgPipelineSkipDialectAllowListPayload  ; [section code]
0878    61 00 02 EA              1388          BSR.W tkpkg_pipeline_skip_optional_string_list_v1  ; [section code]
----                             1389    ; [section code]
----                             1390  tkpkgPipelineDialectNext  ; [section code]
087C    51 CF FF 96              1391          DBF D7, tkpkgPipelineDialectLoop  ; [section code]
----                             1392    ; [section code]
----                             1393  tkpkgPipelineDialectNotFound  ; [section code]
0880    70 01                    1394          MOVEQ #1, D0  ; [section code]
0882    4E 75                    1395          RTS  ; [section code]
----                             1396    ; [section code]
----                             1397  tkpkgPipelineDialectAccept  ; [section code]
0884    47 F9 00 00 27 F8        1398          LEA pendingDialectOffsetLo, A3  ; [section code]
088A    43 E8 00 00              1399          LEA 0(A0), A1  ; [section code]
088E    30 1F                    1400          MOVE.W (SP)+, D0  ; [section code]
0890    61 00 01 FE              1401          BSR.W tkpkg_pipeline_store_package_string_locator_v1  ; [section code]
0894    70 00                    1402          MOVEQ #0, D0  ; [section code]
0896    4E 75                    1403          RTS  ; [section code]
----                             1404    ; [section code]
----                             1405  tkpkg_pipeline_dialect_allows_cpu_v1  ; [section code]
0898    10 1A                    1406          MOVE.B (A2)+, D0  ; [section code]
089A    67 50                    1407          BEQ.S tkpkgPipelineDialectAllowed  ; [section code]
089C    61 00 02 E4              1408          BSR.W tkpkg_pipeline_read_u32_le_low16_v1  ; [section code]
08A0    3E 00                    1409          MOVE.W D0, D7  ; [section code]
08A2    45 EA 00 04              1410          LEA 4(A2), A2  ; [section code]
08A6    4A 47                    1411          TST.W D7  ; [section code]
08A8    67 3E                    1412          BEQ.S tkpkgPipelineDialectRejected  ; [section code]
08AA    4D F9 00 00 10 20        1413          LEA packageStorage, A6  ; [section code]
08B0    47 F9 00 00 27 F4        1414          LEA pendingCpuOffsetLo, A3  ; [section code]
08B6    61 00 02 1C              1415          BSR.W tkpkg_pipeline_read_locator_ptr_len_v1  ; [section code]
08BA    3A 03                    1416          MOVE.W D3, D5  ; [section code]
08BC    4B E9 00 00              1417          LEA 0(A1), A5  ; [section code]
08C0    53 47                    1418          SUBQ.W #1, D7  ; [section code]
----                             1419    ; [section code]
----                             1420  tkpkgPipelineAllowLoop  ; [section code]
08C2    61 00 02 76              1421          BSR.W tkpkg_pipeline_locate_string_v1  ; [section code]
08C6    3C 00                    1422          MOVE.W D0, D6  ; [section code]
08C8    49 E9 00 00              1423          LEA 0(A1), A4  ; [section code]
08CC    2F 0A                    1424          MOVE.L A2, -(SP)  ; [section code]
08CE    30 06                    1425          MOVE.W D6, D0  ; [section code]
08D0    32 05                    1426          MOVE.W D5, D1  ; [section code]
08D2    43 EC 00 00              1427          LEA 0(A4), A1  ; [section code]
08D6    45 ED 00 00              1428          LEA 0(A5), A2  ; [section code]
08DA    61 00 02 B6              1429          BSR.W tkpkg_pipeline_string_eq_ascii_casefold_v1  ; [section code]
08DE    24 5F                    1430          MOVEA.L (SP)+, A2  ; [section code]
08E0    4A 00                    1431          TST.B D0  ; [section code]
08E2    66 08                    1432          BNE.S tkpkgPipelineDialectAllowed  ; [section code]
08E4    51 CF FF DC              1433          DBF D7, tkpkgPipelineAllowLoop  ; [section code]
----                             1434    ; [section code]
----                             1435  tkpkgPipelineDialectRejected  ; [section code]
08E8    70 01                    1436          MOVEQ #1, D0  ; [section code]
08EA    4E 75                    1437          RTS  ; [section code]
----                             1438    ; [section code]
----                             1439  tkpkgPipelineDialectAllowed  ; [section code]
08EC    70 00                    1440          MOVEQ #0, D0  ; [section code]
08EE    4E 75                    1441          RTS  ; [section code]
----                             1442    ; [section code]
----                             1443  tkpkg_pipeline_resolve_tokenizer_vm_locator_v1  ; [section code]
08F0    70 02                    1444          MOVEQ #SCOPED_OWNER_DIALECT, D0  ; [section code]
08F2    47 F9 00 00 27 F8        1445          LEA pendingDialectOffsetLo, A3  ; [section code]
08F8    61 00 00 36              1446          BSR.W tkpkg_pipeline_find_tokenizer_vm_owner_v1  ; [section code]
08FC    4A 00                    1447          TST.B D0  ; [section code]
08FE    67 2C                    1448          BEQ.S tkpkgPipelineVmResolved  ; [section code]
0900    70 01                    1449          MOVEQ #SCOPED_OWNER_CPU, D0  ; [section code]
0902    47 F9 00 00 27 F4        1450          LEA pendingCpuOffsetLo, A3  ; [section code]
0908    61 00 00 26              1451          BSR.W tkpkg_pipeline_find_tokenizer_vm_owner_v1  ; [section code]
090C    4A 00                    1452          TST.B D0  ; [section code]
090E    67 1C                    1453          BEQ.S tkpkgPipelineVmResolved  ; [section code]
0910    70 00                    1454          MOVEQ #SCOPED_OWNER_FAMILY, D0  ; [section code]
0912    47 F9 00 00 27 F0        1455          LEA pendingFamilyOffsetLo, A3  ; [section code]
0918    61 00 00 16              1456          BSR.W tkpkg_pipeline_find_tokenizer_vm_owner_v1  ; [section code]
091C    4A 00                    1457          TST.B D0  ; [section code]
091E    67 0C                    1458          BEQ.S tkpkgPipelineVmResolved  ; [section code]
0920    43 F9 00 00 02 28        1459          LEA missingProgramText, A1  ; [section code]
0926    72 24                    1460          MOVEQ #MISSING_PROGRAM_TEXT_LEN, D1  ; [section code]
0928    70 03                    1461          MOVEQ #STATUS_RUNTIME_ERROR_V1, D0  ; [section code]
092A    4E 75                    1462          RTS  ; [section code]
----                             1463    ; [section code]
----                             1464  tkpkgPipelineVmResolved  ; [section code]
092C    70 00                    1465          MOVEQ #0, D0  ; [section code]
092E    4E 75                    1466          RTS  ; [section code]
----                             1467    ; [section code]
----                             1468  tkpkg_pipeline_find_tokenizer_vm_owner_v1  ; [section code]
0930    1C 00                    1469          MOVE.B D0, D6  ; [section code]
0932    4D F9 00 00 10 20        1470          LEA packageStorage, A6  ; [section code]
0938    61 00 01 9A              1471          BSR.W tkpkg_pipeline_read_locator_ptr_len_v1  ; [section code]
093C    3A 03                    1472          MOVE.W D3, D5  ; [section code]
093E    4B E9 00 00              1473          LEA 0(A1), A5  ; [section code]
0942    47 F9 00 00 26 34        1474          LEA tkvmChunkOffsetLo, A3  ; [section code]
0948    61 00 01 CC              1475          BSR.W tkpkg_pipeline_chunk_ptr_from_locator_v1  ; [section code]
094C    61 00 02 34              1476          BSR.W tkpkg_pipeline_read_u32_le_low16_v1  ; [section code]
0950    4A 40                    1477          TST.W D0  ; [section code]
0952    67 00 00 3E              1478          BEQ.W tkpkgPipelineVmOwnerMissing  ; [section code]
0956    3E 00                    1479          MOVE.W D0, D7  ; [section code]
0958    53 47                    1480          SUBQ.W #1, D7  ; [section code]
095A    45 EA 00 04              1481          LEA 4(A2), A2  ; [section code]
----                             1482    ; [section code]
----                             1483  tkpkgPipelineVmLoop  ; [section code]
095E    49 EA 00 00              1484          LEA 0(A2), A4  ; [section code]
0962    18 1A                    1485          MOVE.B (A2)+, D4  ; [section code]
0964    61 00 01 D4              1486          BSR.W tkpkg_pipeline_locate_string_v1  ; [section code]
0968    B8 06                    1487          CMP.B D6, D4  ; [section code]
096A    66 00 00 1E              1488          BNE.W tkpkgPipelineVmSkipEntry  ; [section code]
096E    34 00                    1489          MOVE.W D0, D2  ; [section code]
0970    43 E9 00 00              1490          LEA 0(A1), A1  ; [section code]
0974    2F 0A                    1491          MOVE.L A2, -(SP)  ; [section code]
0976    30 02                    1492          MOVE.W D2, D0  ; [section code]
0978    32 05                    1493          MOVE.W D5, D1  ; [section code]
097A    45 ED 00 00              1494          LEA 0(A5), A2  ; [section code]
097E    61 00 02 12              1495          BSR.W tkpkg_pipeline_string_eq_ascii_casefold_v1  ; [section code]
0982    24 5F                    1496          MOVEA.L (SP)+, A2  ; [section code]
0984    4A 00                    1497          TST.B D0  ; [section code]
0986    66 00 00 0E              1498          BNE.W tkpkgPipelineVmFound  ; [section code]
----                             1499    ; [section code]
----                             1500  tkpkgPipelineVmSkipEntry  ; [section code]
098A    61 00 00 2A              1501          BSR.W tkpkg_pipeline_skip_tokenizer_vm_entry_v1  ; [section code]
098E    51 CF FF CE              1502          DBF D7, tkpkgPipelineVmLoop  ; [section code]
----                             1503    ; [section code]
----                             1504  tkpkgPipelineVmOwnerMissing  ; [section code]
0992    70 01                    1505          MOVEQ #1, D0  ; [section code]
0994    4E 75                    1506          RTS  ; [section code]
----                             1507    ; [section code]
----                             1508  tkpkgPipelineVmFound  ; [section code]
0996    61 00 00 1E              1509          BSR.W tkpkg_pipeline_skip_tokenizer_vm_entry_v1  ; [section code]
099A    47 F9 00 00 28 09        1510          LEA pendingTokenizerVmOffsetLo, A3  ; [section code]
09A0    43 EC 00 00              1511          LEA 0(A4), A1  ; [section code]
09A4    20 0A                    1512          MOVE.L A2, D0  ; [section code]
09A6    90 8C                    1513          SUB.L A4, D0  ; [section code]
09A8    61 00 01 12              1514          BSR.W tkpkg_pipeline_store_record_locator_v1  ; [section code]
09AC    13 C6 00 00 28 0D        1515          MOVE.B D6, pendingTokenizerVmOwnerTag  ; [section code]
09B2    70 00                    1516          MOVEQ #0, D0  ; [section code]
09B4    4E 75                    1517          RTS  ; [section code]
----                             1518    ; [section code]
----                             1519  tkpkg_pipeline_skip_tokenizer_vm_entry_v1  ; [section code]
09B6    54 4A                    1520          ADDQ.W #2, A2  ; [section code]
09B8    54 4A                    1521          ADDQ.W #2, A2  ; [section code]
09BA    61 00 01 C6              1522          BSR.W tkpkg_pipeline_read_u32_le_low16_v1  ; [section code]
09BE    3E 00                    1523          MOVE.W D0, D7  ; [section code]
09C0    45 EA 00 04              1524          LEA 4(A2), A2  ; [section code]
09C4    4A 47                    1525          TST.W D7  ; [section code]
09C6    67 08                    1526          BEQ.S tkpkgPipelineVmAfterOffsets  ; [section code]
09C8    53 47                    1527          SUBQ.W #1, D7  ; [section code]
----                             1528    ; [section code]
----                             1529  tkpkgPipelineVmOffsetLoop  ; [section code]
09CA    58 4A                    1530          ADDQ.W #4, A2  ; [section code]
09CC    51 CF FF FC              1531          DBF D7, tkpkgPipelineVmOffsetLoop  ; [section code]
----                             1532    ; [section code]
----                             1533  tkpkgPipelineVmAfterOffsets  ; [section code]
09D0    54 4A                    1534          ADDQ.W #2, A2  ; [section code]
09D2    52 4A                    1535          ADDQ.W #1, A2  ; [section code]
09D4    58 4A                    1536          ADDQ.W #4, A2  ; [section code]
09D6    58 4A                    1537          ADDQ.W #4, A2  ; [section code]
09D8    58 4A                    1538          ADDQ.W #4, A2  ; [section code]
09DA    58 4A                    1539          ADDQ.W #4, A2  ; [section code]
09DC    61 00 01 6A              1540          BSR.W tkpkg_pipeline_skip_string_v1  ; [section code]
09E0    61 00 01 66              1541          BSR.W tkpkg_pipeline_skip_string_v1  ; [section code]
09E4    61 00 01 62              1542          BSR.W tkpkg_pipeline_skip_string_v1  ; [section code]
09E8    61 00 01 5E              1543          BSR.W tkpkg_pipeline_skip_string_v1  ; [section code]
09EC    61 00 01 5A              1544          BSR.W tkpkg_pipeline_skip_string_v1  ; [section code]
09F0    61 00 01 56              1545          BSR.W tkpkg_pipeline_skip_string_v1  ; [section code]
09F4    61 00 01 8C              1546          BSR.W tkpkg_pipeline_read_u32_le_low16_v1  ; [section code]
09F8    45 F2 00 04              1547          LEA 4(A2, D0.W), A2  ; [section code]
09FC    4E 75                    1548          RTS  ; [section code]
----                             1549    ; [section code]
----                             1550  tkpkg_pipeline_commit_active_selection_v1  ; [section code]
09FE    47 F9 00 00 27 F4        1551          LEA pendingCpuOffsetLo, A3  ; [section code]
0A04    45 F9 00 00 26 38        1552          LEA activeCpuBuffer.L, A2  ; [section code]
0A0A    61 00 00 64              1553          BSR.W tkpkg_pipeline_copy_locator_to_buffer_v1  ; [section code]
0A0E    47 F9 00 00 27 F8        1554          LEA pendingDialectOffsetLo, A3  ; [section code]
0A14    45 F9 00 00 26 58        1555          LEA activeDialectBuffer.L, A2  ; [section code]
0A1A    61 00 00 54              1556          BSR.W tkpkg_pipeline_copy_locator_to_buffer_v1  ; [section code]
0A1E    47 F9 00 00 27 F0        1557          LEA pendingFamilyOffsetLo, A3  ; [section code]
0A24    45 F9 00 00 26 78        1558          LEA activeFamilyBuffer.L, A2  ; [section code]
0A2A    61 00 00 44              1559          BSR.W tkpkg_pipeline_copy_locator_to_buffer_v1  ; [section code]
0A2E    47 F9 00 00 28 04        1560          LEA pendingTokenPolicyOffsetLo, A3  ; [section code]
0A34    45 F9 00 00 26 98        1561          LEA activeTokenPolicyOffsetLo.L, A2  ; [section code]
0A3A    61 00 00 4A              1562          BSR.W tkpkg_pipeline_copy_record_locator_v1  ; [section code]
0A3E    10 39 00 00 28 08        1563          MOVE.B pendingTokenPolicyOwnerTag, D0  ; [section code]
0A44    13 C0 00 00 26 9C        1564          MOVE.B D0, activeTokenPolicyOwnerTag  ; [section code]
0A4A    47 F9 00 00 28 09        1565          LEA pendingTokenizerVmOffsetLo, A3  ; [section code]
0A50    45 F9 00 00 26 9D        1566          LEA activeTokenizerVmOffsetLo.L, A2  ; [section code]
0A56    61 00 00 2E              1567          BSR.W tkpkg_pipeline_copy_record_locator_v1  ; [section code]
0A5A    10 39 00 00 28 0D        1568          MOVE.B pendingTokenizerVmOwnerTag, D0  ; [section code]
0A60    13 C0 00 00 26 A1        1569          MOVE.B D0, activeTokenizerVmOwnerTag  ; [section code]
0A66    00 39 00 02 00 00 26 20  1570          ORI.B #PACKAGE_STATE_PIPELINE_ACTIVE, packageStateFlags  ; [section code]
0A6E    4E 75                    1571          RTS  ; [section code]
----                             1572    ; [section code]
----                             1573  tkpkg_pipeline_copy_locator_to_buffer_v1  ; [section code]
0A70    61 00 00 62              1574          BSR.W tkpkg_pipeline_read_locator_ptr_len_v1  ; [section code]
0A74    34 03                    1575          MOVE.W D3, D2  ; [section code]
0A76    4A 42                    1576          TST.W D2  ; [section code]
0A78    67 08                    1577          BEQ.S tkpkgPipelineCopyBufferDone  ; [section code]
0A7A    53 42                    1578          SUBQ.W #1, D2  ; [section code]
----                             1579    ; [section code]
----                             1580  tkpkgPipelineCopyBufferLoop  ; [section code]
0A7C    14 D9                    1581          MOVE.B (A1)+, (A2)+  ; [section code]
0A7E    51 CA FF FC              1582          DBF D2, tkpkgPipelineCopyBufferLoop  ; [section code]
----                             1583    ; [section code]
----                             1584  tkpkgPipelineCopyBufferDone  ; [section code]
0A82    42 12                    1585          CLR.B (A2)  ; [section code]
0A84    4E 75                    1586          RTS  ; [section code]
----                             1587    ; [section code]
----                             1588  tkpkg_pipeline_copy_record_locator_v1  ; [section code]
0A86    14 DB                    1589          MOVE.B (A3)+, (A2)+  ; [section code]
0A88    14 DB                    1590          MOVE.B (A3)+, (A2)+  ; [section code]
0A8A    14 DB                    1591          MOVE.B (A3)+, (A2)+  ; [section code]
0A8C    14 DB                    1592          MOVE.B (A3)+, (A2)+  ; [section code]
0A8E    4E 75                    1593          RTS  ; [section code]
----                             1594    ; [section code]
----                             1595  tkpkg_pipeline_store_package_string_locator_v1  ; [section code]
0A90    24 09                    1596          MOVE.L A1, D2  ; [section code]
0A92    4D F9 00 00 10 20        1597          LEA packageStorage, A6  ; [section code]
0A98    94 8E                    1598          SUB.L A6, D2  ; [section code]
0A9A    16 C2                    1599          MOVE.B D2, (A3)+  ; [section code]
0A9C    E0 4A                    1600          LSR.W #8, D2  ; [section code]
0A9E    16 C2                    1601          MOVE.B D2, (A3)+  ; [section code]
0AA0    16 C0                    1602          MOVE.B D0, (A3)+  ; [section code]
0AA2    E0 48                    1603          LSR.W #8, D0  ; [section code]
0AA4    16 C0                    1604          MOVE.B D0, (A3)+  ; [section code]
0AA6    4E 75                    1605          RTS  ; [section code]
----                             1606    ; [section code]
----                             1607  tkpkg_pipeline_store_optional_package_string_locator_v1  ; [section code]
0AA8    4A 40                    1608          TST.W D0  ; [section code]
0AAA    67 06                    1609          BEQ.S tkpkgPipelineClearOptionalLocator  ; [section code]
0AAC    61 00 FF E2              1610          BSR.W tkpkg_pipeline_store_package_string_locator_v1  ; [section code]
0AB0    4E 75                    1611          RTS  ; [section code]
----                             1612    ; [section code]
----                             1613  tkpkgPipelineClearOptionalLocator  ; [section code]
0AB2    42 1B                    1614          CLR.B (A3)+  ; [section code]
0AB4    42 1B                    1615          CLR.B (A3)+  ; [section code]
0AB6    42 1B                    1616          CLR.B (A3)+  ; [section code]
0AB8    42 13                    1617          CLR.B (A3)  ; [section code]
0ABA    4E 75                    1618          RTS  ; [section code]
----                             1619    ; [section code]
----                             1620  tkpkg_pipeline_store_record_locator_v1  ; [section code]
0ABC    24 09                    1621          MOVE.L A1, D2  ; [section code]
0ABE    4D F9 00 00 10 20        1622          LEA packageStorage, A6  ; [section code]
0AC4    94 8E                    1623          SUB.L A6, D2  ; [section code]
0AC6    16 C2                    1624          MOVE.B D2, (A3)+  ; [section code]
0AC8    E0 4A                    1625          LSR.W #8, D2  ; [section code]
0ACA    16 C2                    1626          MOVE.B D2, (A3)+  ; [section code]
0ACC    16 C0                    1627          MOVE.B D0, (A3)+  ; [section code]
0ACE    E0 48                    1628          LSR.W #8, D0  ; [section code]
0AD0    16 C0                    1629          MOVE.B D0, (A3)+  ; [section code]
0AD2    4E 75                    1630          RTS  ; [section code]
----                             1631    ; [section code]
----                             1632  tkpkg_pipeline_read_locator_ptr_len_v1  ; [section code]
0AD4    74 00                    1633          MOVEQ #0, D2  ; [section code]
0AD6    14 1B                    1634          MOVE.B (A3)+, D2  ; [section code]
0AD8    72 00                    1635          MOVEQ #0, D1  ; [section code]
0ADA    12 1B                    1636          MOVE.B (A3)+, D1  ; [section code]
0ADC    E1 49                    1637          LSL.W #8, D1  ; [section code]
0ADE    84 41                    1638          OR.W D1, D2  ; [section code]
0AE0    76 00                    1639          MOVEQ #0, D3  ; [section code]
0AE2    16 1B                    1640          MOVE.B (A3)+, D3  ; [section code]
0AE4    72 00                    1641          MOVEQ #0, D1  ; [section code]
0AE6    12 1B                    1642          MOVE.B (A3)+, D1  ; [section code]
0AE8    E1 49                    1643          LSL.W #8, D1  ; [section code]
0AEA    86 41                    1644          OR.W D1, D3  ; [section code]
0AEC    4D F9 00 00 10 20        1645          LEA packageStorage, A6  ; [section code]
0AF2    43 F6 20 00              1646          LEA 0(A6, D2.W), A1  ; [section code]
0AF6    4E 75                    1647          RTS  ; [section code]
----                             1648    ; [section code]
----                             1649  tkpkg_pipeline_read_request_locator_ptr_len_v1  ; [section code]
0AF8    74 00                    1650          MOVEQ #0, D2  ; [section code]
0AFA    14 1B                    1651          MOVE.B (A3)+, D2  ; [section code]
0AFC    72 00                    1652          MOVEQ #0, D1  ; [section code]
0AFE    12 1B                    1653          MOVE.B (A3)+, D1  ; [section code]
0B00    E1 49                    1654          LSL.W #8, D1  ; [section code]
0B02    84 41                    1655          OR.W D1, D2  ; [section code]
0B04    76 00                    1656          MOVEQ #0, D3  ; [section code]
0B06    16 1B                    1657          MOVE.B (A3)+, D3  ; [section code]
0B08    72 00                    1658          MOVEQ #0, D1  ; [section code]
0B0A    12 1B                    1659          MOVE.B (A3)+, D1  ; [section code]
0B0C    E1 49                    1660          LSL.W #8, D1  ; [section code]
0B0E    86 41                    1661          OR.W D1, D3  ; [section code]
0B10    43 F0 20 00              1662          LEA 0(A0, D2.W), A1  ; [section code]
0B14    4E 75                    1663          RTS  ; [section code]
----                             1664    ; [section code]
----                             1665  tkpkg_pipeline_chunk_ptr_from_locator_v1  ; [section code]
0B16    70 00                    1666          MOVEQ #0, D0  ; [section code]
0B18    10 1B                    1667          MOVE.B (A3)+, D0  ; [section code]
0B1A    72 00                    1668          MOVEQ #0, D1  ; [section code]
0B1C    12 1B                    1669          MOVE.B (A3)+, D1  ; [section code]
0B1E    E1 49                    1670          LSL.W #8, D1  ; [section code]
0B20    80 41                    1671          OR.W D1, D0  ; [section code]
0B22    7E 00                    1672          MOVEQ #0, D7  ; [section code]
0B24    1E 1B                    1673          MOVE.B (A3)+, D7  ; [section code]
0B26    72 00                    1674          MOVEQ #0, D1  ; [section code]
0B28    12 1B                    1675          MOVE.B (A3)+, D1  ; [section code]
0B2A    E1 49                    1676          LSL.W #8, D1  ; [section code]
0B2C    8E 41                    1677          OR.W D1, D7  ; [section code]
0B2E    4D F9 00 00 10 20        1678          LEA packageStorage, A6  ; [section code]
0B34    45 F6 00 00              1679          LEA 0(A6, D0.W), A2  ; [section code]
0B38    4E 75                    1680          RTS  ; [section code]
----                             1681    ; [section code]
----                             1682  tkpkg_pipeline_locate_string_v1  ; [section code]
0B3A    61 00 00 46              1683          BSR.W tkpkg_pipeline_read_u32_le_low16_v1  ; [section code]
0B3E    43 EA 00 04              1684          LEA 4(A2), A1  ; [section code]
0B42    45 F2 00 04              1685          LEA 4(A2, D0.W), A2  ; [section code]
0B46    4E 75                    1686          RTS  ; [section code]
----                             1687    ; [section code]
----                             1688  tkpkg_pipeline_skip_string_v1  ; [section code]
0B48    61 00 FF F0              1689          BSR.W tkpkg_pipeline_locate_string_v1  ; [section code]
0B4C    4E 75                    1690          RTS  ; [section code]
----                             1691    ; [section code]
----                             1692  tkpkg_pipeline_locate_optional_string_v1  ; [section code]
0B4E    12 1A                    1693          MOVE.B (A2)+, D1  ; [section code]
0B50    67 06                    1694          BEQ.S tkpkgPipelineOptionalNone  ; [section code]
0B52    61 00 FF E6              1695          BSR.W tkpkg_pipeline_locate_string_v1  ; [section code]
0B56    4E 75                    1696          RTS  ; [section code]
----                             1697    ; [section code]
----                             1698  tkpkgPipelineOptionalNone  ; [section code]
0B58    70 00                    1699          MOVEQ #0, D0  ; [section code]
0B5A    22 40                    1700          MOVEA.L D0, A1  ; [section code]
0B5C    4E 75                    1701          RTS  ; [section code]
----                             1702    ; [section code]
----                             1703  tkpkg_pipeline_skip_optional_string_v1  ; [section code]
0B5E    61 00 FF EE              1704          BSR.W tkpkg_pipeline_locate_optional_string_v1  ; [section code]
0B62    4E 75                    1705          RTS  ; [section code]
----                             1706    ; [section code]
----                             1707  tkpkg_pipeline_skip_optional_string_list_v1  ; [section code]
0B64    12 1A                    1708          MOVE.B (A2)+, D1  ; [section code]
0B66    67 18                    1709          BEQ.S tkpkgPipelineSkipListDone  ; [section code]
0B68    61 00 00 18              1710          BSR.W tkpkg_pipeline_read_u32_le_low16_v1  ; [section code]
0B6C    3E 00                    1711          MOVE.W D0, D7  ; [section code]
0B6E    45 EA 00 04              1712          LEA 4(A2), A2  ; [section code]
0B72    4A 47                    1713          TST.W D7  ; [section code]
0B74    67 0A                    1714          BEQ.S tkpkgPipelineSkipListDone  ; [section code]
0B76    53 47                    1715          SUBQ.W #1, D7  ; [section code]
----                             1716    ; [section code]
----                             1717  tkpkgPipelineSkipListLoop  ; [section code]
0B78    61 00 FF CE              1718          BSR.W tkpkg_pipeline_skip_string_v1  ; [section code]
0B7C    51 CF FF FA              1719          DBF D7, tkpkgPipelineSkipListLoop  ; [section code]
----                             1720    ; [section code]
----                             1721  tkpkgPipelineSkipListDone  ; [section code]
0B80    4E 75                    1722          RTS  ; [section code]
----                             1723    ; [section code]
----                             1724  tkpkg_pipeline_read_u32_le_low16_v1  ; [section code]
0B82    70 00                    1725          MOVEQ #0, D0  ; [section code]
0B84    10 12                    1726          MOVE.B (A2), D0  ; [section code]
0B86    72 00                    1727          MOVEQ #0, D1  ; [section code]
0B88    12 2A 00 01              1728          MOVE.B 1(A2), D1  ; [section code]
0B8C    E1 49                    1729          LSL.W #8, D1  ; [section code]
0B8E    80 41                    1730          OR.W D1, D0  ; [section code]
0B90    4E 75                    1731          RTS  ; [section code]
----                             1732    ; [section code]
----                             1733  tkpkg_pipeline_string_eq_ascii_casefold_v1  ; [section code]
0B92    B0 41                    1734          CMP.W D1, D0  ; [section code]
0B94    66 2A                    1735          BNE.S tkpkgPipelineStringNoMatch  ; [section code]
0B96    38 00                    1736          MOVE.W D0, D4  ; [section code]
0B98    4A 44                    1737          TST.W D4  ; [section code]
0B9A    67 20                    1738          BEQ.S tkpkgPipelineStringMatch  ; [section code]
0B9C    53 44                    1739          SUBQ.W #1, D4  ; [section code]
----                             1740    ; [section code]
----                             1741  tkpkgPipelineStringLoop  ; [section code]
0B9E    74 00                    1742          MOVEQ #0, D2  ; [section code]
0BA0    14 19                    1743          MOVE.B (A1)+, D2  ; [section code]
0BA2    76 00                    1744          MOVEQ #0, D3  ; [section code]
0BA4    16 1A                    1745          MOVE.B (A2)+, D3  ; [section code]
0BA6    10 02                    1746          MOVE.B D2, D0  ; [section code]
0BA8    61 00 00 1A              1747          BSR.W tkpkg_pipeline_fold_ascii_lower_v1  ; [section code]
0BAC    14 00                    1748          MOVE.B D0, D2  ; [section code]
0BAE    10 03                    1749          MOVE.B D3, D0  ; [section code]
0BB0    61 00 00 12              1750          BSR.W tkpkg_pipeline_fold_ascii_lower_v1  ; [section code]
0BB4    B4 00                    1751          CMP.B D0, D2  ; [section code]
0BB6    66 08                    1752          BNE.S tkpkgPipelineStringNoMatch  ; [section code]
0BB8    51 CC FF E4              1753          DBF D4, tkpkgPipelineStringLoop  ; [section code]
----                             1754    ; [section code]
----                             1755  tkpkgPipelineStringMatch  ; [section code]
0BBC    70 01                    1756          MOVEQ #1, D0  ; [section code]
0BBE    4E 75                    1757          RTS  ; [section code]
----                             1758    ; [section code]
----                             1759  tkpkgPipelineStringNoMatch  ; [section code]
0BC0    70 00                    1760          MOVEQ #0, D0  ; [section code]
0BC2    4E 75                    1761          RTS  ; [section code]
----                             1762    ; [section code]
----                             1763  tkpkg_pipeline_fold_ascii_lower_v1  ; [section code]
0BC4    0C 00 00 41              1764          CMPI.B #'A', D0  ; [section code]
0BC8    65 0A                    1765          BLO.S tkpkgPipelineFoldDone  ; [section code]
0BCA    0C 00 00 5A              1766          CMPI.B #'Z', D0  ; [section code]
0BCE    62 04                    1767          BHI.S tkpkgPipelineFoldDone  ; [section code]
0BD0    00 00 00 20              1768          ORI.B #$20, D0  ; [section code]
----                             1769    ; [section code]
----                             1770  tkpkgPipelineFoldDone  ; [section code]
0BD4    4E 75                    1771          RTS  ; [section code]
----                             1772    ; [section code]
----                             1773  tkpkg_pipeline_placeholder  ; [section code]
0BD6    4E 75                    1774          RTS  ; [section code]
----                             1775    ; [section code]
----                             1776          .endsection
----                             1777          .endmodule
----                             1778          .module tokvm.amigaos.tokenizer_vm
----                             1779          .cpu 68020
----                             1780          .pub
----                             1781  
----                             1782  ; Positive VM statuses mirror the native tokenization result contract.
----    EQU 0000                 1783  TK_STATUS_SUCCESS               = 0
----    EQU 0001                 1784  TK_STATUS_NEWLINE_UNSUPPORTED   = 1
----    EQU 0002                 1785  TK_STATUS_TOKEN_OVERFLOW        = 2
----    EQU 0003                 1786  TK_STATUS_LEXEME_OVERFLOW       = 3
----    EQU 0004                 1787  TK_STATUS_VM_FAILURE            = 4
----    EQU 0005                 1788  TK_STATUS_INVALID_ARGUMENT      = 5
----    EQU 0006                 1789  TK_STATUS_INVALID_PROGRAM       = 6
----    EQU 0007                 1790  TK_STATUS_STEP_LIMIT_EXCEEDED   = 7
----                             1791  
----    EQU 0000                 1792  TK_VM_FAILURE_KIND_NONE         = 0
----    EQU 0001                 1793  TK_VM_FAILURE_KIND_FAIL         = 1
----    EQU 0002                 1794  TK_VM_FAILURE_KIND_EMIT_DIAG    = 2
----                             1795  
----                             1796  ; Opcode values intentionally match crate::package::TokenizerVmOpcode in
----                             1797  ; crates/opforge-package/src/package.rs.
----    EQU 0000                 1798  TK_OPCODE_END                   = 0
----    EQU 0001                 1799  TK_OPCODE_READ_CHAR             = 1
----    EQU 0002                 1800  TK_OPCODE_ADVANCE               = 2
----    EQU 0003                 1801  TK_OPCODE_START_LEXEME          = 3
----    EQU 0004                 1802  TK_OPCODE_PUSH_CHAR             = 4
----    EQU 0005                 1803  TK_OPCODE_EMIT_TOKEN            = 5
----    EQU 0006                 1804  TK_OPCODE_SET_STATE             = 6
----    EQU 0007                 1805  TK_OPCODE_JUMP                  = 7
----    EQU 0008                 1806  TK_OPCODE_JUMP_IF_EOL           = 8
----    EQU 0009                 1807  TK_OPCODE_JUMP_IF_BYTE_EQ       = 9
----    EQU 000A                 1808  TK_OPCODE_JUMP_IF_CLASS         = 10
----    EQU 000B                 1809  TK_OPCODE_FAIL                  = 11
----    EQU 000C                 1810  TK_OPCODE_EMIT_DIAG             = 12
----    EQU 000E                 1811  TK_OPCODE_SCAN_CORE             = 14
----    EQU 000F                 1812  TK_OPCODE_SCAN_IDENTIFIER       = 15
----    EQU 0010                 1813  TK_OPCODE_SCAN_NUMBER           = 16
----    EQU 0011                 1814  TK_OPCODE_SCAN_STRING           = 17
----    EQU 0012                 1815  TK_OPCODE_SCAN_SYMBOL           = 18
----                             1816  
----                             1817  ; Token kind values are the compact on-wire/native record encoding used by the
----                             1818  ; report writer and matched back to PortableTokenKind on the Rust side.
----    EQU 0000                 1819  TK_KIND_IDENTIFIER              = 0
----    EQU 0002                 1820  TK_KIND_NUMBER                  = 2
----    EQU 0003                 1821  TK_KIND_STRING                  = 3
----    EQU 0004                 1822  TK_KIND_COMMA                   = 4
----    EQU 0005                 1823  TK_KIND_COLON                   = 5
----    EQU 0006                 1824  TK_KIND_DOLLAR                  = 6
----    EQU 0007                 1825  TK_KIND_DOT                     = 7
----    EQU 0008                 1826  TK_KIND_HASH                    = 8
----    EQU 0009                 1827  TK_KIND_QUESTION                = 9
----    EQU 000A                 1828  TK_KIND_OPEN_BRACKET            = 10
----    EQU 000B                 1829  TK_KIND_CLOSE_BRACKET           = 11
----    EQU 000C                 1830  TK_KIND_OPEN_BRACE              = 12
----    EQU 000D                 1831  TK_KIND_CLOSE_BRACE             = 13
----    EQU 000E                 1832  TK_KIND_OPEN_PAREN              = 14
----    EQU 000F                 1833  TK_KIND_CLOSE_PAREN             = 15
----    EQU 0010                 1834  TK_KIND_OP_RANGE                = 16
----    EQU 0011                 1835  TK_KIND_OP_RANGE_INCLUSIVE      = 17
----    EQU 0012                 1836  TK_KIND_OP_PLUS                 = 18
----    EQU 0013                 1837  TK_KIND_OP_MINUS                = 19
----    EQU 0014                 1838  TK_KIND_OP_MULTIPLY             = 20
----    EQU 0015                 1839  TK_KIND_OP_POWER                = 21
----    EQU 0016                 1840  TK_KIND_OP_DIVIDE               = 22
----    EQU 0017                 1841  TK_KIND_OP_MOD                  = 23
----    EQU 0018                 1842  TK_KIND_OP_SHL                  = 24
----    EQU 0019                 1843  TK_KIND_OP_SHR                  = 25
----    EQU 001A                 1844  TK_KIND_OP_BIT_NOT              = 26
----    EQU 001B                 1845  TK_KIND_OP_LOGIC_NOT            = 27
----    EQU 001C                 1846  TK_KIND_OP_BIT_AND              = 28
----    EQU 001D                 1847  TK_KIND_OP_BIT_OR               = 29
----    EQU 001E                 1848  TK_KIND_OP_BIT_XOR              = 30
----    EQU 001F                 1849  TK_KIND_OP_LOGIC_AND            = 31
----    EQU 0020                 1850  TK_KIND_OP_LOGIC_OR             = 32
----    EQU 0021                 1851  TK_KIND_OP_LOGIC_XOR            = 33
----    EQU 0022                 1852  TK_KIND_OP_EQ                   = 34
----    EQU 0023                 1853  TK_KIND_OP_NE                   = 35
----    EQU 0024                 1854  TK_KIND_OP_GE                   = 36
----    EQU 0025                 1855  TK_KIND_OP_GT                   = 37
----    EQU 0026                 1856  TK_KIND_OP_LE                   = 38
----    EQU 0027                 1857  TK_KIND_OP_LT                   = 39
----                             1858  
----                             1859  ; The default demo program currently uses only the same first five character
----                             1860  ; classes consumed by vm_char_class_matches in tokenizer_runtime_utils.rs.
----    EQU 0001                 1861  TK_CLASS_WHITESPACE             = 1
----    EQU 0002                 1862  TK_CLASS_IDENTIFIER_START       = 2
----    EQU 0003                 1863  TK_CLASS_IDENTIFIER_CONTINUE    = 3
----    EQU 0004                 1864  TK_CLASS_DIGIT                  = 4
----    EQU 0005                 1865  TK_CLASS_QUOTE                  = 5
----                             1866  
----                             1867  ; Program-counter labels for demoProgram. These offsets intentionally match the
----                             1868  ; little-endian jump targets emitted by the Rust builder default loop.
----    EQU 0000                 1869  DEMO_PC_READ_CHAR               = 0
----    EQU 0024                 1870  DEMO_PC_SCAN_SYMBOL             = 36
----    EQU 002A                 1871  DEMO_PC_SKIP_WHITESPACE         = 42
----    EQU 0030                 1872  DEMO_PC_SCAN_IDENTIFIER         = 48
----    EQU 0036                 1873  DEMO_PC_SCAN_NUMBER             = 54
----    EQU 003C                 1874  DEMO_PC_SCAN_STRING             = 60
----    EQU 0042                 1875  DEMO_PC_FINISH                  = 66
----                             1876  
----    EQU 0014                 1877  TOKEN_RECORD_SIZE               = 20
----    EQU 0400                 1878  SOURCE_BUFFER_CAPACITY          = 1024
----    EQU 0040                 1879  TOKEN_BUFFER_CAPACITY           = 64
----    EQU 0400                 1880  SCRATCH_BUFFER_CAPACITY         = 1024
----    EQU 0800                 1881  TOKVM_DEFAULT_MAX_STEPS_PER_LINE = 2048
----                             1882  
----                             1883  ; The fixed capacities above intentionally match the AmigaOS host harness so the
----                             1884  ; native VM and the CLI/report layer agree on how much source, token, and scratch
----                             1885  ; state can be exchanged without any additional negotiation structure.
----                             1886  
----                             1887  ; tokvm_run_68000 local frame layout.
----                             1888  ;
----                             1889  ; Call ABI:
----                             1890  ; - A0 / D0: source buffer pointer and source byte length
----                             1891  ; - A1 / D1: token buffer pointer and token capacity in records
----                             1892  ; - A2 / D2: scratch buffer pointer and scratch capacity in bytes
----                             1893  ; - A3 / D3: tokenizer bytecode pointer and program length in bytes
----                             1894  ;
----                             1895  ; Return ABI:
----                             1896  ; - D0: TK_STATUS_*
----                             1897  ; - D1: emitted token count
----                             1898  ; - D2: final source cursor
----                             1899  ; - D3: scratch bytes committed into lexemeScratch
----    EQU 0000                 1900  LOCAL_CURRENT_BYTE              = 0
----    EQU 0004                 1901  LOCAL_PENDING_KIND              = 4
----    EQU 0008                 1902  LOCAL_PENDING_START             = 8
----    EQU 000C                 1903  LOCAL_PENDING_END               = 12
----    EQU 0010                 1904  LOCAL_PENDING_LEX_LEN           = 16
----    EQU 0014                 1905  LOCAL_TEMP_U32                  = 20
----    EQU 0018                 1906  LOCAL_PROGRAM_COUNTER           = 24
----    EQU 001C                 1907  LOCAL_STEP_COUNT                = 28
----    EQU 0020                 1908  LOCAL_STEP_LIMIT                = 32
----    EQU 0024                 1909  LOCAL_SIZE                      = 36
----                             1910  
----                             1911          .section data, kind=data  ; [section data]
----                             1912    ; [section data]
----                             1913  tokvmStepBudget  ; [section data]
024D    00 00 08 00              1914          .long TOKVM_DEFAULT_MAX_STEPS_PER_LINE  ; [section data]
----                             1915    ; [section data]
----                             1916  demoStateEntryOffsets  ; [section data]
0251    00 00 00 00              1917          .long DEMO_PC_READ_CHAR  ; [section data]
----                             1918    ; [section data]
----                             1919  tokvmProgramStateTablePtr  ; [section data]
0255    00 00 02 51              1920          .long demoStateEntryOffsets  ; [section data]
----                             1921    ; [section data]
----                             1922  tokvmProgramStateCount  ; [section data]
0259    00 00 00 01              1923          .long 1  ; [section data]
----                             1924    ; [section data]
----                             1925  tokvmProgramStartState  ; [section data]
025D    00 00                    1926          .word 0  ; [section data]
----                             1927    ; [section data]
----                             1928  tokvmLastFailureKind  ; [section data]
025F    00 00                    1929          .word 0  ; [section data]
----                             1930    ; [section data]
----                             1931  tokvmLastFailureOperand  ; [section data]
0261    00 00                    1932          .word 0  ; [section data]
----                             1933    ; [section data]
----                             1934          .endsection
----                             1935  
----                             1936          .section code, kind=code  ; [section code]
----                             1937    ; [section code]
----                             1938  ; ---------------------------------------------------------------------------  ; [section code]
----                             1939  ; Native tokenizer VM interpreter.  ; [section code]
----                             1940  ;  ; [section code]
----                             1941  ; This interpreter executes the tokenizer bytecode against one line-buffer-backed  ; [section code]
----                             1942  ; input stream. Its control flow mirrors the Rust tokenizer VM loop in  ; [section code]
----                             1943  ; crates/opforge-vm/src/runtime_model_core.rs:  ; [section code]
----                             1944  ; - validate arguments and stream constraints  ; [section code]
----                             1945  ; - keep source cursor in D2 and program counter in A0  ; [section code]
----                             1946  ; - decode opcodes from the bytecode stream in A3..A3+D7  ; [section code]
----                             1947  ; - dispatch scan/predicate helpers that mirror tokenizer_runtime_utils.rs  ; [section code]
----                             1948  ; - emit compact native token records into the caller-provided token buffer  ; [section code]
----                             1949  ; ---------------------------------------------------------------------------  ; [section code]
----                             1950    ; [section code]
----                             1951  tokvm_set_step_budget_68000  ; [section code]
0BD8    4A 80                    1952          TST.L D0  ; [section code]
0BDA    6E 06                    1953          BGT.S tokvmSetStepBudgetStore  ; [section code]
0BDC    20 3C 00 00 08 00        1954          MOVE.L #TOKVM_DEFAULT_MAX_STEPS_PER_LINE, D0  ; [section code]
----                             1955  tokvmSetStepBudgetStore  ; [section code]
0BE2    23 C0 00 00 02 4D        1956          MOVE.L D0, tokvmStepBudget  ; [section code]
0BE8    4E 75                    1957          RTS  ; [section code]
----                             1958    ; [section code]
----                             1959  tokvm_set_program_state_table_68000  ; [section code]
0BEA    4A 80                    1960          TST.L D0  ; [section code]
0BEC    6E 0A                    1961          BGT.S tokvmSetProgramStateStore  ; [section code]
0BEE    41 F9 00 00 02 51        1962          LEA demoStateEntryOffsets, A0  ; [section code]
0BF4    70 01                    1963          MOVEQ #1, D0  ; [section code]
0BF6    72 00                    1964          MOVEQ #0, D1  ; [section code]
----                             1965  tokvmSetProgramStateStore  ; [section code]
0BF8    23 C8 00 00 02 55        1966          MOVE.L A0, tokvmProgramStateTablePtr  ; [section code]
0BFE    23 C0 00 00 02 59        1967          MOVE.L D0, tokvmProgramStateCount  ; [section code]
0C04    33 C1 00 00 02 5D        1968          MOVE.W D1, tokvmProgramStartState  ; [section code]
0C0A    4E 75                    1969          RTS  ; [section code]
----                             1970    ; [section code]
----                             1971  tokvm_read_last_failure_68000  ; [section code]
0C0C    70 00                    1972          MOVEQ #0, D0  ; [section code]
0C0E    30 39 00 00 02 5F        1973          MOVE.W tokvmLastFailureKind, D0  ; [section code]
0C14    72 00                    1974          MOVEQ #0, D1  ; [section code]
0C16    32 39 00 00 02 61        1975          MOVE.W tokvmLastFailureOperand, D1  ; [section code]
0C1C    4E 75                    1976          RTS  ; [section code]
----                             1977    ; [section code]
----                             1978  tokvm_run_68000  ; [section code]
0C1E    48 E7 0F 0E              1979          MOVEM.L D4-D7/A4-A6, -(SP)  ; [section code]
0C22    2C 4A                    1980          MOVEA.L A2, A6  ; preserve scratch base separately so A2 can become the interpreter-local frame pointer  ; [section code]
0C24    28 48                    1981          MOVEA.L A0, A4  ; source bytes base, equivalent to VmTokenizerInputStream.bytes  ; [section code]
0C26    2A 49                    1982          MOVEA.L A1, A5  ; token record output base  ; [section code]
0C28    28 00                    1983          MOVE.L D0, D4  ; source byte length / maximum cursor  ; [section code]
0C2A    2A 01                    1984          MOVE.L D1, D5  ; token capacity in 20-byte records  ; [section code]
0C2C    2C 02                    1985          MOVE.L D2, D6  ; scratch capacity in bytes  ; [section code]
0C2E    2E 03                    1986          MOVE.L D3, D7  ; bytecode length in bytes  ; [section code]
0C30    9F FC 00 00 00 24        1987          SUBA.L #LOCAL_SIZE, SP  ; local spill area for pending token metadata and saved PC  ; [section code]
0C36    45 EF 00 00              1988          LEA 0(SP), A2  ; A2 now points at LOCAL_* slots for the duration of interpretation  ; [section code]
----                             1989    ; [section code]
0C3A    42 81                    1990          CLR.L D1  ; emitted token count starts at 0  ; [section code]
0C3C    42 82                    1991          CLR.L D2  ; source cursor starts at column 1 / byte 0  ; [section code]
0C3E    42 83                    1992          CLR.L D3  ; scratch bytes committed starts at 0  ; [section code]
0C40    42 AA 00 1C              1993          CLR.L LOCAL_STEP_COUNT(A2)  ; [section code]
0C44    20 39 00 00 02 4D        1994          MOVE.L tokvmStepBudget, D0  ; [section code]
0C4A    25 40 00 20              1995          MOVE.L D0, LOCAL_STEP_LIMIT(A2)  ; [section code]
0C4E    70 FF                    1996          MOVEQ #-1, D0  ; sentinel current byte = EOF until ReadChar runs  ; [section code]
0C50    25 40 00 00              1997          MOVE.L D0, LOCAL_CURRENT_BYTE(A2)  ; [section code]
0C54    42 79 00 00 02 5F        1998          CLR.W tokvmLastFailureKind  ; [section code]
0C5A    42 79 00 00 02 61        1999          CLR.W tokvmLastFailureOperand  ; [section code]
----                             2000    ; [section code]
0C60    4A 84                    2001          TST.L D4  ; reject negative lengths/capacities before dereferencing any caller pointers  ; [section code]
0C62    6B 00 04 34              2002          BMI tokvmInvalidArgument  ; [section code]
0C66    4A 85                    2003          TST.L D5  ; [section code]
0C68    6B 00 04 2E              2004          BMI tokvmInvalidArgument  ; [section code]
0C6C    4A 86                    2005          TST.L D6  ; [section code]
0C6E    6B 00 04 28              2006          BMI tokvmInvalidArgument  ; [section code]
0C72    4A 87                    2007          TST.L D7  ; [section code]
0C74    6B 00 04 22              2008          BMI tokvmInvalidArgument  ; [section code]
----                             2009    ; [section code]
0C78    4A 84                    2010          TST.L D4  ; non-empty source requires a non-null source pointer  ; [section code]
0C7A    67 00 00 0A              2011          BEQ tokvmCheckTokenPointer  ; [section code]
0C7E    20 0C                    2012          MOVE.L A4, D0  ; [section code]
0C80    4A 80                    2013          TST.L D0  ; [section code]
0C82    67 00 04 14              2014          BEQ tokvmInvalidArgument  ; [section code]
----                             2015    ; [section code]
----                             2016  tokvmCheckTokenPointer  ; [section code]
0C86    4A 85                    2017          TST.L D5  ; non-zero token capacity requires a writable token buffer  ; [section code]
0C88    67 00 00 0A              2018          BEQ tokvmCheckScratchPointer  ; [section code]
0C8C    20 0D                    2019          MOVE.L A5, D0  ; [section code]
0C8E    4A 80                    2020          TST.L D0  ; [section code]
0C90    67 00 04 06              2021          BEQ tokvmInvalidArgument  ; [section code]
----                             2022    ; [section code]
----                             2023  tokvmCheckScratchPointer  ; [section code]
0C94    4A 86                    2024          TST.L D6  ; non-zero scratch capacity requires a writable scratch buffer  ; [section code]
0C96    67 00 00 0A              2025          BEQ tokvmCheckProgramPointer  ; [section code]
0C9A    20 0E                    2026          MOVE.L A6, D0  ; [section code]
0C9C    4A 80                    2027          TST.L D0  ; [section code]
0C9E    67 00 03 F8              2028          BEQ tokvmInvalidArgument  ; [section code]
----                             2029    ; [section code]
----                             2030  tokvmCheckProgramPointer  ; [section code]
0CA2    4A 87                    2031          TST.L D7  ; bytecode length 0 cannot encode a valid tokenizer program  ; [section code]
0CA4    67 00 04 0A              2032          BEQ tokvmInvalidProgramAtCursor  ; [section code]
0CA8    20 0B                    2033          MOVE.L A3, D0  ; [section code]
0CAA    4A 80                    2034          TST.L D0  ; [section code]
0CAC    67 00 03 EA              2035          BEQ tokvmInvalidArgument  ; [section code]
----                             2036    ; [section code]
0CB0    70 00                    2037          MOVEQ #0, D0  ; proactively reject CR/LF because this slice models one line-input stream only  ; [section code]
----                             2038  tokvmNewlineScanLoop  ; [section code]
0CB2    B0 84                    2039          CMP.L D4, D0  ; [section code]
0CB4    64 00 00 24              2040          BCC tokvmNewlineScanDone  ; [section code]
0CB8    0C 34 00 0A 08 00        2041          CMPI.B #10, 0(A4, D0.L)  ; [section code]
0CBE    67 00 00 12              2042          BEQ tokvmNewlineUnsupported  ; [section code]
0CC2    0C 34 00 0D 08 00        2043          CMPI.B #13, 0(A4, D0.L)  ; [section code]
0CC8    67 00 00 08              2044          BEQ tokvmNewlineUnsupported  ; [section code]
0CCC    52 80                    2045          ADDQ.L #1, D0  ; [section code]
0CCE    60 00 FF E2              2046          BRA tokvmNewlineScanLoop  ; [section code]
----                             2047    ; [section code]
----                             2048  tokvmNewlineUnsupported  ; [section code]
0CD2    24 00                    2049          MOVE.L D0, D2  ; [section code]
0CD4    70 01                    2050          MOVEQ #TK_STATUS_NEWLINE_UNSUPPORTED, D0  ; [section code]
0CD6    60 00 03 DA              2051          BRA tokvmReturn  ; [section code]
----                             2052    ; [section code]
----                             2053  tokvmNewlineScanDone  ; [section code]
0CDA    70 00                    2054          MOVEQ #0, D0  ; [section code]
0CDC    30 39 00 00 02 5D        2055          MOVE.W tokvmProgramStartState, D0  ; [section code]
0CE2    B0 B9 00 00 02 59        2056          CMP.L tokvmProgramStateCount, D0  ; [section code]
0CE8    64 00 03 C6              2057          BCC tokvmInvalidProgramAtCursor  ; [section code]
0CEC    22 39 00 00 02 55        2058          MOVE.L tokvmProgramStateTablePtr, D1  ; [section code]
0CF2    4A 81                    2059          TST.L D1  ; [section code]
0CF4    67 00 03 BA              2060          BEQ tokvmInvalidProgramAtCursor  ; [section code]
0CF8    22 41                    2061          MOVEA.L D1, A1  ; [section code]
0CFA    20 31 0D 20 00 00        2062          MOVE.L 0.W(A1, D0.L*4), D0  ; [section code]
0D00    B0 87                    2063          CMP.L D7, D0  ; [section code]
0D02    62 00 03 AC              2064          BHI tokvmInvalidProgramAtCursor  ; [section code]
0D06    41 F3 08 00              2065          LEA 0(A3, D0.L), A0  ; [section code]
0D0A    43 F3 78 00              2066          LEA 0(A3, D7.L), A1  ; [section code]
0D0E    42 81                    2067          CLR.L D1  ; token count must still enter the first loop iteration as 0  ; [section code]
----                             2068    ; [section code]
----                             2069  ; Main bytecode dispatch loop.  ; [section code]
----                             2070  ; A0 is the native program counter, A1 is the bytecode end pointer, D2 is the  ; [section code]
----                             2071  ; source cursor, and LOCAL_CURRENT_BYTE stores the last ReadChar result. This  ; [section code]
----                             2072  ; corresponds directly to the Rust match over TokenizerVmOpcode.  ; [section code]
----                             2073  tokvmProgramLoop  ; [section code]
0D10    20 2A 00 1C              2074          MOVE.L LOCAL_STEP_COUNT(A2), D0  ; [section code]
0D14    52 80                    2075          ADDQ.L #1, D0  ; [section code]
0D16    25 40 00 1C              2076          MOVE.L D0, LOCAL_STEP_COUNT(A2)  ; [section code]
0D1A    B0 AA 00 20              2077          CMP.L LOCAL_STEP_LIMIT(A2), D0  ; [section code]
0D1E    62 00 03 8A              2078          BHI tokvmStepLimitExceeded  ; [section code]
0D22    43 F3 78 00              2079          LEA 0(A3, D7.L), A1  ; [section code]
0D26    B4 84                    2080          CMP.L D4, D2  ; [section code]
0D28    62 00 03 86              2081          BHI tokvmInvalidProgramAtCursor  ; [section code]
0D2C    B1 C9                    2082          CMPA.L A1, A0  ; [section code]
0D2E    64 00 03 80              2083          BCC tokvmInvalidProgramAtCursor  ; [section code]
----                             2084    ; [section code]
----                             2085  tokvmProgramLoopDispatchOpcode  ; [section code]
0D32    70 00                    2086          MOVEQ #0, D0  ; [section code]
0D34    10 18                    2087          MOVE.B (A0)+, D0  ; [section code]
----                             2088    ; [section code]
----                             2089          ; The native slice only implements opcode values 0..18.  ; [section code]
----                             2090          ; Unsupported shared VM slots still get explicit table entries so the  ; [section code]
----                             2091          ; opcode-to-handler mapping stays visible and future additions stay local.  ; [section code]
0D36    0C 00 00 12              2092          CMPI.B #TK_OPCODE_SCAN_SYMBOL, D0  ; [section code]
0D3A    62 00 03 74              2093          BHI tokvmInvalidProgramAtCursor  ; [section code]
0D3E    D0 40                    2094          ADD.W D0, D0  ; [section code]
0D40    D0 40                    2095          ADD.W D0, D0  ; [section code]
0D42    43 FA 00 08              2096          LEA tokvmOpcodeDispatchTable(PC), A1  ; [section code]
0D46    22 71 00 00              2097          MOVEA.L 0(A1, D0.W), A1  ; [section code]
0D4A    4E D1                    2098          JMP (A1)  ; [section code]
----                             2099    ; [section code]
----                             2100  tokvmOpcodeDispatchTable  ; [section code]
0D4C    00 00 0D 98              2101          .long tokvmOpcodeEnd  ; [section code]
0D50    00 00 0D A4              2102          .long tokvmOpcodeReadChar  ; [section code]
0D54    00 00 0D BE              2103          .long tokvmOpcodeAdvance  ; [section code]
0D58    00 00 0D CA              2104          .long tokvmOpcodeStartLexeme  ; [section code]
0D5C    00 00 0D DA              2105          .long tokvmOpcodePushChar  ; [section code]
0D60    00 00 0E 0E              2106          .long tokvmOpcodeEmitToken  ; [section code]
0D64    00 00 0E 30              2107          .long tokvmOpcodeSetState  ; [section code]
0D68    00 00 0E C0              2108          .long tokvmOpcodeJump  ; [section code]
0D6C    00 00 0E E8              2109          .long tokvmOpcodeJumpIfEol  ; [section code]
0D70    00 00 0F 16              2110          .long tokvmOpcodeJumpIfByteEq  ; [section code]
0D74    00 00 0F 60              2111          .long tokvmOpcodeJumpIfClass  ; [section code]
0D78    00 00 0E 7C              2112          .long tokvmOpcodeFail  ; [section code]
0D7C    00 00 0E 9E              2113          .long tokvmOpcodeEmitDiag  ; [section code]
0D80    00 00 10 B0              2114          .long tokvmInvalidProgramAtCursor  ; [section code]
0D84    00 00 10 B0              2115          .long tokvmInvalidProgramAtCursor  ; [section code]
0D88    00 00 10 38              2116          .long tokvmOpcodeScanIdentifier  ; [section code]
0D8C    00 00 10 50              2117          .long tokvmOpcodeScanNumber  ; [section code]
0D90    00 00 10 68              2118          .long tokvmOpcodeScanString  ; [section code]
0D94    00 00 10 80              2119          .long tokvmOpcodeScanSymbol  ; [section code]
----                             2120    ; [section code]
----                             2121  tokvmOpcodeEnd  ; [section code]
0D98    B4 84                    2122          CMP.L D4, D2  ; Rust runtime also only accepts END when the source cursor is at EOL  ; [section code]
0D9A    66 00 03 14              2123          BNE tokvmInvalidProgramAtCursor  ; [section code]
0D9E    70 00                    2124          MOVEQ #TK_STATUS_SUCCESS, D0  ; [section code]
0DA0    60 00 03 10              2125          BRA tokvmReturn  ; [section code]
----                             2126    ; [section code]
----                             2127          ; ReadChar mirrors VmTokenizerInputStream.current_byte(): live bytes are zero-extended  ; [section code]
----                             2128          ; into D0 and only EOF uses the -1 sentinel stored in LOCAL_CURRENT_BYTE.  ; [section code]
----                             2129  tokvmOpcodeReadChar  ; [section code]
0DA4    70 00                    2130          MOVEQ #0, D0  ; [section code]
0DA6    B4 84                    2131          CMP.L D4, D2  ; [section code]
0DA8    64 00 00 0A              2132          BCC tokvmStoreEofByte  ; [section code]
0DAC    10 34 28 00              2133          MOVE.B 0(A4, D2.L), D0  ; [section code]
0DB0    60 00 00 04              2134          BRA tokvmStoreCurrentByte  ; [section code]
----                             2135  tokvmStoreEofByte  ; [section code]
0DB4    70 FF                    2136          MOVEQ #-1, D0  ; [section code]
----                             2137  tokvmStoreCurrentByte  ; [section code]
0DB6    25 40 00 00              2138          MOVE.L D0, LOCAL_CURRENT_BYTE(A2)  ; [section code]
----                             2139    ; [section code]
0DBA    60 00 FF 54              2140          BRA tokvmProgramLoop  ; [section code]
----                             2141    ; [section code]
----                             2142  tokvmOpcodeAdvance  ; [section code]
0DBE    B4 84                    2143          CMP.L D4, D2  ; advance saturates at EOL, same as VmTokenizerInputStream.advance()  ; [section code]
0DC0    64 00 FF 4E              2144          BCC tokvmProgramLoop  ; [section code]
0DC4    52 82                    2145          ADDQ.L #1, D2  ; [section code]
0DC6    60 00 FF 48              2146          BRA tokvmProgramLoop  ; [section code]
----                             2147    ; [section code]
----                             2148  tokvmOpcodeStartLexeme  ; [section code]
0DCA    42 AA 00 10              2149          CLR.L LOCAL_PENDING_LEX_LEN(A2)  ; [section code]
0DCE    25 42 00 08              2150          MOVE.L D2, LOCAL_PENDING_START(A2)  ; [section code]
0DD2    25 42 00 0C              2151          MOVE.L D2, LOCAL_PENDING_END(A2)  ; [section code]
0DD6    60 00 FF 38              2152          BRA tokvmProgramLoop  ; [section code]
----                             2153    ; [section code]
----                             2154  tokvmOpcodePushChar  ; [section code]
0DDA    20 2A 00 00              2155          MOVE.L LOCAL_CURRENT_BYTE(A2), D0  ; [section code]
0DDE    4A 80                    2156          TST.L D0  ; [section code]
0DE0    6B 00 02 CE              2157          BMI tokvmInvalidProgramAtCursor  ; [section code]
0DE4    25 41 00 14              2158          MOVE.L D1, LOCAL_TEMP_U32(A2)  ; [section code]
0DE8    22 03                    2159          MOVE.L D3, D1  ; [section code]
0DEA    D2 AA 00 10              2160          ADD.L LOCAL_PENDING_LEX_LEN(A2), D1  ; [section code]
0DEE    B2 86                    2161          CMP.L D6, D1  ; [section code]
0DF0    64 00 03 2E              2162          BCC tokvmPendingLexemeOverflow  ; [section code]
0DF4    22 4E                    2163          MOVEA.L A6, A1  ; [section code]
0DF6    D3 C1                    2164          ADDA.L D1, A1  ; [section code]
0DF8    12 80                    2165          MOVE.B D0, (A1)  ; [section code]
0DFA    52 AA 00 10              2166          ADDQ.L #1, LOCAL_PENDING_LEX_LEN(A2)  ; [section code]
0DFE    22 02                    2167          MOVE.L D2, D1  ; [section code]
0E00    52 81                    2168          ADDQ.L #1, D1  ; [section code]
0E02    25 41 00 0C              2169          MOVE.L D1, LOCAL_PENDING_END(A2)  ; [section code]
0E06    22 2A 00 14              2170          MOVE.L LOCAL_TEMP_U32(A2), D1  ; [section code]
0E0A    60 00 FF 04              2171          BRA tokvmProgramLoop  ; [section code]
----                             2172    ; [section code]
----                             2173  tokvmOpcodeEmitToken  ; [section code]
0E0E    43 F3 78 00              2174          LEA 0(A3, D7.L), A1  ; [section code]
0E12    B1 C9                    2175          CMPA.L A1, A0  ; [section code]
0E14    64 00 02 9A              2176          BCC tokvmInvalidProgramAtCursor  ; [section code]
0E18    70 00                    2177          MOVEQ #0, D0  ; [section code]
0E1A    10 18                    2178          MOVE.B (A0)+, D0  ; [section code]
0E1C    35 40 00 04              2179          MOVE.W D0, LOCAL_PENDING_KIND(A2)  ; [section code]
0E20    4E B9 00 00 10 BE        2180          JSR tokvmCommitPendingToken  ; [section code]
0E26    4A 80                    2181          TST.L D0  ; [section code]
0E28    66 00 02 88              2182          BNE tokvmReturn  ; [section code]
0E2C    60 00 FE E2              2183          BRA tokvmProgramLoop  ; [section code]
----                             2184    ; [section code]
----                             2185  tokvmOpcodeSetState  ; [section code]
0E30    20 08                    2186          MOVE.L A0, D0  ; [section code]
0E32    90 8B                    2187          SUB.L A3, D0  ; [section code]
0E34    54 80                    2188          ADDQ.L #2, D0  ; [section code]
0E36    B0 87                    2189          CMP.L D7, D0  ; [section code]
0E38    62 00 02 76              2190          BHI tokvmInvalidProgramAtCursor  ; [section code]
0E3C    25 41 00 14              2191          MOVE.L D1, LOCAL_TEMP_U32(A2)  ; [section code]
0E40    70 00                    2192          MOVEQ #0, D0  ; [section code]
0E42    10 18                    2193          MOVE.B (A0)+, D0  ; [section code]
0E44    72 00                    2194          MOVEQ #0, D1  ; [section code]
0E46    12 18                    2195          MOVE.B (A0)+, D1  ; [section code]
0E48    E1 49                    2196          LSL.W #8, D1  ; [section code]
0E4A    80 41                    2197          OR.W D1, D0  ; [section code]
0E4C    B0 B9 00 00 02 59        2198          CMP.L tokvmProgramStateCount, D0  ; [section code]
0E52    64 00 02 5C              2199          BCC tokvmInvalidProgramAtCursor  ; [section code]
0E56    22 39 00 00 02 55        2200          MOVE.L tokvmProgramStateTablePtr, D1  ; [section code]
0E5C    4A 81                    2201          TST.L D1  ; [section code]
0E5E    67 00 02 50              2202          BEQ tokvmInvalidProgramAtCursor  ; [section code]
0E62    22 41                    2203          MOVEA.L D1, A1  ; [section code]
0E64    20 31 0D 20 00 00        2204          MOVE.L 0.W(A1, D0.L*4), D0  ; [section code]
0E6A    B0 87                    2205          CMP.L D7, D0  ; [section code]
0E6C    62 00 02 42              2206          BHI tokvmInvalidProgramAtCursor  ; [section code]
0E70    41 F3 08 00              2207          LEA 0(A3, D0.L), A0  ; [section code]
0E74    22 2A 00 14              2208          MOVE.L LOCAL_TEMP_U32(A2), D1  ; [section code]
0E78    60 00 FE 96              2209          BRA tokvmProgramLoop  ; [section code]
----                             2210    ; [section code]
----                             2211  tokvmOpcodeFail  ; [section code]
0E7C    20 08                    2212          MOVE.L A0, D0  ; [section code]
0E7E    90 8B                    2213          SUB.L A3, D0  ; [section code]
0E80    52 80                    2214          ADDQ.L #1, D0  ; [section code]
0E82    B0 87                    2215          CMP.L D7, D0  ; [section code]
0E84    62 00 02 2A              2216          BHI tokvmInvalidProgramAtCursor  ; [section code]
0E88    70 00                    2217          MOVEQ #0, D0  ; [section code]
0E8A    10 18                    2218          MOVE.B (A0)+, D0  ; [section code]
0E8C    33 FC 00 01 00 00 02 5F  2219          MOVE.W #TK_VM_FAILURE_KIND_FAIL, tokvmLastFailureKind  ; [section code]
0E94    33 C0 00 00 02 61        2220          MOVE.W D0, tokvmLastFailureOperand  ; [section code]
0E9A    60 00 02 08              2221          BRA tokvmVmFailureAtCursor  ; [section code]
----                             2222    ; [section code]
----                             2223  tokvmOpcodeEmitDiag  ; [section code]
0E9E    20 08                    2224          MOVE.L A0, D0  ; [section code]
0EA0    90 8B                    2225          SUB.L A3, D0  ; [section code]
0EA2    52 80                    2226          ADDQ.L #1, D0  ; [section code]
0EA4    B0 87                    2227          CMP.L D7, D0  ; [section code]
0EA6    62 00 02 08              2228          BHI tokvmInvalidProgramAtCursor  ; [section code]
0EAA    70 00                    2229          MOVEQ #0, D0  ; [section code]
0EAC    10 18                    2230          MOVE.B (A0)+, D0  ; [section code]
0EAE    33 FC 00 02 00 00 02 5F  2231          MOVE.W #TK_VM_FAILURE_KIND_EMIT_DIAG, tokvmLastFailureKind  ; [section code]
0EB6    33 C0 00 00 02 61        2232          MOVE.W D0, tokvmLastFailureOperand  ; [section code]
0EBC    60 00 01 E6              2233          BRA tokvmVmFailureAtCursor  ; [section code]
----                             2234    ; [section code]
----                             2235  tokvmOpcodeJump  ; [section code]
0EC0    20 08                    2236          MOVE.L A0, D0  ; [section code]
0EC2    90 8B                    2237          SUB.L A3, D0  ; [section code]
0EC4    58 80                    2238          ADDQ.L #4, D0  ; [section code]
0EC6    B0 87                    2239          CMP.L D7, D0  ; [section code]
0EC8    62 00 01 E6              2240          BHI tokvmInvalidProgramAtCursor  ; [section code]
0ECC    20 10                    2241          MOVE.L (A0), D0  ; [section code]
0ECE    E0 58                    2242          ROR.W #8, D0  ; [section code]
0ED0    48 40                    2243          SWAP D0  ; [section code]
0ED2    E0 58                    2244          ROR.W #8, D0  ; [section code]
0ED4    D1 FC 00 00 00 04        2245          ADDA.L #4, A0  ; [section code]
0EDA    B0 87                    2246          CMP.L D7, D0  ; [section code]
0EDC    62 00 01 D2              2247          BHI tokvmInvalidProgramAtCursor  ; [section code]
0EE0    41 F3 08 00              2248          LEA 0(A3, D0.L), A0  ; [section code]
0EE4    60 00 FE 2A              2249          BRA tokvmProgramLoop  ; [section code]
----                             2250    ; [section code]
----                             2251  tokvmOpcodeJumpIfEol  ; [section code]
0EE8    20 08                    2252          MOVE.L A0, D0  ; [section code]
0EEA    90 8B                    2253          SUB.L A3, D0  ; [section code]
0EEC    58 80                    2254          ADDQ.L #4, D0  ; [section code]
0EEE    B0 87                    2255          CMP.L D7, D0  ; [section code]
0EF0    62 00 01 BE              2256          BHI tokvmInvalidProgramAtCursor  ; [section code]
0EF4    20 10                    2257          MOVE.L (A0), D0  ; [section code]
0EF6    E0 58                    2258          ROR.W #8, D0  ; [section code]
0EF8    48 40                    2259          SWAP D0  ; [section code]
0EFA    E0 58                    2260          ROR.W #8, D0  ; [section code]
0EFC    D1 FC 00 00 00 04        2261          ADDA.L #4, A0  ; [section code]
0F02    B4 84                    2262          CMP.L D4, D2  ; [section code]
0F04    66 00 FE 0A              2263          BNE tokvmProgramLoop  ; [section code]
0F08    B0 87                    2264          CMP.L D7, D0  ; [section code]
0F0A    62 00 01 A4              2265          BHI tokvmInvalidProgramAtCursor  ; [section code]
0F0E    41 F3 08 00              2266          LEA 0(A3, D0.L), A0  ; [section code]
0F12    60 00 FD FC              2267          BRA tokvmProgramLoop  ; [section code]
----                             2268    ; [section code]
----                             2269  tokvmOpcodeJumpIfByteEq  ; [section code]
0F16    20 08                    2270          MOVE.L A0, D0  ; [section code]
0F18    90 8B                    2271          SUB.L A3, D0  ; [section code]
0F1A    5A 80                    2272          ADDQ.L #5, D0  ; [section code]
0F1C    B0 87                    2273          CMP.L D7, D0  ; [section code]
0F1E    62 00 01 90              2274          BHI tokvmInvalidProgramAtCursor  ; [section code]
0F22    70 00                    2275          MOVEQ #0, D0  ; [section code]
0F24    10 18                    2276          MOVE.B (A0)+, D0  ; operand 0 = byte literal to compare against LOCAL_CURRENT_BYTE  ; [section code]
0F26    35 40 00 04              2277          MOVE.W D0, LOCAL_PENDING_KIND(A2)  ; [section code]
0F2A    20 10                    2278          MOVE.L (A0), D0  ; [section code]
0F2C    E0 58                    2279          ROR.W #8, D0  ; [section code]
0F2E    48 40                    2280          SWAP D0  ; [section code]
0F30    E0 58                    2281          ROR.W #8, D0  ; [section code]
0F32    D1 FC 00 00 00 04        2282          ADDA.L #4, A0  ; [section code]
0F38    25 40 00 14              2283          MOVE.L D0, LOCAL_TEMP_U32(A2)  ; [section code]
0F3C    20 2A 00 00              2284          MOVE.L LOCAL_CURRENT_BYTE(A2), D0  ; no jump fires at EOF, matching Rust's Option<u8>-based predicate path  ; [section code]
0F40    4A 80                    2285          TST.L D0  ; [section code]
0F42    6B 00 FD CC              2286          BMI tokvmProgramLoop  ; [section code]
0F46    B0 6A 00 04              2287          CMP.W LOCAL_PENDING_KIND(A2), D0  ; [section code]
0F4A    66 00 FD C4              2288          BNE tokvmProgramLoop  ; [section code]
0F4E    20 2A 00 14              2289          MOVE.L LOCAL_TEMP_U32(A2), D0  ; [section code]
0F52    B0 87                    2290          CMP.L D7, D0  ; [section code]
0F54    62 00 01 5A              2291          BHI tokvmInvalidProgramAtCursor  ; [section code]
0F58    41 F3 08 00              2292          LEA 0(A3, D0.L), A0  ; [section code]
0F5C    60 00 FD B2              2293          BRA tokvmProgramLoop  ; [section code]
----                             2294    ; [section code]
----                             2295  tokvmOpcodeJumpIfClass  ; [section code]
0F60    20 08                    2296          MOVE.L A0, D0  ; [section code]
0F62    90 8B                    2297          SUB.L A3, D0  ; [section code]
0F64    5A 80                    2298          ADDQ.L #5, D0  ; [section code]
0F66    B0 87                    2299          CMP.L D7, D0  ; [section code]
0F68    62 00 01 46              2300          BHI tokvmInvalidProgramAtCursor  ; [section code]
0F6C    70 00                    2301          MOVEQ #0, D0  ; [section code]
0F6E    10 18                    2302          MOVE.B (A0)+, D0  ; operand 0 = compact character-class id from builder.rs default demo loop  ; [section code]
0F70    35 40 00 04              2303          MOVE.W D0, LOCAL_PENDING_KIND(A2)  ; [section code]
0F74    20 10                    2304          MOVE.L (A0), D0  ; [section code]
0F76    E0 58                    2305          ROR.W #8, D0  ; [section code]
0F78    48 40                    2306          SWAP D0  ; [section code]
0F7A    E0 58                    2307          ROR.W #8, D0  ; [section code]
0F7C    D1 FC 00 00 00 04        2308          ADDA.L #4, A0  ; [section code]
0F82    25 40 00 14              2309          MOVE.L D0, LOCAL_TEMP_U32(A2)  ; [section code]
0F86    20 2A 00 00              2310          MOVE.L LOCAL_CURRENT_BYTE(A2), D0  ; EOF never matches a class, same as vm_char_class_matches(None, ...)  ; [section code]
0F8A    4A 80                    2311          TST.L D0  ; [section code]
0F8C    6B 00 FD 82              2312          BMI tokvmProgramLoop  ; [section code]
0F90    70 00                    2313          MOVEQ #0, D0  ; [section code]
0F92    30 2A 00 04              2314          MOVE.W LOCAL_PENDING_KIND(A2), D0  ; [section code]
0F96    0C 00 00 01              2315          CMPI.B #1, D0  ; [section code]
0F9A    67 00 00 26              2316          BEQ.W tokvmClassWhitespace  ; [section code]
0F9E    0C 00 00 02              2317          CMPI.B #2, D0  ; [section code]
0FA2    67 00 00 32              2318          BEQ.W tokvmClassIdentStart  ; [section code]
0FA6    0C 00 00 03              2319          CMPI.B #3, D0  ; [section code]
0FAA    67 00 00 3E              2320          BEQ.W tokvmClassIdentContinue  ; [section code]
0FAE    0C 00 00 04              2321          CMPI.B #4, D0  ; [section code]
0FB2    67 00 00 4A              2322          BEQ.W tokvmClassDigit  ; [section code]
0FB6    0C 00 00 05              2323          CMPI.B #5, D0  ; [section code]
0FBA    67 00 00 5A              2324          BEQ.W tokvmClassQuote  ; [section code]
0FBE    60 00 FD 50              2325          BRA tokvmProgramLoop  ; [section code]
----                             2326    ; [section code]
----                             2327  tokvmClassWhitespace  ; [section code]
----                             2328          ; Class 1 is intentionally tiny in this first slice: only inline space  ; [section code]
----                             2329          ; and tab are skipped by the demo loop because CR/LF are rejected up front.  ; [section code]
0FC2    20 2A 00 00              2330          MOVE.L LOCAL_CURRENT_BYTE(A2), D0  ; [section code]
0FC6    4E B9 00 00 18 58        2331          JSR tokvmIsWhitespace  ; [section code]
0FCC    4A 80                    2332          TST.L D0  ; [section code]
0FCE    67 00 FD 40              2333          BEQ tokvmProgramLoop  ; [section code]
0FD2    60 00 00 52              2334          BRA tokvmApplyClassJump  ; [section code]
----                             2335    ; [section code]
----                             2336  tokvmClassIdentStart  ; [section code]
----                             2337          ; Class 2 mirrors the Rust identifier-start mask used by the default  ; [section code]
----                             2338          ; tokenizer VM policy for ASCII letters, underscore, and dot.  ; [section code]
0FD6    20 2A 00 00              2339          MOVE.L LOCAL_CURRENT_BYTE(A2), D0  ; [section code]
0FDA    4E B9 00 00 18 6C        2340          JSR tokvmIsIdentifierStart  ; [section code]
0FE0    4A 80                    2341          TST.L D0  ; [section code]
0FE2    67 00 FD 2C              2342          BEQ tokvmProgramLoop  ; [section code]
0FE6    60 00 00 3E              2343          BRA tokvmApplyClassJump  ; [section code]
----                             2344    ; [section code]
----                             2345  tokvmClassIdentContinue  ; [section code]
----                             2346          ; Class 3 is wider than the start class so identifiers can continue with  ; [section code]
----                             2347          ; digits and assembler-flavored suffix bytes such as '$' and '@'.  ; [section code]
0FEA    20 2A 00 00              2348          MOVE.L LOCAL_CURRENT_BYTE(A2), D0  ; [section code]
0FEE    4E B9 00 00 18 A0        2349          JSR tokvmIsIdentifierContinue  ; [section code]
0FF4    4A 80                    2350          TST.L D0  ; [section code]
0FF6    67 00 FD 18              2351          BEQ tokvmProgramLoop  ; [section code]
0FFA    60 00 00 2A              2352          BRA tokvmApplyClassJump  ; [section code]
----                             2353    ; [section code]
----                             2354  tokvmClassDigit  ; [section code]
----                             2355          ; Class 4 is kept inline because the Rust helper ultimately reduces to an  ; [section code]
----                             2356          ; ASCII digit check for the default family tokenizer program.  ; [section code]
0FFE    20 2A 00 00              2357          MOVE.L LOCAL_CURRENT_BYTE(A2), D0  ; [section code]
1002    0C 00 00 30              2358          CMPI.B #'0', D0  ; [section code]
1006    65 00 FD 08              2359          BLO tokvmProgramLoop  ; [section code]
100A    0C 00 00 39              2360          CMPI.B #'9', D0  ; [section code]
100E    62 00 FD 00              2361          BHI tokvmProgramLoop  ; [section code]
1012    60 00 00 12              2362          BRA tokvmApplyClassJump  ; [section code]
----                             2363    ; [section code]
----                             2364  tokvmClassQuote  ; [section code]
----                             2365          ; Class 5 delegates to the same quote-set logic reused by string scanning.  ; [section code]
1016    20 2A 00 00              2366          MOVE.L LOCAL_CURRENT_BYTE(A2), D0  ; [section code]
101A    4E B9 00 00 18 F4        2367          JSR tokvmIsQuoteChar  ; [section code]
1020    4A 80                    2368          TST.L D0  ; [section code]
1022    67 00 FC EC              2369          BEQ tokvmProgramLoop  ; [section code]
----                             2370    ; [section code]
----                             2371  tokvmApplyClassJump  ; [section code]
1026    20 2A 00 14              2372          MOVE.L LOCAL_TEMP_U32(A2), D0  ; [section code]
102A    B0 87                    2373          CMP.L D7, D0  ; [section code]
102C    62 00 00 82              2374          BHI tokvmInvalidProgramAtCursor  ; [section code]
1030    41 F3 08 00              2375          LEA 0(A3, D0.L), A0  ; [section code]
1034    60 00 FC DA              2376          BRA tokvmProgramLoop  ; [section code]
----                             2377    ; [section code]
----                             2378  ; The scan helpers below mirror vm_scan_identifier_token,  ; [section code]
----                             2379  ; vm_scan_number_token, vm_scan_string_token, and vm_scan_symbol_token in  ; [section code]
----                             2380  ; tokenizer_runtime_utils.rs. The helper bodies reuse A0, so the interpreter  ; [section code]
----                             2381  ; saves and restores the native program counter around each call.  ; [section code]
----                             2382  tokvmOpcodeScanIdentifier  ; [section code]
1038    25 48 00 18              2383          MOVE.L A0, LOCAL_PROGRAM_COUNTER(A2)  ; [section code]
103C    4E B9 00 00 11 52        2384          JSR tokvmScanIdentifierToken  ; [section code]
1042    4A 80                    2385          TST.L D0  ; [section code]
1044    66 00 00 6C              2386          BNE tokvmReturn  ; [section code]
1048    20 6A 00 18              2387          MOVEA.L LOCAL_PROGRAM_COUNTER(A2), A0  ; [section code]
104C    60 00 FC C2              2388          BRA tokvmProgramLoop  ; [section code]
----                             2389    ; [section code]
----                             2390  tokvmOpcodeScanNumber  ; [section code]
1050    25 48 00 18              2391          MOVE.L A0, LOCAL_PROGRAM_COUNTER(A2)  ; [section code]
1054    4E B9 00 00 11 E0        2392          JSR tokvmScanNumberToken  ; [section code]
105A    4A 80                    2393          TST.L D0  ; [section code]
105C    66 00 00 54              2394          BNE tokvmReturn  ; [section code]
1060    20 6A 00 18              2395          MOVEA.L LOCAL_PROGRAM_COUNTER(A2), A0  ; [section code]
1064    60 00 FC AA              2396          BRA tokvmProgramLoop  ; [section code]
----                             2397    ; [section code]
----                             2398  tokvmOpcodeScanString  ; [section code]
1068    25 48 00 18              2399          MOVE.L A0, LOCAL_PROGRAM_COUNTER(A2)  ; [section code]
106C    4E B9 00 00 12 40        2400          JSR tokvmScanStringToken  ; [section code]
1072    4A 80                    2401          TST.L D0  ; [section code]
1074    66 00 00 3C              2402          BNE tokvmReturn  ; [section code]
1078    20 6A 00 18              2403          MOVEA.L LOCAL_PROGRAM_COUNTER(A2), A0  ; [section code]
107C    60 00 FC 92              2404          BRA tokvmProgramLoop  ; [section code]
----                             2405    ; [section code]
----                             2406  tokvmOpcodeScanSymbol  ; [section code]
1080    25 48 00 18              2407          MOVE.L A0, LOCAL_PROGRAM_COUNTER(A2)  ; [section code]
1084    4E B9 00 00 13 3E        2408          JSR tokvmScanSymbolToken  ; [section code]
108A    4A 80                    2409          TST.L D0  ; [section code]
108C    66 00 00 24              2410          BNE tokvmReturn  ; [section code]
1090    20 6A 00 18              2411          MOVEA.L LOCAL_PROGRAM_COUNTER(A2), A0  ; [section code]
1094    60 00 FC 7A              2412          BRA tokvmProgramLoop  ; [section code]
----                             2413    ; [section code]
----                             2414  tokvmInvalidArgument  ; [section code]
1098    42 81                    2415          CLR.L D1  ; [section code]
109A    42 82                    2416          CLR.L D2  ; [section code]
109C    42 83                    2417          CLR.L D3  ; [section code]
109E    70 05                    2418          MOVEQ #TK_STATUS_INVALID_ARGUMENT, D0  ; [section code]
10A0    60 00 00 10              2419          BRA tokvmReturn  ; [section code]
----                             2420    ; [section code]
----                             2421  tokvmVmFailureAtCursor  ; [section code]
10A4    70 04                    2422          MOVEQ #TK_STATUS_VM_FAILURE, D0  ; [section code]
10A6    60 00 00 0A              2423          BRA tokvmReturn  ; [section code]
----                             2424    ; [section code]
----                             2425  tokvmStepLimitExceeded  ; [section code]
10AA    70 07                    2426          MOVEQ #TK_STATUS_STEP_LIMIT_EXCEEDED, D0  ; [section code]
10AC    60 00 00 04              2427          BRA tokvmReturn  ; [section code]
----                             2428    ; [section code]
----                             2429  ; Invalid program is reserved for truncated bytecode, bad jump targets, or  ; [section code]
----                             2430  ; opcode/operand combinations that the native interpreter refuses to execute.  ; [section code]
----                             2431  tokvmInvalidProgramAtCursor  ; [section code]
10B0    70 06                    2432          MOVEQ #TK_STATUS_INVALID_PROGRAM, D0  ; [section code]
----                             2433    ; [section code]
----                             2434  tokvmReturn  ; [section code]
10B2    DF FC 00 00 00 24        2435          ADDA.L #LOCAL_SIZE, SP  ; [section code]
10B8    4C DF 70 F0              2436          MOVEM.L (SP)+, D4-D7/A4-A6  ; [section code]
10BC    4E 75                    2437          RTS  ; [section code]
----                             2438    ; [section code]
----                             2439  ; ---------------------------------------------------------------------------  ; [section code]
----                             2440  ; Native token record staging and commit.  ; [section code]
----                             2441  ;  ; [section code]
----                             2442  ; Each committed record is 20 bytes in tokenBuffer:  ; [section code]
----                             2443  ; - word 0: token kind code  ; [section code]
----                             2444  ; - long 4: 1-based start column  ; [section code]
----                             2445  ; - long 8: 1-based end column  ; [section code]
----                             2446  ; - long 12: lexemeScratch offset  ; [section code]
----                             2447  ; - long 16: lexeme length in bytes  ; [section code]
----                             2448  ;  ; [section code]
----                             2449  ; This is the compact native surface that the asm tests decode back into the  ; [section code]
----                             2450  ; OPFORGE-TOKVM 1 report format.  ; [section code]
----                             2451  ; ---------------------------------------------------------------------------  ; [section code]
----                             2452    ; [section code]
----                             2453  tokvmCommitPendingToken  ; [section code]
10BE    B2 85                    2454          CMP.L D5, D1  ; token_count < token_capacity  ; [section code]
10C0    64 00 00 56              2455          BCC tokvmPendingTokenOverflow  ; [section code]
10C4    20 03                    2456          MOVE.L D3, D0  ; scratch_used + pending_len must stay within scratch_capacity  ; [section code]
10C6    D0 AA 00 10              2457          ADD.L LOCAL_PENDING_LEX_LEN(A2), D0  ; [section code]
10CA    B0 86                    2458          CMP.L D6, D0  ; [section code]
10CC    62 00 00 52              2459          BHI tokvmPendingLexemeOverflow  ; [section code]
10D0    20 01                    2460          MOVE.L D1, D0  ; compute record_index * TOKEN_RECORD_SIZE without a MUL dependency  ; [section code]
10D2    D0 80                    2461          ADD.L D0, D0  ; *2  ; [section code]
10D4    20 40                    2462          MOVEA.L D0, A0  ; [section code]
10D6    D0 80                    2463          ADD.L D0, D0  ; *4  ; [section code]
10D8    D0 80                    2464          ADD.L D0, D0  ; *8  ; [section code]
10DA    D0 80                    2465          ADD.L D0, D0  ; *16  ; [section code]
10DC    D1 C0                    2466          ADDA.L D0, A0  ; *18  ; [section code]
10DE    20 01                    2467          MOVE.L D1, D0  ; [section code]
10E0    D0 80                    2468          ADD.L D0, D0  ; +2 => *20 byte stride  ; [section code]
10E2    D1 C0                    2469          ADDA.L D0, A0  ; [section code]
10E4    22 4D                    2470          MOVEA.L A5, A1  ; [section code]
10E6    D3 C8                    2471          ADDA.L A0, A1  ; [section code]
10E8    32 AA 00 04              2472          MOVE.W LOCAL_PENDING_KIND(A2), (A1)  ; field 0: token kind code  ; [section code]
10EC    42 69 00 02              2473          CLR.W 2(A1)  ; [section code]
10F0    20 2A 00 08              2474          MOVE.L LOCAL_PENDING_START(A2), D0  ; field 4: 1-based start column  ; [section code]
10F4    52 80                    2475          ADDQ.L #1, D0  ; [section code]
10F6    23 40 00 04              2476          MOVE.L D0, 4(A1)  ; [section code]
10FA    20 2A 00 0C              2477          MOVE.L LOCAL_PENDING_END(A2), D0  ; field 8: 1-based end column  ; [section code]
10FE    52 80                    2478          ADDQ.L #1, D0  ; [section code]
1100    23 40 00 08              2479          MOVE.L D0, 8(A1)  ; [section code]
1104    23 43 00 0C              2480          MOVE.L D3, 12(A1)  ; field 12: lexeme offset into scratch  ; [section code]
1108    23 6A 00 10 00 10        2481          MOVE.L LOCAL_PENDING_LEX_LEN(A2), 16(A1)  ; field 16: lexeme length in bytes  ; [section code]
110E    52 81                    2482          ADDQ.L #1, D1  ; [section code]
1110    D6 AA 00 10              2483          ADD.L LOCAL_PENDING_LEX_LEN(A2), D3  ; [section code]
1114    70 00                    2484          MOVEQ #TK_STATUS_SUCCESS, D0  ; [section code]
1116    4E 75                    2485          RTS  ; [section code]
----                             2486    ; [section code]
----                             2487  ; Overflow exits report the start column of the token that could not be fully  ; [section code]
----                             2488  ; materialized. This matches the Rust-side behavior of attributing capacity  ; [section code]
----                             2489  ; failures to the token currently being scanned rather than the following byte.  ; [section code]
----                             2490  tokvmPendingTokenOverflow  ; [section code]
1118    24 2A 00 08              2491          MOVE.L LOCAL_PENDING_START(A2), D2  ; [section code]
111C    70 02                    2492          MOVEQ #TK_STATUS_TOKEN_OVERFLOW, D0  ; [section code]
111E    4E 75                    2493          RTS  ; [section code]
----                             2494    ; [section code]
----                             2495  tokvmPendingLexemeOverflow  ; [section code]
1120    24 2A 00 08              2496          MOVE.L LOCAL_PENDING_START(A2), D2  ; [section code]
1124    70 03                    2497          MOVEQ #TK_STATUS_LEXEME_OVERFLOW, D0  ; [section code]
1126    4E 75                    2498          RTS  ; [section code]
----                             2499    ; [section code]
----                             2500  ; Stage a fixed lexeme literal from the static data table into scratch.  ; [section code]
----                             2501  ; This is used for punctuation and operator tokens whose lexeme spelling is  ; [section code]
----                             2502  ; known upfront and does not need to be copied from the source buffer.  ; [section code]
----                             2503  tokvmStageFixedLexeme  ; [section code]
1128    25 40 00 10              2504          MOVE.L D0, LOCAL_PENDING_LEX_LEN(A2)  ; fixed operator/punctuation lexeme length from the inline template string  ; [section code]
112C    20 03                    2505          MOVE.L D3, D0  ; [section code]
112E    D0 AA 00 10              2506          ADD.L LOCAL_PENDING_LEX_LEN(A2), D0  ; [section code]
1132    B0 86                    2507          CMP.L D6, D0  ; [section code]
1134    62 00 FF EA              2508          BHI tokvmPendingLexemeOverflow  ; [section code]
1138    22 4E                    2509          MOVEA.L A6, A1  ; [section code]
113A    D3 C3                    2510          ADDA.L D3, A1  ; [section code]
113C    20 2A 00 10              2511          MOVE.L LOCAL_PENDING_LEX_LEN(A2), D0  ; [section code]
----                             2512  tokvmStageFixedLexemeLoop  ; [section code]
1140    4A 80                    2513          TST.L D0  ; [section code]
1142    67 00 00 0A              2514          BEQ tokvmStageFixedLexemeDone  ; [section code]
1146    12 D8                    2515          MOVE.B (A0)+, (A1)+  ; copy the canonical lexeme bytes that Rust would expose in PortableToken text/raw  ; [section code]
1148    53 80                    2516          SUBQ.L #1, D0  ; [section code]
114A    60 00 FF F4              2517          BRA tokvmStageFixedLexemeLoop  ; [section code]
----                             2518    ; [section code]
----                             2519  tokvmStageFixedLexemeDone  ; [section code]
114E    70 00                    2520          MOVEQ #TK_STATUS_SUCCESS, D0  ; [section code]
1150    4E 75                    2521          RTS  ; [section code]
----                             2522    ; [section code]
----                             2523  ; ---------------------------------------------------------------------------  ; [section code]
----                             2524  ; Scanner helpers.  ; [section code]
----                             2525  ;  ; [section code]
----                             2526  ; These are the native counterparts of the Rust tokenizer helper routines in  ; [section code]
----                             2527  ; tokenizer_runtime_utils.rs. Each helper advances D2 as the live source cursor,  ; [section code]
----                             2528  ; populates LOCAL_PENDING_* metadata, stages lexeme bytes into the scratch  ; [section code]
----                             2529  ; buffer, then commits a token record.  ; [section code]
----                             2530  ; ---------------------------------------------------------------------------  ; [section code]
----                             2531    ; [section code]
----                             2532  tokvmScanIdentifierToken  ; [section code]
----                             2533          ; Identifier scan is the native mirror of vm_scan_identifier_token():  ; [section code]
----                             2534          ; walk identifier-continue bytes, lowercase ASCII letters for the demo  ; [section code]
----                             2535          ; policy, then emit one identifier record backed by scratch bytes.  ; [section code]
1152    25 42 00 08              2536          MOVE.L D2, LOCAL_PENDING_START(A2)  ; [section code]
1156    42 AA 00 10              2537          CLR.L LOCAL_PENDING_LEX_LEN(A2)  ; [section code]
115A    20 4E                    2538          MOVEA.L A6, A0  ; [section code]
115C    D1 C3                    2539          ADDA.L D3, A0  ; [section code]
----                             2540    ; [section code]
----                             2541  tokvmScanIdentifierLoop  ; [section code]
----                             2542          ; D2 stays as the source cursor, A0 walks the next free scratch byte,  ; [section code]
----                             2543          ; and LOCAL_PENDING_LEX_LEN grows in lockstep so commit can later write  ; [section code]
----                             2544          ; both the source span and scratch payload length into the token record.  ; [section code]
115E    B4 84                    2545          CMP.L D4, D2  ; [section code]
1160    64 00 00 46              2546          BCC tokvmScanIdentifierDone  ; [section code]
1164    70 00                    2547          MOVEQ #0, D0  ; [section code]
1166    10 34 28 00              2548          MOVE.B 0(A4, D2.L), D0  ; [section code]
116A    4E B9 00 00 18 A0        2549          JSR tokvmIsIdentifierContinue  ; mirrors vm_matches_identifier_continue_class()  ; [section code]
1170    4A 80                    2550          TST.L D0  ; [section code]
1172    67 00 00 34              2551          BEQ tokvmScanIdentifierDone  ; [section code]
1176    20 03                    2552          MOVE.L D3, D0  ; [section code]
1178    D0 AA 00 10              2553          ADD.L LOCAL_PENDING_LEX_LEN(A2), D0  ; [section code]
117C    B0 86                    2554          CMP.L D6, D0  ; [section code]
117E    64 00 06 D0              2555          BCC tokvmPendingLexemeOverflowFromScan  ; [section code]
1182    70 00                    2556          MOVEQ #0, D0  ; [section code]
1184    10 34 28 00              2557          MOVE.B 0(A4, D2.L), D0  ; [section code]
1188    0C 00 00 41              2558          CMPI.B #'A', D0  ; [section code]
118C    65 00 00 0E              2559          BLO tokvmCopyIdentifierByte  ; [section code]
1190    0C 00 00 5A              2560          CMPI.B #'Z', D0  ; [section code]
1194    62 00 00 06              2561          BHI tokvmCopyIdentifierByte  ; [section code]
1198    00 00 00 20              2562          ORI.B #$20, D0  ; native demo bakes in ASCII-lower identifier normalization used by the Rust bridge tests  ; [section code]
----                             2563  tokvmCopyIdentifierByte  ; [section code]
119C    10 C0                    2564          MOVE.B D0, (A0)+  ; [section code]
119E    52 82                    2565          ADDQ.L #1, D2  ; [section code]
11A0    52 AA 00 10              2566          ADDQ.L #1, LOCAL_PENDING_LEX_LEN(A2)  ; [section code]
11A4    60 00 FF B8              2567          BRA tokvmScanIdentifierLoop  ; [section code]
----                             2568    ; [section code]
----                             2569  tokvmScanIdentifierDone  ; [section code]
----                             2570          ; Match vm_scan_identifier_token(): a trailing prime belongs to the  ; [section code]
----                             2571          ; identifier/register lexeme for Z80 alternate-register spellings like AF'.  ; [section code]
11A8    B4 84                    2572          CMP.L D4, D2  ; [section code]
11AA    64 00 00 22              2573          BCC tokvmScanIdentifierCommit  ; [section code]
11AE    0C 34 00 27 28 00        2574          CMPI.B #39, 0(A4, D2.L)  ; [section code]
11B4    66 00 00 18              2575          BNE tokvmScanIdentifierCommit  ; [section code]
11B8    20 03                    2576          MOVE.L D3, D0  ; [section code]
11BA    D0 AA 00 10              2577          ADD.L LOCAL_PENDING_LEX_LEN(A2), D0  ; [section code]
11BE    B0 86                    2578          CMP.L D6, D0  ; [section code]
11C0    64 00 06 8E              2579          BCC tokvmPendingLexemeOverflowFromScan  ; [section code]
11C4    10 FC 00 27              2580          MOVE.B #39, (A0)+  ; [section code]
11C8    52 82                    2581          ADDQ.L #1, D2  ; [section code]
11CA    52 AA 00 10              2582          ADDQ.L #1, LOCAL_PENDING_LEX_LEN(A2)  ; [section code]
----                             2583    ; [section code]
----                             2584  tokvmScanIdentifierCommit  ; [section code]
----                             2585          ; Identifier spans are half-open in cursor space and become 1-based only  ; [section code]
----                             2586          ; when tokvmCommitPendingToken serializes them into the native record.  ; [section code]
11CE    35 7C 00 00 00 04        2587          MOVE.W #TK_KIND_IDENTIFIER, LOCAL_PENDING_KIND(A2)  ; [section code]
11D4    25 42 00 0C              2588          MOVE.L D2, LOCAL_PENDING_END(A2)  ; [section code]
11D8    4E B9 00 00 10 BE        2589          JSR tokvmCommitPendingToken  ; [section code]
11DE    4E 75                    2590          RTS  ; [section code]
----                             2591    ; [section code]
----                             2592  tokvmScanNumberToken  ; [section code]
----                             2593          ; Number scan accepts the same permissive body bytes as the Rust helper,  ; [section code]
----                             2594          ; leaving base interpretation to downstream token consumers/report logic.  ; [section code]
11E0    25 42 00 08              2595          MOVE.L D2, LOCAL_PENDING_START(A2)  ; [section code]
11E4    42 AA 00 10              2596          CLR.L LOCAL_PENDING_LEX_LEN(A2)  ; [section code]
11E8    20 4E                    2597          MOVEA.L A6, A0  ; [section code]
11EA    D1 C3                    2598          ADDA.L D3, A0  ; [section code]
----                             2599    ; [section code]
----                             2600  tokvmScanNumberLoop  ; [section code]
----                             2601          ; Number scanning intentionally keeps the raw source spelling, including  ; [section code]
----                             2602          ; prefixes/suffixes/underscores, so later consumers can decide how to  ; [section code]
----                             2603          ; interpret base markers just like the Rust runtime does.  ; [section code]
11EC    B4 84                    2604          CMP.L D4, D2  ; [section code]
11EE    64 00 00 3E              2605          BCC tokvmScanNumberDone  ; [section code]
11F2    70 00                    2606          MOVEQ #0, D0  ; [section code]
11F4    10 34 28 00              2607          MOVE.B 0(A4, D2.L), D0  ; [section code]
11F8    0C 00 00 25              2608          CMPI.B #'%', D0  ; [section code]
11FC    66 00 00 0A              2609          BNE tokvmScanNumberCheckBody  ; [section code]
1200    B4 AA 00 08              2610          CMP.L LOCAL_PENDING_START(A2), D2  ; [section code]
1204    67 00 00 0E              2611          BEQ tokvmScanNumberAcceptByte  ; [section code]
----                             2612  tokvmScanNumberCheckBody  ; [section code]
1208    4E B9 00 00 19 08        2613          JSR tokvmIsNumberBody  ; same permissive number-body walk as vm_scan_number_token()  ; [section code]
120E    4A 80                    2614          TST.L D0  ; [section code]
1210    67 00 00 1C              2615          BEQ tokvmScanNumberDone  ; [section code]
----                             2616  tokvmScanNumberAcceptByte  ; [section code]
1214    20 03                    2617          MOVE.L D3, D0  ; [section code]
1216    D0 AA 00 10              2618          ADD.L LOCAL_PENDING_LEX_LEN(A2), D0  ; [section code]
121A    B0 86                    2619          CMP.L D6, D0  ; [section code]
121C    64 00 06 32              2620          BCC tokvmPendingLexemeOverflowFromScan  ; [section code]
1220    10 F4 28 00              2621          MOVE.B 0(A4, D2.L), (A0)+  ; [section code]
1224    52 82                    2622          ADDQ.L #1, D2  ; [section code]
1226    52 AA 00 10              2623          ADDQ.L #1, LOCAL_PENDING_LEX_LEN(A2)  ; [section code]
122A    60 00 FF C0              2624          BRA tokvmScanNumberLoop  ; [section code]
----                             2625    ; [section code]
----                             2626  tokvmScanNumberDone  ; [section code]
122E    35 7C 00 02 00 04        2627          MOVE.W #TK_KIND_NUMBER, LOCAL_PENDING_KIND(A2)  ; [section code]
1234    25 42 00 0C              2628          MOVE.L D2, LOCAL_PENDING_END(A2)  ; [section code]
1238    4E B9 00 00 10 BE        2629          JSR tokvmCommitPendingToken  ; [section code]
123E    4E 75                    2630          RTS  ; [section code]
----                             2631    ; [section code]
----                             2632  tokvmScanStringToken  ; [section code]
----                             2633          ; Strings keep their raw delimiter choice for closing rules, but only the  ; [section code]
----                             2634          ; decoded payload bytes are staged into scratch and exposed in LEXHEX.  ; [section code]
1240    25 42 00 08              2635          MOVE.L D2, LOCAL_PENDING_START(A2)  ; [section code]
1244    42 AA 00 10              2636          CLR.L LOCAL_PENDING_LEX_LEN(A2)  ; [section code]
1248    70 00                    2637          MOVEQ #0, D0  ; [section code]
124A    10 34 28 00              2638          MOVE.B 0(A4, D2.L), D0  ; remember whether the string opened with ' or " so we can require the same closer  ; [section code]
124E    25 40 00 00              2639          MOVE.L D0, LOCAL_CURRENT_BYTE(A2)  ; [section code]
1252    52 82                    2640          ADDQ.L #1, D2  ; [section code]
1254    20 4E                    2641          MOVEA.L A6, A0  ; [section code]
1256    D1 C3                    2642          ADDA.L D3, A0  ; [section code]
----                             2643    ; [section code]
----                             2644  tokvmScanStringLoop  ; [section code]
----                             2645          ; Strings advance one payload unit at a time. Plain bytes copy through,  ; [section code]
----                             2646          ; while escape sequences normalize into their decoded payload bytes so  ; [section code]
----                             2647          ; LEXHEX reflects runtime string contents rather than source spelling.  ; [section code]
1258    B4 84                    2648          CMP.L D4, D2  ; [section code]
125A    64 00 00 DE              2649          BCC tokvmScanStringFailure  ; [section code]
125E    70 00                    2650          MOVEQ #0, D0  ; [section code]
1260    10 34 28 00              2651          MOVE.B 0(A4, D2.L), D0  ; [section code]
1264    B0 AA 00 00              2652          CMP.L LOCAL_CURRENT_BYTE(A2), D0  ; [section code]
1268    67 00 00 BC              2653          BEQ tokvmScanStringClose  ; [section code]
126C    0C 00 00 5C              2654          CMPI.B #'\\', D0  ; decode the same escape surface exercised by vm_scan_string_token()  ; [section code]
1270    66 00 00 8E              2655          BNE tokvmScanStringCopyLiteral  ; [section code]
1274    52 82                    2656          ADDQ.L #1, D2  ; [section code]
1276    B4 84                    2657          CMP.L D4, D2  ; [section code]
1278    64 00 FE 2A              2658          BCC tokvmVmFailureAtCursor  ; [section code]
127C    70 00                    2659          MOVEQ #0, D0  ; [section code]
127E    10 34 28 00              2660          MOVE.B 0(A4, D2.L), D0  ; [section code]
1282    0C 00 00 6E              2661          CMPI.B #'n', D0  ; [section code]
1286    67 00 00 1E              2662          BEQ tokvmStringEscapeNewline  ; [section code]
128A    0C 00 00 72              2663          CMPI.B #'r', D0  ; [section code]
128E    67 00 00 1C              2664          BEQ tokvmStringEscapeReturn  ; [section code]
1292    0C 00 00 74              2665          CMPI.B #'t', D0  ; [section code]
1296    67 00 00 1A              2666          BEQ tokvmStringEscapeTab  ; [section code]
129A    0C 00 00 78              2667          CMPI.B #'x', D0  ; \xHH is decoded into one payload byte, just like the Rust helper  ; [section code]
129E    67 00 00 18              2668          BEQ tokvmStringEscapeHex  ; [section code]
12A2    60 00 00 76              2669          BRA tokvmScanStringEmitDecoded  ; [section code]
----                             2670    ; [section code]
----                             2671  tokvmStringEscapeNewline  ; [section code]
----                             2672          ; The decoded escape value remains in D0 and falls through the shared  ; [section code]
----                             2673          ; emit path that appends one payload byte to scratch.  ; [section code]
12A6    70 0A                    2674          MOVEQ #10, D0  ; [section code]
12A8    60 00 00 70              2675          BRA tokvmScanStringEmitDecoded  ; [section code]
----                             2676    ; [section code]
----                             2677  tokvmStringEscapeReturn  ; [section code]
12AC    70 0D                    2678          MOVEQ #13, D0  ; [section code]
12AE    60 00 00 6A              2679          BRA tokvmScanStringEmitDecoded  ; [section code]
----                             2680    ; [section code]
----                             2681  tokvmStringEscapeTab  ; [section code]
12B2    70 09                    2682          MOVEQ #9, D0  ; [section code]
12B4    60 00 00 64              2683          BRA tokvmScanStringEmitDecoded  ; [section code]
----                             2684    ; [section code]
----                             2685  tokvmStringEscapeHex  ; [section code]
----                             2686          ; Parse exactly two hex digits after \x and combine them into one byte,  ; [section code]
----                             2687          ; mirroring tokenizer_runtime_utils::vm_scan_string_token().  ; [section code]
12B8    52 82                    2688          ADDQ.L #1, D2  ; [section code]
12BA    B4 84                    2689          CMP.L D4, D2  ; [section code]
12BC    64 00 00 7C              2690          BCC tokvmScanStringFailure  ; [section code]
12C0    70 00                    2691          MOVEQ #0, D0  ; [section code]
12C2    10 34 28 00              2692          MOVE.B 0(A4, D2.L), D0  ; [section code]
12C6    4E B9 00 00 19 78        2693          JSR tokvmHexDigitValue  ; [section code]
12CC    4A 80                    2694          TST.L D0  ; [section code]
12CE    6B 00 00 6A              2695          BMI tokvmScanStringFailure  ; [section code]
12D2    25 40 00 14              2696          MOVE.L D0, LOCAL_TEMP_U32(A2)  ; [section code]
12D6    52 82                    2697          ADDQ.L #1, D2  ; [section code]
12D8    B4 84                    2698          CMP.L D4, D2  ; [section code]
12DA    64 00 00 5E              2699          BCC tokvmScanStringFailure  ; [section code]
12DE    70 00                    2700          MOVEQ #0, D0  ; [section code]
12E0    10 34 28 00              2701          MOVE.B 0(A4, D2.L), D0  ; [section code]
12E4    4E B9 00 00 19 78        2702          JSR tokvmHexDigitValue  ; [section code]
12EA    4A 80                    2703          TST.L D0  ; [section code]
12EC    6B 00 00 4C              2704          BMI tokvmScanStringFailure  ; [section code]
12F0    2F 01                    2705          MOVE.L D1, -(SP)  ; [section code]
12F2    22 2A 00 14              2706          MOVE.L LOCAL_TEMP_U32(A2), D1  ; [section code]
12F6    E9 89                    2707          LSL.L #4, D1  ; [section code]
12F8    80 81                    2708          OR.L D1, D0  ; [section code]
12FA    22 1F                    2709          MOVE.L (SP)+, D1  ; [section code]
----                             2710    ; [section code]
12FC    60 00 00 1C              2711          BRA tokvmScanStringEmitDecoded  ; [section code]
----                             2712    ; [section code]
----                             2713  tokvmScanStringCopyLiteral  ; [section code]
----                             2714          ; Literal non-escape bytes use the same capacity accounting as decoded  ; [section code]
----                             2715          ; escapes so both paths feed one consistent scratch payload stream.  ; [section code]
1300    2F 01                    2716          MOVE.L D1, -(SP)  ; [section code]
1302    22 03                    2717          MOVE.L D3, D1  ; [section code]
1304    D2 AA 00 10              2718          ADD.L LOCAL_PENDING_LEX_LEN(A2), D1  ; [section code]
1308    B2 86                    2719          CMP.L D6, D1  ; [section code]
130A    64 00 00 08              2720          BCC tokvmScanStringLiteralOverflow  ; [section code]
130E    22 1F                    2721          MOVE.L (SP)+, D1  ; [section code]
1310    60 00 00 08              2722          BRA tokvmScanStringEmitDecoded  ; [section code]
----                             2723    ; [section code]
----                             2724  tokvmScanStringLiteralOverflow  ; [section code]
1314    22 1F                    2725          MOVE.L (SP)+, D1  ; [section code]
1316    60 00 05 38              2726          BRA tokvmPendingLexemeOverflowFromScan  ; [section code]
----                             2727    ; [section code]
----                             2728  tokvmScanStringEmitDecoded  ; [section code]
131A    10 C0                    2729          MOVE.B D0, (A0)+  ; [section code]
131C    52 AA 00 10              2730          ADDQ.L #1, LOCAL_PENDING_LEX_LEN(A2)  ; [section code]
1320    52 82                    2731          ADDQ.L #1, D2  ; [section code]
1322    60 00 FF 34              2732          BRA tokvmScanStringLoop  ; [section code]
----                             2733    ; [section code]
----                             2734  tokvmScanStringClose  ; [section code]
----                             2735          ; D2 is advanced past the closing delimiter before commit so the source  ; [section code]
----                             2736          ; span matches the Rust token span semantics for quoted strings.  ; [section code]
1326    52 82                    2737          ADDQ.L #1, D2  ; [section code]
1328    35 7C 00 03 00 04        2738          MOVE.W #TK_KIND_STRING, LOCAL_PENDING_KIND(A2)  ; [section code]
132E    25 42 00 0C              2739          MOVE.L D2, LOCAL_PENDING_END(A2)  ; [section code]
1332    4E B9 00 00 10 BE        2740          JSR tokvmCommitPendingToken  ; [section code]
1338    4E 75                    2741          RTS  ; [section code]
----                             2742    ; [section code]
----                             2743  ; Unterminated strings and malformed escape sequences both collapse to the same  ; [section code]
----                             2744  ; VM failure status in this first native slice.  ; [section code]
----                             2745  tokvmScanStringFailure  ; [section code]
133A    70 04                    2746          MOVEQ #TK_STATUS_VM_FAILURE, D0  ; [section code]
133C    4E 75                    2747          RTS  ; [section code]
----                             2748    ; [section code]
----                             2749  ; Symbol scan covers punctuation, operators, comments, and prefixed numeric  ; [section code]
----                             2750  ; forms. The structure intentionally parallels vm_scan_symbol_token() in Rust:  ; [section code]
----                             2751  ; dispatch by lead byte, optionally consume a longer form, then commit the  ; [section code]
----                             2752  ; canonical lexeme bytes through tokvmStageAndCommitSymbol.  ; [section code]
----                             2753  tokvmScanSymbolToken  ; [section code]
----                             2754          ; The dispatch order matters. More syntactically specific lead bytes are  ; [section code]
----                             2755          ; tested before generic operator fallbacks so multi-byte forms get the  ; [section code]
----                             2756          ; same precedence as in the Rust helper.  ; [section code]
133E    25 42 00 08              2757          MOVE.L D2, LOCAL_PENDING_START(A2)  ; [section code]
1342    70 00                    2758          MOVEQ #0, D0  ; [section code]
1344    10 34 28 00              2759          MOVE.B 0(A4, D2.L), D0  ; [section code]
1348    0C 00 00 3B              2760          CMPI.B #';', D0  ; [section code]
134C    67 00 00 DC              2761          BEQ tokvmScanCommentToEol  ; [section code]
1350    0C 00 00 2E              2762          CMPI.B #'.', D0  ; [section code]
1354    67 00 00 DA              2763          BEQ tokvmScanDotLike  ; [section code]
1358    0C 00 00 24              2764          CMPI.B #'$', D0  ; [section code]
135C    67 00 01 2E              2765          BEQ tokvmScanDollarOrPrefixedNumber  ; [section code]
1360    0C 00 00 25              2766          CMPI.B #'%', D0  ; [section code]
1364    67 00 01 5E              2767          BEQ tokvmScanPercentOrPrefixedNumber  ; [section code]
1368    0C 00 00 23              2768          CMPI.B #'#', D0  ; [section code]
136C    67 00 01 9E              2769          BEQ tokvmStageHash  ; [section code]
1370    0C 00 00 3F              2770          CMPI.B #'?', D0  ; [section code]
1374    67 00 01 AA              2771          BEQ tokvmStageQuestion  ; [section code]
1378    0C 00 00 5B              2772          CMPI.B #'[', D0  ; [section code]
137C    67 00 01 B6              2773          BEQ tokvmStageOpenBracket  ; [section code]
1380    0C 00 00 5D              2774          CMPI.B #']', D0  ; [section code]
1384    67 00 01 C2              2775          BEQ tokvmStageCloseBracket  ; [section code]
1388    0C 00 00 7B              2776          CMPI.B #'{', D0  ; [section code]
138C    67 00 01 CE              2777          BEQ tokvmStageOpenBrace  ; [section code]
1390    0C 00 00 7D              2778          CMPI.B #'}', D0  ; [section code]
1394    67 00 01 DA              2779          BEQ tokvmStageCloseBrace  ; [section code]
1398    0C 00 00 2C              2780          CMPI.B #',', D0  ; [section code]
139C    67 00 01 E6              2781          BEQ tokvmStageComma  ; [section code]
13A0    0C 00 00 3A              2782          CMPI.B #':', D0  ; [section code]
13A4    67 00 01 F2              2783          BEQ tokvmStageColon  ; [section code]
13A8    0C 00 00 28              2784          CMPI.B #'(', D0  ; [section code]
13AC    67 00 01 FE              2785          BEQ tokvmStageOpenParen  ; [section code]
13B0    0C 00 00 29              2786          CMPI.B #')', D0  ; [section code]
13B4    67 00 02 0A              2787          BEQ tokvmStageCloseParen  ; [section code]
13B8    0C 00 00 2B              2788          CMPI.B #'+', D0  ; [section code]
13BC    67 00 02 16              2789          BEQ tokvmStagePlus  ; [section code]
13C0    0C 00 00 2D              2790          CMPI.B #'-', D0  ; [section code]
13C4    67 00 02 22              2791          BEQ tokvmStageMinus  ; [section code]
13C8    0C 00 00 2A              2792          CMPI.B #'*', D0  ; [section code]
13CC    67 00 02 2E              2793          BEQ tokvmScanStarLike  ; [section code]
13D0    0C 00 00 2F              2794          CMPI.B #'/', D0  ; [section code]
13D4    67 00 02 5E              2795          BEQ tokvmStageDivide  ; [section code]
13D8    0C 00 00 7E              2796          CMPI.B #'~', D0  ; [section code]
13DC    67 00 02 6A              2797          BEQ tokvmStageBitNot  ; [section code]
13E0    0C 00 00 3D              2798          CMPI.B #'=', D0  ; [section code]
13E4    67 00 02 76              2799          BEQ tokvmScanEqualLike  ; [section code]
13E8    0C 00 00 21              2800          CMPI.B #'!', D0  ; [section code]
13EC    67 00 02 94              2801          BEQ tokvmScanBangLike  ; [section code]
13F0    0C 00 00 26              2802          CMPI.B #'&', D0  ; [section code]
13F4    67 00 02 C4              2803          BEQ tokvmScanAndLike  ; [section code]
13F8    0C 00 00 7C              2804          CMPI.B #'|', D0  ; [section code]
13FC    67 00 02 F4              2805          BEQ tokvmScanOrLike  ; [section code]
1400    0C 00 00 5E              2806          CMPI.B #'^', D0  ; [section code]
1404    67 00 03 24              2807          BEQ tokvmScanCaretLike  ; [section code]
1408    0C 00 00 3C              2808          CMPI.B #'<', D0  ; [section code]
140C    67 00 03 54              2809          BEQ tokvmScanLessLike  ; [section code]
1410    0C 00 00 3E              2810          CMPI.B #'>', D0  ; [section code]
1414    67 00 03 C4              2811          BEQ tokvmScanGreaterLike  ; [section code]
1418    33 FC 00 01 00 00 02 5F  2812          MOVE.W #TK_VM_FAILURE_KIND_FAIL, tokvmLastFailureKind  ; [section code]
1420    33 C0 00 00 02 61        2813          MOVE.W D0, tokvmLastFailureOperand  ; [section code]
1426    70 04                    2814          MOVEQ #TK_STATUS_VM_FAILURE, D0  ; [section code]
1428    4E 75                    2815          RTS  ; [section code]
----                             2816    ; [section code]
----                             2817  tokvmScanCommentToEol  ; [section code]
142A    24 04                    2818          MOVE.L D4, D2  ; comments consume the rest of the line and emit no token, matching vm_scan_symbol_token()  ; [section code]
142C    70 00                    2819          MOVEQ #TK_STATUS_SUCCESS, D0  ; [section code]
142E    4E 75                    2820          RTS  ; [section code]
----                             2821    ; [section code]
----                             2822  tokvmScanDotLike  ; [section code]
----                             2823          ; '.', '..', and '..=' are grouped together so the operator family stays  ; [section code]
----                             2824          ; adjacent in both the native and Rust scanner implementations.  ; [section code]
1430    52 82                    2825          ADDQ.L #1, D2  ; [section code]
1432    B4 84                    2826          CMP.L D4, D2  ; [section code]
1434    64 00 00 44              2827          BCC tokvmStageDot  ; [section code]
1438    0C 34 00 2E 28 00        2828          CMPI.B #'.', 0(A4, D2.L)  ; [section code]
143E    66 00 00 3A              2829          BNE tokvmStageDot  ; [section code]
1442    52 82                    2830          ADDQ.L #1, D2  ; [section code]
1444    B4 84                    2831          CMP.L D4, D2  ; [section code]
1446    64 00 00 20              2832          BCC tokvmStageRange  ; [section code]
144A    0C 34 00 3D 28 00        2833          CMPI.B #'=', 0(A4, D2.L)  ; [section code]
1450    66 00 00 16              2834          BNE tokvmStageRange  ; [section code]
1454    52 82                    2835          ADDQ.L #1, D2  ; [section code]
1456    35 7C 00 11 00 04        2836          MOVE.W #TK_KIND_OP_RANGE_INCLUSIVE, LOCAL_PENDING_KIND(A2)  ; [section code]
145C    41 F9 00 00 02 E9        2837          LEA lexRangeInclusive, A0  ; [section code]
1462    70 03                    2838          MOVEQ #3, D0  ; [section code]
1464    60 00 03 CA              2839          BRA tokvmStageAndCommitSymbol  ; [section code]
----                             2840    ; [section code]
----                             2841  tokvmStageRange  ; [section code]
----                             2842          ; '..' and '..=' share the same entry path so the inclusive form only  ; [section code]
----                             2843          ; needs one extra lookahead byte and a different fixed lexeme template.  ; [section code]
1468    35 7C 00 10 00 04        2844          MOVE.W #TK_KIND_OP_RANGE, LOCAL_PENDING_KIND(A2)  ; [section code]
146E    41 F9 00 00 02 E7        2845          LEA lexRange, A0  ; [section code]
1474    70 02                    2846          MOVEQ #2, D0  ; [section code]
1476    60 00 03 B8              2847          BRA tokvmStageAndCommitSymbol  ; [section code]
----                             2848    ; [section code]
----                             2849  tokvmStageDot  ; [section code]
147A    35 7C 00 07 00 04        2850          MOVE.W #TK_KIND_DOT, LOCAL_PENDING_KIND(A2)  ; [section code]
1480    41 F9 00 00 02 BB        2851          LEA lexDot, A0  ; [section code]
1486    70 01                    2852          MOVEQ #1, D0  ; [section code]
1488    60 00 03 A6              2853          BRA tokvmStageAndCommitSymbol  ; [section code]
----                             2854    ; [section code]
----                             2855  tokvmScanDollarOrPrefixedNumber  ; [section code]
----                             2856          ; '$' is ambiguous by design: either a standalone dollar token or the  ; [section code]
----                             2857          ; prefix for a hex-like number literal if a valid body byte follows.  ; [section code]
148C    52 82                    2858          ADDQ.L #1, D2  ; [section code]
148E    B4 84                    2859          CMP.L D4, D2  ; [section code]
1490    64 00 00 20              2860          BCC tokvmStageDollar  ; [section code]
1494    70 00                    2861          MOVEQ #0, D0  ; [section code]
1496    10 34 28 00              2862          MOVE.B 0(A4, D2.L), D0  ; [section code]
149A    4E B9 00 00 19 5C        2863          JSR tokvmIsHexDigitOrUnderscore  ; '$' starts either a hex literal or a standalone dollar token  ; [section code]
14A0    4A 80                    2864          TST.L D0  ; [section code]
14A2    67 00 00 0E              2865          BEQ tokvmStageDollar  ; [section code]
14A6    24 2A 00 08              2866          MOVE.L LOCAL_PENDING_START(A2), D2  ; [section code]
14AA    4E B9 00 00 11 E0        2867          JSR tokvmScanNumberToken  ; [section code]
14B0    4E 75                    2868          RTS  ; [section code]
----                             2869    ; [section code]
----                             2870  tokvmStageDollar  ; [section code]
14B2    35 7C 00 06 00 04        2871          MOVE.W #TK_KIND_DOLLAR, LOCAL_PENDING_KIND(A2)  ; [section code]
14B8    41 F9 00 00 02 BC        2872          LEA lexDollar, A0  ; [section code]
14BE    70 01                    2873          MOVEQ #1, D0  ; [section code]
14C0    60 00 03 6E              2874          BRA tokvmStageAndCommitSymbol  ; [section code]
----                             2875    ; [section code]
----                             2876  tokvmScanPercentOrPrefixedNumber  ; [section code]
----                             2877          ; '%' is likewise split between modulo and binary-prefixed number forms.  ; [section code]
14C4    52 82                    2878          ADDQ.L #1, D2  ; [section code]
14C6    B4 84                    2879          CMP.L D4, D2  ; [section code]
14C8    64 00 00 30              2880          BCC tokvmStagePercent  ; [section code]
14CC    70 00                    2881          MOVEQ #0, D0  ; [section code]
14CE    10 34 28 00              2882          MOVE.B 0(A4, D2.L), D0  ; [section code]
14D2    0C 00 00 30              2883          CMPI.B #'0', D0  ; [section code]
14D6    67 00 00 0A              2884          BEQ tokvmScanPercentAsNumber  ; [section code]
14DA    0C 00 00 31              2885          CMPI.B #'1', D0  ; [section code]
14DE    66 00 00 1A              2886          BNE tokvmStagePercent  ; [section code]
----                             2887    ; [section code]
----                             2888  tokvmScanPercentAsNumber  ; [section code]
14E2    4E B9 00 00 19 D8        2889          JSR tokvmPercentHasPrefixContext  ; [section code]
14E8    4A 80                    2890          TST.L D0  ; [section code]
14EA    67 00 00 0E              2891          BEQ tokvmStagePercent  ; [section code]
14EE    24 2A 00 08              2892          MOVE.L LOCAL_PENDING_START(A2), D2  ; rewind so the number scanner sees the leading '%', like Rust prefixed-number handling  ; [section code]
14F2    4E B9 00 00 11 E0        2893          JSR tokvmScanNumberToken  ; [section code]
14F8    4E 75                    2894          RTS  ; [section code]
----                             2895    ; [section code]
----                             2896  tokvmStagePercent  ; [section code]
14FA    35 7C 00 17 00 04        2897          MOVE.W #TK_KIND_OP_MOD, LOCAL_PENDING_KIND(A2)  ; [section code]
1500    41 F9 00 00 02 E6        2898          LEA lexMod, A0  ; [section code]
1506    70 01                    2899          MOVEQ #1, D0  ; [section code]
1508    60 00 03 26              2900          BRA tokvmStageAndCommitSymbol  ; [section code]
----                             2901    ; [section code]
----                             2902  tokvmStageHash  ; [section code]
150C    52 82                    2903          ADDQ.L #1, D2  ; [section code]
150E    35 7C 00 08 00 04        2904          MOVE.W #TK_KIND_HASH, LOCAL_PENDING_KIND(A2)  ; [section code]
1514    41 F9 00 00 02 BD        2905          LEA lexHash, A0  ; [section code]
151A    70 01                    2906          MOVEQ #1, D0  ; [section code]
151C    60 00 03 12              2907          BRA tokvmStageAndCommitSymbol  ; [section code]
----                             2908    ; [section code]
----                             2909  tokvmStageQuestion  ; [section code]
----                             2910          ; The single-byte staging labels below follow one repeated pattern:  ; [section code]
----                             2911          ; advance the source cursor, choose a token kind, point at the canonical  ; [section code]
----                             2912          ; lexeme bytes, set the lexeme length, then funnel through the shared  ; [section code]
----                             2913          ; stage-and-commit tail.  ; [section code]
1520    52 82                    2914          ADDQ.L #1, D2  ; [section code]
1522    35 7C 00 09 00 04        2915          MOVE.W #TK_KIND_QUESTION, LOCAL_PENDING_KIND(A2)  ; [section code]
1528    41 F9 00 00 02 BE        2916          LEA lexQuestion, A0  ; [section code]
152E    70 01                    2917          MOVEQ #1, D0  ; [section code]
1530    60 00 02 FE              2918          BRA tokvmStageAndCommitSymbol  ; [section code]
----                             2919    ; [section code]
----                             2920  tokvmStageOpenBracket  ; [section code]
1534    52 82                    2921          ADDQ.L #1, D2  ; [section code]
1536    35 7C 00 0A 00 04        2922          MOVE.W #TK_KIND_OPEN_BRACKET, LOCAL_PENDING_KIND(A2)  ; [section code]
153C    41 F9 00 00 02 BF        2923          LEA lexOpenBracket, A0  ; [section code]
1542    70 01                    2924          MOVEQ #1, D0  ; [section code]
1544    60 00 02 EA              2925          BRA tokvmStageAndCommitSymbol  ; [section code]
----                             2926    ; [section code]
----                             2927  tokvmStageCloseBracket  ; [section code]
1548    52 82                    2928          ADDQ.L #1, D2  ; [section code]
154A    35 7C 00 0B 00 04        2929          MOVE.W #TK_KIND_CLOSE_BRACKET, LOCAL_PENDING_KIND(A2)  ; [section code]
1550    41 F9 00 00 02 C0        2930          LEA lexCloseBracket, A0  ; [section code]
1556    70 01                    2931          MOVEQ #1, D0  ; [section code]
1558    60 00 02 D6              2932          BRA tokvmStageAndCommitSymbol  ; [section code]
----                             2933    ; [section code]
----                             2934  tokvmStageOpenBrace  ; [section code]
155C    52 82                    2935          ADDQ.L #1, D2  ; [section code]
155E    35 7C 00 0C 00 04        2936          MOVE.W #TK_KIND_OPEN_BRACE, LOCAL_PENDING_KIND(A2)  ; [section code]
1564    41 F9 00 00 02 C1        2937          LEA lexOpenBrace, A0  ; [section code]
156A    70 01                    2938          MOVEQ #1, D0  ; [section code]
156C    60 00 02 C2              2939          BRA tokvmStageAndCommitSymbol  ; [section code]
----                             2940    ; [section code]
----                             2941  tokvmStageCloseBrace  ; [section code]
1570    52 82                    2942          ADDQ.L #1, D2  ; [section code]
1572    35 7C 00 0D 00 04        2943          MOVE.W #TK_KIND_CLOSE_BRACE, LOCAL_PENDING_KIND(A2)  ; [section code]
1578    41 F9 00 00 02 C2        2944          LEA lexCloseBrace, A0  ; [section code]
157E    70 01                    2945          MOVEQ #1, D0  ; [section code]
1580    60 00 02 AE              2946          BRA tokvmStageAndCommitSymbol  ; [section code]
----                             2947    ; [section code]
----                             2948  tokvmStageComma  ; [section code]
1584    52 82                    2949          ADDQ.L #1, D2  ; [section code]
1586    35 7C 00 04 00 04        2950          MOVE.W #TK_KIND_COMMA, LOCAL_PENDING_KIND(A2)  ; [section code]
158C    41 F9 00 00 02 C3        2951          LEA lexComma, A0  ; [section code]
1592    70 01                    2952          MOVEQ #1, D0  ; [section code]
1594    60 00 02 9A              2953          BRA tokvmStageAndCommitSymbol  ; [section code]
----                             2954    ; [section code]
----                             2955  tokvmStageColon  ; [section code]
1598    52 82                    2956          ADDQ.L #1, D2  ; [section code]
159A    35 7C 00 05 00 04        2957          MOVE.W #TK_KIND_COLON, LOCAL_PENDING_KIND(A2)  ; [section code]
15A0    41 F9 00 00 02 C4        2958          LEA lexColon, A0  ; [section code]
15A6    70 01                    2959          MOVEQ #1, D0  ; [section code]
15A8    60 00 02 86              2960          BRA tokvmStageAndCommitSymbol  ; [section code]
----                             2961    ; [section code]
----                             2962  tokvmStageOpenParen  ; [section code]
15AC    52 82                    2963          ADDQ.L #1, D2  ; [section code]
15AE    35 7C 00 0E 00 04        2964          MOVE.W #TK_KIND_OPEN_PAREN, LOCAL_PENDING_KIND(A2)  ; [section code]
15B4    41 F9 00 00 02 C5        2965          LEA lexOpenParen, A0  ; [section code]
15BA    70 01                    2966          MOVEQ #1, D0  ; [section code]
15BC    60 00 02 72              2967          BRA tokvmStageAndCommitSymbol  ; [section code]
----                             2968    ; [section code]
----                             2969  tokvmStageCloseParen  ; [section code]
15C0    52 82                    2970          ADDQ.L #1, D2  ; [section code]
15C2    35 7C 00 0F 00 04        2971          MOVE.W #TK_KIND_CLOSE_PAREN, LOCAL_PENDING_KIND(A2)  ; [section code]
15C8    41 F9 00 00 02 C6        2972          LEA lexCloseParen, A0  ; [section code]
15CE    70 01                    2973          MOVEQ #1, D0  ; [section code]
15D0    60 00 02 5E              2974          BRA tokvmStageAndCommitSymbol  ; [section code]
----                             2975    ; [section code]
----                             2976  tokvmStagePlus  ; [section code]
15D4    52 82                    2977          ADDQ.L #1, D2  ; [section code]
15D6    35 7C 00 12 00 04        2978          MOVE.W #TK_KIND_OP_PLUS, LOCAL_PENDING_KIND(A2)  ; [section code]
15DC    41 F9 00 00 02 C7        2979          LEA lexPlus, A0  ; [section code]
15E2    70 01                    2980          MOVEQ #1, D0  ; [section code]
15E4    60 00 02 4A              2981          BRA tokvmStageAndCommitSymbol  ; [section code]
----                             2982    ; [section code]
----                             2983  tokvmStageMinus  ; [section code]
15E8    52 82                    2984          ADDQ.L #1, D2  ; [section code]
15EA    35 7C 00 13 00 04        2985          MOVE.W #TK_KIND_OP_MINUS, LOCAL_PENDING_KIND(A2)  ; [section code]
15F0    41 F9 00 00 02 C8        2986          LEA lexMinus, A0  ; [section code]
15F6    70 01                    2987          MOVEQ #1, D0  ; [section code]
15F8    60 00 02 36              2988          BRA tokvmStageAndCommitSymbol  ; [section code]
----                             2989    ; [section code]
----                             2990  tokvmScanStarLike  ; [section code]
----                             2991          ; '*' and '**' match the Rust tokenizer's multiply/power split.  ; [section code]
15FC    52 82                    2992          ADDQ.L #1, D2  ; [section code]
15FE    B4 84                    2993          CMP.L D4, D2  ; [section code]
1600    64 00 00 0C              2994          BCC tokvmStageMultiply  ; [section code]
1604    0C 34 00 2A 28 00        2995          CMPI.B #'*', 0(A4, D2.L)  ; [section code]
160A    67 00 00 14              2996          BEQ tokvmStagePower  ; [section code]
----                             2997    ; [section code]
----                             2998  tokvmStageMultiply  ; [section code]
160E    35 7C 00 14 00 04        2999          MOVE.W #TK_KIND_OP_MULTIPLY, LOCAL_PENDING_KIND(A2)  ; [section code]
1614    41 F9 00 00 02 C9        3000          LEA lexMultiply, A0  ; [section code]
161A    70 01                    3001          MOVEQ #1, D0  ; [section code]
161C    60 00 02 12              3002          BRA tokvmStageAndCommitSymbol  ; [section code]
----                             3003    ; [section code]
----                             3004  tokvmStagePower  ; [section code]
1620    52 82                    3005          ADDQ.L #1, D2  ; [section code]
1622    35 7C 00 15 00 04        3006          MOVE.W #TK_KIND_OP_POWER, LOCAL_PENDING_KIND(A2)  ; [section code]
1628    41 F9 00 00 02 CA        3007          LEA lexPower, A0  ; [section code]
162E    70 02                    3008          MOVEQ #2, D0  ; [section code]
1630    60 00 01 FE              3009          BRA tokvmStageAndCommitSymbol  ; [section code]
----                             3010    ; [section code]
----                             3011  tokvmStageDivide  ; [section code]
1634    52 82                    3012          ADDQ.L #1, D2  ; [section code]
1636    35 7C 00 16 00 04        3013          MOVE.W #TK_KIND_OP_DIVIDE, LOCAL_PENDING_KIND(A2)  ; [section code]
163C    41 F9 00 00 02 CC        3014          LEA lexDivide, A0  ; [section code]
1642    70 01                    3015          MOVEQ #1, D0  ; [section code]
1644    60 00 01 EA              3016          BRA tokvmStageAndCommitSymbol  ; [section code]
----                             3017    ; [section code]
----                             3018  tokvmStageBitNot  ; [section code]
1648    52 82                    3019          ADDQ.L #1, D2  ; [section code]
164A    35 7C 00 1A 00 04        3020          MOVE.W #TK_KIND_OP_BIT_NOT, LOCAL_PENDING_KIND(A2)  ; [section code]
1650    41 F9 00 00 02 CD        3021          LEA lexBitNot, A0  ; [section code]
1656    70 01                    3022          MOVEQ #1, D0  ; [section code]
1658    60 00 01 D6              3023          BRA tokvmStageAndCommitSymbol  ; [section code]
----                             3024    ; [section code]
----                             3025  tokvmScanEqualLike  ; [section code]
----                             3026          ; '=' and '==' both normalize to the same equality token kind, matching  ; [section code]
----                             3027          ; the Rust tokenizer helper's forgiving equality parsing.  ; [section code]
165C    52 82                    3028          ADDQ.L #1, D2  ; [section code]
165E    B4 84                    3029          CMP.L D4, D2  ; [section code]
1660    64 00 00 0E              3030          BCC tokvmStageEq  ; [section code]
1664    0C 34 00 3D 28 00        3031          CMPI.B #'=', 0(A4, D2.L)  ; [section code]
166A    66 00 00 04              3032          BNE tokvmStageEq  ; [section code]
166E    52 82                    3033          ADDQ.L #1, D2  ; [section code]
----                             3034    ; [section code]
----                             3035  tokvmStageEq  ; [section code]
----                             3036          ; The canonical fixed lexeme is always "==" for equality so report output  ; [section code]
----                             3037          ; normalizes '=' and '==' into one operator surface.  ; [section code]
1670    35 7C 00 22 00 04        3038          MOVE.W #TK_KIND_OP_EQ, LOCAL_PENDING_KIND(A2)  ; [section code]
1676    41 F9 00 00 02 CE        3039          LEA lexEq, A0  ; [section code]
167C    70 02                    3040          MOVEQ #2, D0  ; [section code]
167E    60 00 01 B0              3041          BRA tokvmStageAndCommitSymbol  ; [section code]
----                             3042    ; [section code]
----                             3043  tokvmScanBangLike  ; [section code]
----                             3044          ; '!' stands for logical-not, while '!=' upgrades to not-equal.  ; [section code]
1682    52 82                    3045          ADDQ.L #1, D2  ; [section code]
1684    B4 84                    3046          CMP.L D4, D2  ; [section code]
1686    64 00 00 20              3047          BCC tokvmStageLogicNot  ; [section code]
168A    0C 34 00 3D 28 00        3048          CMPI.B #'=', 0(A4, D2.L)  ; [section code]
1690    66 00 00 16              3049          BNE tokvmStageLogicNot  ; [section code]
1694    52 82                    3050          ADDQ.L #1, D2  ; [section code]
1696    35 7C 00 23 00 04        3051          MOVE.W #TK_KIND_OP_NE, LOCAL_PENDING_KIND(A2)  ; [section code]
169C    41 F9 00 00 02 D0        3052          LEA lexNe, A0  ; [section code]
16A2    70 02                    3053          MOVEQ #2, D0  ; [section code]
16A4    60 00 01 8A              3054          BRA tokvmStageAndCommitSymbol  ; [section code]
----                             3055    ; [section code]
----                             3056  tokvmStageLogicNot  ; [section code]
----                             3057          ; Unlike equality, logical-not preserves its single-byte spelling in the  ; [section code]
----                             3058          ; report/output surface because '!' and '!=' are distinct token kinds.  ; [section code]
16A8    35 7C 00 1B 00 04        3059          MOVE.W #TK_KIND_OP_LOGIC_NOT, LOCAL_PENDING_KIND(A2)  ; [section code]
16AE    41 F9 00 00 02 D2        3060          LEA lexLogicNot, A0  ; [section code]
16B4    70 01                    3061          MOVEQ #1, D0  ; [section code]
16B6    60 00 01 78              3062          BRA tokvmStageAndCommitSymbol  ; [section code]
----                             3063    ; [section code]
----                             3064  tokvmScanAndLike  ; [section code]
----                             3065          ; '&' / '&&' map to bitwise and logical forms respectively.  ; [section code]
16BA    52 82                    3066          ADDQ.L #1, D2  ; [section code]
16BC    B4 84                    3067          CMP.L D4, D2  ; [section code]
16BE    64 00 00 20              3068          BCC tokvmStageBitAnd  ; [section code]
16C2    0C 34 00 26 28 00        3069          CMPI.B #'&', 0(A4, D2.L)  ; [section code]
16C8    66 00 00 16              3070          BNE tokvmStageBitAnd  ; [section code]
16CC    52 82                    3071          ADDQ.L #1, D2  ; [section code]
16CE    35 7C 00 1F 00 04        3072          MOVE.W #TK_KIND_OP_LOGIC_AND, LOCAL_PENDING_KIND(A2)  ; [section code]
16D4    41 F9 00 00 02 D5        3073          LEA lexLogicAnd, A0  ; [section code]
16DA    70 02                    3074          MOVEQ #2, D0  ; [section code]
16DC    60 00 01 52              3075          BRA tokvmStageAndCommitSymbol  ; [section code]
----                             3076    ; [section code]
----                             3077  tokvmStageBitAnd  ; [section code]
16E0    35 7C 00 1C 00 04        3078          MOVE.W #TK_KIND_OP_BIT_AND, LOCAL_PENDING_KIND(A2)  ; [section code]
16E6    41 F9 00 00 02 D3        3079          LEA lexBitAnd, A0  ; [section code]
16EC    70 01                    3080          MOVEQ #1, D0  ; [section code]
16EE    60 00 01 40              3081          BRA tokvmStageAndCommitSymbol  ; [section code]
----                             3082    ; [section code]
----                             3083  tokvmScanOrLike  ; [section code]
----                             3084          ; '|' / '||' map to bitwise and logical forms respectively.  ; [section code]
16F2    52 82                    3085          ADDQ.L #1, D2  ; [section code]
16F4    B4 84                    3086          CMP.L D4, D2  ; [section code]
16F6    64 00 00 20              3087          BCC tokvmStageBitOr  ; [section code]
16FA    0C 34 00 7C 28 00        3088          CMPI.B #'|', 0(A4, D2.L)  ; [section code]
1700    66 00 00 16              3089          BNE tokvmStageBitOr  ; [section code]
1704    52 82                    3090          ADDQ.L #1, D2  ; [section code]
1706    35 7C 00 20 00 04        3091          MOVE.W #TK_KIND_OP_LOGIC_OR, LOCAL_PENDING_KIND(A2)  ; [section code]
170C    41 F9 00 00 02 D7        3092          LEA lexLogicOr, A0  ; [section code]
1712    70 02                    3093          MOVEQ #2, D0  ; [section code]
1714    60 00 01 1A              3094          BRA tokvmStageAndCommitSymbol  ; [section code]
----                             3095    ; [section code]
----                             3096  tokvmStageBitOr  ; [section code]
1718    35 7C 00 1D 00 04        3097          MOVE.W #TK_KIND_OP_BIT_OR, LOCAL_PENDING_KIND(A2)  ; [section code]
171E    41 F9 00 00 02 D4        3098          LEA lexBitOr, A0  ; [section code]
1724    70 01                    3099          MOVEQ #1, D0  ; [section code]
1726    60 00 01 08              3100          BRA tokvmStageAndCommitSymbol  ; [section code]
----                             3101    ; [section code]
----                             3102  tokvmScanCaretLike  ; [section code]
----                             3103          ; '^' is bitwise xor, while '^^' is promoted to the logical xor  ; [section code]
----                             3104          ; token used by the native report-name table.  ; [section code]
172A    52 82                    3105          ADDQ.L #1, D2  ; [section code]
172C    B4 84                    3106          CMP.L D4, D2  ; [section code]
172E    64 00 00 20              3107          BCC tokvmStageBitXor  ; [section code]
1732    0C 34 00 5E 28 00        3108          CMPI.B #'^', 0(A4, D2.L)  ; [section code]
1738    66 00 00 16              3109          BNE tokvmStageBitXor  ; [section code]
173C    52 82                    3110          ADDQ.L #1, D2  ; [section code]
173E    35 7C 00 21 00 04        3111          MOVE.W #TK_KIND_OP_LOGIC_XOR, LOCAL_PENDING_KIND(A2)  ; [section code]
1744    41 F9 00 00 02 DA        3112          LEA lexLogicXor, A0  ; [section code]
174A    70 02                    3113          MOVEQ #2, D0  ; [section code]
174C    60 00 00 E2              3114          BRA tokvmStageAndCommitSymbol  ; [section code]
----                             3115    ; [section code]
----                             3116  tokvmStageBitXor  ; [section code]
1750    35 7C 00 1E 00 04        3117          MOVE.W #TK_KIND_OP_BIT_XOR, LOCAL_PENDING_KIND(A2)  ; [section code]
1756    41 F9 00 00 02 D9        3118          LEA lexBitXor, A0  ; [section code]
175C    70 01                    3119          MOVEQ #1, D0  ; [section code]
175E    60 00 00 D0              3120          BRA tokvmStageAndCommitSymbol  ; [section code]
----                             3121    ; [section code]
----                             3122  tokvmScanLessLike  ; [section code]
----                             3123          ; '<' expands into four related operators: <, <<, <=, and <>/!=.  ; [section code]
1762    52 82                    3124          ADDQ.L #1, D2  ; [section code]
1764    B4 84                    3125          CMP.L D4, D2  ; [section code]
1766    64 00 00 60              3126          BCC tokvmStageLt  ; [section code]
176A    0C 34 00 3C 28 00        3127          CMPI.B #'<', 0(A4, D2.L)  ; [section code]
1770    67 00 00 1A              3128          BEQ tokvmStageShl  ; [section code]
1774    0C 34 00 3D 28 00        3129          CMPI.B #'=', 0(A4, D2.L)  ; [section code]
177A    67 00 00 24              3130          BEQ tokvmStageLe  ; [section code]
177E    0C 34 00 3E 28 00        3131          CMPI.B #'>', 0(A4, D2.L)  ; [section code]
1784    67 00 00 2E              3132          BEQ tokvmStageAltNe  ; [section code]
1788    60 00 00 3E              3133          BRA tokvmStageLt  ; [section code]
----                             3134    ; [section code]
----                             3135  tokvmStageShl  ; [section code]
178C    52 82                    3136          ADDQ.L #1, D2  ; [section code]
178E    35 7C 00 18 00 04        3137          MOVE.W #TK_KIND_OP_SHL, LOCAL_PENDING_KIND(A2)  ; [section code]
1794    41 F9 00 00 02 E2        3138          LEA lexShl, A0  ; [section code]
179A    70 02                    3139          MOVEQ #2, D0  ; [section code]
179C    60 00 00 92              3140          BRA tokvmStageAndCommitSymbol  ; [section code]
----                             3141    ; [section code]
----                             3142  tokvmStageLe  ; [section code]
17A0    52 82                    3143          ADDQ.L #1, D2  ; [section code]
17A2    35 7C 00 26 00 04        3144          MOVE.W #TK_KIND_OP_LE, LOCAL_PENDING_KIND(A2)  ; [section code]
17A8    41 F9 00 00 02 DD        3145          LEA lexLe, A0  ; [section code]
17AE    70 02                    3146          MOVEQ #2, D0  ; [section code]
17B0    60 00 00 7E              3147          BRA tokvmStageAndCommitSymbol  ; [section code]
----                             3148    ; [section code]
----                             3149  tokvmStageAltNe  ; [section code]
17B4    52 82                    3150          ADDQ.L #1, D2  ; [section code]
17B6    35 7C 00 23 00 04        3151          MOVE.W #TK_KIND_OP_NE, LOCAL_PENDING_KIND(A2)  ; [section code]
17BC    41 F9 00 00 02 D0        3152          LEA lexNe, A0  ; [section code]
17C2    70 02                    3153          MOVEQ #2, D0  ; [section code]
17C4    60 00 00 6A              3154          BRA tokvmStageAndCommitSymbol  ; [section code]
----                             3155    ; [section code]
----                             3156  tokvmStageLt  ; [section code]
----                             3157          ; The family labels above all converge here with a fully-chosen token  ; [section code]
----                             3158          ; kind and lexeme template, so the commit tail can stay generic.  ; [section code]
17C8    35 7C 00 27 00 04        3159          MOVE.W #TK_KIND_OP_LT, LOCAL_PENDING_KIND(A2)  ; [section code]
17CE    41 F9 00 00 02 DC        3160          LEA lexLt, A0  ; [section code]
17D4    70 01                    3161          MOVEQ #1, D0  ; [section code]
17D6    60 00 00 58              3162          BRA tokvmStageAndCommitSymbol  ; [section code]
----                             3163    ; [section code]
----                             3164  tokvmScanGreaterLike  ; [section code]
----                             3165          ; '>' expands into >, >>, and >=.  ; [section code]
17DA    52 82                    3166          ADDQ.L #1, D2  ; [section code]
17DC    B4 84                    3167          CMP.L D4, D2  ; [section code]
17DE    64 00 00 42              3168          BCC tokvmStageGt  ; [section code]
17E2    0C 34 00 3E 28 00        3169          CMPI.B #'>', 0(A4, D2.L)  ; [section code]
17E8    67 00 00 10              3170          BEQ tokvmStageShr  ; [section code]
17EC    0C 34 00 3D 28 00        3171          CMPI.B #'=', 0(A4, D2.L)  ; [section code]
17F2    67 00 00 1A              3172          BEQ tokvmStageGe  ; [section code]
17F6    60 00 00 2A              3173          BRA tokvmStageGt  ; [section code]
----                             3174    ; [section code]
----                             3175  tokvmStageShr  ; [section code]
17FA    52 82                    3176          ADDQ.L #1, D2  ; [section code]
17FC    35 7C 00 19 00 04        3177          MOVE.W #TK_KIND_OP_SHR, LOCAL_PENDING_KIND(A2)  ; [section code]
1802    41 F9 00 00 02 E4        3178          LEA lexShr, A0  ; [section code]
1808    70 02                    3179          MOVEQ #2, D0  ; [section code]
180A    60 00 00 24              3180          BRA tokvmStageAndCommitSymbol  ; [section code]
----                             3181    ; [section code]
----                             3182  tokvmStageGe  ; [section code]
180E    52 82                    3183          ADDQ.L #1, D2  ; [section code]
1810    35 7C 00 24 00 04        3184          MOVE.W #TK_KIND_OP_GE, LOCAL_PENDING_KIND(A2)  ; [section code]
1816    41 F9 00 00 02 E0        3185          LEA lexGe, A0  ; [section code]
181C    70 02                    3186          MOVEQ #2, D0  ; [section code]
181E    60 00 00 10              3187          BRA tokvmStageAndCommitSymbol  ; [section code]
----                             3188    ; [section code]
----                             3189  tokvmStageGt  ; [section code]
1822    35 7C 00 25 00 04        3190          MOVE.W #TK_KIND_OP_GT, LOCAL_PENDING_KIND(A2)  ; [section code]
1828    41 F9 00 00 02 DF        3191          LEA lexGt, A0  ; [section code]
182E    70 01                    3192          MOVEQ #1, D0  ; [section code]
----                             3193    ; [section code]
----                             3194  tokvmStageAndCommitSymbol  ; [section code]
----                             3195          ; At this point LOCAL_PENDING_START already marks the source span start,  ; [section code]
----                             3196          ; D2 already points just past the consumed source bytes, and A0/D0 name  ; [section code]
----                             3197          ; the canonical lexeme bytes to materialize into scratch.  ; [section code]
1830    4E B9 00 00 11 28        3198          JSR tokvmStageFixedLexeme  ; stage the canonical lexeme bytes before committing the token metadata  ; [section code]
1836    4A 80                    3199          TST.L D0  ; [section code]
1838    66 00 00 0C              3200          BNE tokvmStageAndCommitSymbolDone  ; [section code]
183C    25 42 00 0C              3201          MOVE.L D2, LOCAL_PENDING_END(A2)  ; [section code]
1840    4E B9 00 00 10 BE        3202          JSR tokvmCommitPendingToken  ; [section code]
----                             3203  tokvmStageAndCommitSymbolDone  ; [section code]
1846    4E 75                    3204          RTS  ; [section code]
----                             3205    ; [section code]
----                             3206  ; Used when symbol lookahead discovers a shape the native bytecode contract does  ; [section code]
----                             3207  ; not allow, such as the unsupported '**' power operator.  ; [section code]
----                             3208  tokvmScanSymbolInvalidProgram  ; [section code]
1848    24 2A 00 08              3209          MOVE.L LOCAL_PENDING_START(A2), D2  ; [section code]
184C    70 06                    3210          MOVEQ #TK_STATUS_INVALID_PROGRAM, D0  ; [section code]
184E    4E 75                    3211          RTS  ; [section code]
----                             3212    ; [section code]
----                             3213  ; Shared overflow exit for any scanner that would exceed scratch capacity.  ; [section code]
----                             3214  tokvmPendingLexemeOverflowFromScan  ; [section code]
1850    24 2A 00 08              3215          MOVE.L LOCAL_PENDING_START(A2), D2  ; [section code]
1854    70 03                    3216          MOVEQ #TK_STATUS_LEXEME_OVERFLOW, D0  ; [section code]
1856    4E 75                    3217          RTS  ; [section code]
----                             3218    ; [section code]
----                             3219  ; ---------------------------------------------------------------------------  ; [section code]
----                             3220  ; Character-class and byte-shape predicates.  ; [section code]
----                             3221  ;  ; [section code]
----                             3222  ; These intentionally parallel vm_char_class_matches, vm_matches_identifier_*,  ; [section code]
----                             3223  ; and related helper logic in tokenizer_runtime_utils.rs. The native demo loop  ; [section code]
----                             3224  ; calls them through JumpIfClass and the scan helpers reuse them while walking  ; [section code]
----                             3225  ; identifiers, number bodies, strings, and prefixed constants.  ; [section code]
----                             3226  ; ---------------------------------------------------------------------------  ; [section code]
----                             3227    ; [section code]
----                             3228  tokvmIsWhitespace  ; [section code]
1858    0C 00 00 20              3229          CMPI.B #' ', D0  ; this line-input slice only treats space and tab as intra-line whitespace  ; [section code]
185C    67 00 01 12              3230          BEQ tokvmPredicateTrue  ; [section code]
1860    0C 00 00 09              3231          CMPI.B #9, D0  ; [section code]
1864    67 00 01 0A              3232          BEQ tokvmPredicateTrue  ; [section code]
1868    70 00                    3233          MOVEQ #0, D0  ; [section code]
186A    4E 75                    3234          RTS  ; [section code]
----                             3235    ; [section code]
----                             3236  tokvmIsIdentifierStart  ; [section code]
----                             3237          ; These predicate chains intentionally avoid lookup tables so the native  ; [section code]
----                             3238          ; implementation stays easy to audit against the Rust helper masks.  ; [section code]
186C    0C 00 00 41              3239          CMPI.B #'A', D0  ; [section code]
1870    65 00 00 0A              3240          BLO tokvmCheckIdentStartLower  ; [section code]
1874    0C 00 00 5A              3241          CMPI.B #'Z', D0  ; [section code]
1878    63 00 00 F6              3242          BLS tokvmPredicateTrue  ; [section code]
----                             3243  tokvmCheckIdentStartLower  ; [section code]
187C    0C 00 00 61              3244          CMPI.B #'a', D0  ; [section code]
1880    65 00 00 0A              3245          BLO tokvmCheckIdentStartPunct  ; [section code]
1884    0C 00 00 7A              3246          CMPI.B #'z', D0  ; [section code]
1888    63 00 00 E6              3247          BLS tokvmPredicateTrue  ; [section code]
----                             3248  tokvmCheckIdentStartPunct  ; [section code]
188C    0C 00 00 5F              3249          CMPI.B #'_', D0  ; [section code]
1890    67 00 00 DE              3250          BEQ tokvmPredicateTrue  ; [section code]
1894    0C 00 00 2E              3251          CMPI.B #'.', D0  ; '.' remains identifier-start-capable because the runtime class mask includes it  ; [section code]
1898    67 00 00 D6              3252          BEQ tokvmPredicateTrue  ; [section code]
189C    70 00                    3253          MOVEQ #0, D0  ; [section code]
189E    4E 75                    3254          RTS  ; [section code]
----                             3255    ; [section code]
----                             3256  tokvmIsIdentifierContinue  ; [section code]
18A0    0C 00 00 41              3257          CMPI.B #'A', D0  ; [section code]
18A4    65 00 00 0A              3258          BLO tokvmCheckIdentContinueLower  ; [section code]
18A8    0C 00 00 5A              3259          CMPI.B #'Z', D0  ; [section code]
18AC    63 00 00 C2              3260          BLS tokvmPredicateTrue  ; [section code]
----                             3261  tokvmCheckIdentContinueLower  ; [section code]
18B0    0C 00 00 61              3262          CMPI.B #'a', D0  ; [section code]
18B4    65 00 00 0A              3263          BLO tokvmCheckIdentContinueDigit  ; [section code]
18B8    0C 00 00 7A              3264          CMPI.B #'z', D0  ; [section code]
18BC    63 00 00 B2              3265          BLS tokvmPredicateTrue  ; [section code]
----                             3266  tokvmCheckIdentContinueDigit  ; [section code]
18C0    0C 00 00 30              3267          CMPI.B #'0', D0  ; [section code]
18C4    65 00 00 0A              3268          BLO tokvmCheckIdentExtra  ; [section code]
18C8    0C 00 00 39              3269          CMPI.B #'9', D0  ; [section code]
18CC    63 00 00 A2              3270          BLS tokvmPredicateTrue  ; [section code]
----                             3271  tokvmCheckIdentExtra  ; [section code]
18D0    0C 00 00 5F              3272          CMPI.B #'_', D0  ; [section code]
18D4    67 00 00 9A              3273          BEQ tokvmPredicateTrue  ; [section code]
18D8    0C 00 00 2E              3274          CMPI.B #'.', D0  ; [section code]
18DC    67 00 00 92              3275          BEQ tokvmPredicateTrue  ; [section code]
18E0    0C 00 00 24              3276          CMPI.B #'$', D0  ; '$' and '@' stay valid continue bytes per tokenizer_runtime_utils.rs masks  ; [section code]
18E4    67 00 00 8A              3277          BEQ tokvmPredicateTrue  ; [section code]
18E8    0C 00 00 40              3278          CMPI.B #'@', D0  ; [section code]
18EC    67 00 00 82              3279          BEQ tokvmPredicateTrue  ; [section code]
18F0    70 00                    3280          MOVEQ #0, D0  ; [section code]
18F2    4E 75                    3281          RTS  ; [section code]
----                             3282    ; [section code]
----                             3283  tokvmIsQuoteChar  ; [section code]
18F4    0C 00 00 22              3284          CMPI.B #'"', D0  ; demo program accepts both quote styles, matching the Rust helper's quote-char set  ; [section code]
18F8    67 00 00 76              3285          BEQ tokvmPredicateTrue  ; [section code]
18FC    0C 00 00 27              3286          CMPI.B #39, D0  ; [section code]
1900    67 00 00 6E              3287          BEQ tokvmPredicateTrue  ; [section code]
1904    70 00                    3288          MOVEQ #0, D0  ; [section code]
1906    4E 75                    3289          RTS  ; [section code]
----                             3290    ; [section code]
----                             3291  tokvmIsNumberBody  ; [section code]
----                             3292          ; Number bodies are deliberately permissive at scan time. Validation of  ; [section code]
----                             3293          ; bases and suffix meaning is deferred to later consumers, matching the  ; [section code]
----                             3294          ; Rust tokenizer helper contract.  ; [section code]
1908    0C 00 00 30              3295          CMPI.B #'0', D0  ; [section code]
190C    65 00 00 0A              3296          BLO tokvmCheckNumberLetters  ; [section code]
1910    0C 00 00 39              3297          CMPI.B #'9', D0  ; [section code]
1914    63 00 00 5A              3298          BLS tokvmPredicateTrue  ; [section code]
----                             3299  tokvmCheckNumberLetters  ; [section code]
1918    0C 00 00 41              3300          CMPI.B #'A', D0  ; [section code]
191C    65 00 00 0A              3301          BLO tokvmCheckNumberLower  ; [section code]
1920    0C 00 00 5A              3302          CMPI.B #'Z', D0  ; [section code]
1924    63 00 00 4A              3303          BLS tokvmPredicateTrue  ; [section code]
----                             3304  tokvmCheckNumberLower  ; [section code]
1928    0C 00 00 61              3305          CMPI.B #'a', D0  ; [section code]
192C    65 00 00 0A              3306          BLO tokvmCheckNumberExtra  ; [section code]
1930    0C 00 00 7A              3307          CMPI.B #'z', D0  ; [section code]
1934    63 00 00 3A              3308          BLS tokvmPredicateTrue  ; [section code]
----                             3309  tokvmCheckNumberExtra  ; [section code]
1938    0C 00 00 5F              3310          CMPI.B #'_', D0  ; [section code]
193C    67 00 00 32              3311          BEQ tokvmPredicateTrue  ; [section code]
1940    0C 00 00 24              3312          CMPI.B #'$', D0  ; [section code]
1944    67 00 00 2A              3313          BEQ tokvmPredicateTrue  ; [section code]
1948    0C 00 00 25              3314          CMPI.B #'%', D0  ; [section code]
194C    67 00 00 22              3315          BEQ tokvmPredicateTrue  ; [section code]
1950    0C 00 00 40              3316          CMPI.B #'@', D0  ; [section code]
1954    67 00 00 1A              3317          BEQ tokvmPredicateTrue  ; [section code]
1958    70 00                    3318          MOVEQ #0, D0  ; [section code]
195A    4E 75                    3319          RTS  ; [section code]
----                             3320    ; [section code]
----                             3321  tokvmIsHexDigitOrUnderscore  ; [section code]
----                             3322          ; Used only as a fast probe for deciding whether '$' begins a number or  ; [section code]
----                             3323          ; remains a standalone token.  ; [section code]
195C    0C 00 00 5F              3324          CMPI.B #'_', D0  ; [section code]
1960    67 00 00 0E              3325          BEQ tokvmPredicateTrue  ; [section code]
1964    4E B9 00 00 19 78        3326          JSR tokvmHexDigitValue  ; [section code]
196A    4A 80                    3327          TST.L D0  ; [section code]
196C    6B 00 00 06              3328          BMI tokvmPredicateFalse  ; [section code]
----                             3329  tokvmPredicateTrue  ; [section code]
1970    70 01                    3330          MOVEQ #1, D0  ; [section code]
1972    4E 75                    3331          RTS  ; [section code]
----                             3332    ; [section code]
----                             3333  tokvmPredicateFalse  ; [section code]
1974    70 00                    3334          MOVEQ #0, D0  ; [section code]
1976    4E 75                    3335          RTS  ; [section code]
----                             3336    ; [section code]
----                             3337  ; Shared hex nibble decoder for both string escape parsing and '$'-prefixed  ; [section code]
----                             3338  ; number probing. Returns -1 for non-hex input so callers can branch cleanly.  ; [section code]
----                             3339  tokvmHexDigitValue  ; [section code]
1978    0C 00 00 30              3340          CMPI.B #'0', D0  ; shared nibble decoder for \xHH strings and '$'-prefixed number probing  ; [section code]
197C    65 00 00 16              3341          BLO tokvmHexUpper  ; [section code]
1980    0C 00 00 39              3342          CMPI.B #'9', D0  ; [section code]
1984    62 00 00 0E              3343          BHI tokvmHexUpper  ; [section code]
1988    04 00 00 30              3344          SUBI.B #'0', D0  ; [section code]
198C    02 80 00 00 00 FF        3345          ANDI.L #$FF, D0  ; [section code]
1992    4E 75                    3346          RTS  ; [section code]
----                             3347    ; [section code]
----                             3348  tokvmHexUpper  ; [section code]
1994    0C 00 00 41              3349          CMPI.B #'A', D0  ; [section code]
1998    65 00 00 1A              3350          BLO tokvmHexLower  ; [section code]
199C    0C 00 00 46              3351          CMPI.B #'F', D0  ; [section code]
19A0    62 00 00 12              3352          BHI tokvmHexLower  ; [section code]
19A4    04 00 00 41              3353          SUBI.B #'A', D0  ; [section code]
19A8    06 00 00 0A              3354          ADDI.B #10, D0  ; [section code]
19AC    02 80 00 00 00 FF        3355          ANDI.L #$FF, D0  ; [section code]
19B2    4E 75                    3356          RTS  ; [section code]
----                             3357    ; [section code]
----                             3358  tokvmHexLower  ; [section code]
19B4    0C 00 00 61              3359          CMPI.B #'a', D0  ; [section code]
19B8    65 00 00 1A              3360          BLO tokvmHexInvalid  ; [section code]
19BC    0C 00 00 66              3361          CMPI.B #'f', D0  ; [section code]
19C0    62 00 00 12              3362          BHI tokvmHexInvalid  ; [section code]
19C4    04 00 00 61              3363          SUBI.B #'a', D0  ; [section code]
19C8    06 00 00 0A              3364          ADDI.B #10, D0  ; [section code]
19CC    02 80 00 00 00 FF        3365          ANDI.L #$FF, D0  ; [section code]
19D2    4E 75                    3366          RTS  ; [section code]
----                             3367    ; [section code]
----                             3368  tokvmHexInvalid  ; [section code]
19D4    70 FF                    3369          MOVEQ #-1, D0  ; [section code]
19D6    4E 75                    3370          RTS  ; [section code]
----                             3371    ; [section code]
----                             3372  ; Rust treats '%' as a binary-number prefix only when the byte appears where an  ; [section code]
----                             3373  ; expression can start. Without that context, % remains the modulo operator.  ; [section code]
----                             3374  tokvmPercentHasPrefixContext  ; [section code]
19D8    20 2A 00 08              3375          MOVE.L LOCAL_PENDING_START(A2), D0  ; [section code]
19DC    67 00 00 F6              3376          BEQ tokvmPercentPrefixTrue  ; [section code]
----                             3377    ; [section code]
19E0    42 6A 00 04              3378          CLR.W LOCAL_PENDING_KIND(A2)  ; [section code]
19E4    42 AA 00 14              3379          CLR.L LOCAL_TEMP_U32(A2)  ; [section code]
19E8    53 80                    3380          SUBQ.L #1, D0  ; [section code]
19EA    25 40 00 14              3381          MOVE.L D0, LOCAL_TEMP_U32(A2)  ; [section code]
19EE    43 F4 08 00              3382          LEA 0(A4, D0.L), A1  ; [section code]
19F2    70 00                    3383          MOVEQ #0, D0  ; [section code]
19F4    10 11                    3384          MOVE.B (A1), D0  ; [section code]
19F6    0C 00 00 20              3385          CMPI.B #' ', D0  ; [section code]
19FA    67 00 00 0A              3386          BEQ tokvmPercentMarkLeadingSpace  ; [section code]
19FE    0C 00 00 09              3387          CMPI.B #9, D0  ; [section code]
1A02    66 00 00 20              3388          BNE tokvmPercentCheckPrevNonSpaceByte  ; [section code]
----                             3389    ; [section code]
----                             3390  tokvmPercentMarkLeadingSpace  ; [section code]
1A06    70 01                    3391          MOVEQ #1, D0  ; [section code]
1A08    35 40 00 04              3392          MOVE.W D0, LOCAL_PENDING_KIND(A2)  ; [section code]
----                             3393    ; [section code]
----                             3394  tokvmPercentPrevNonSpaceLoop  ; [section code]
1A0C    20 2A 00 14              3395          MOVE.L LOCAL_TEMP_U32(A2), D0  ; [section code]
1A10    4A 80                    3396          TST.L D0  ; [section code]
1A12    67 00 00 C0              3397          BEQ tokvmPercentPrefixTrue  ; [section code]
1A16    53 80                    3398          SUBQ.L #1, D0  ; [section code]
1A18    25 40 00 14              3399          MOVE.L D0, LOCAL_TEMP_U32(A2)  ; [section code]
1A1C    43 F4 08 00              3400          LEA 0(A4, D0.L), A1  ; [section code]
1A20    70 00                    3401          MOVEQ #0, D0  ; [section code]
1A22    10 11                    3402          MOVE.B (A1), D0  ; [section code]
----                             3403    ; [section code]
----                             3404  tokvmPercentCheckPrevNonSpaceByte  ; [section code]
1A24    0C 00 00 20              3405          CMPI.B #' ', D0  ; [section code]
1A28    67 00 FF E2              3406          BEQ tokvmPercentPrevNonSpaceLoop  ; [section code]
1A2C    0C 00 00 09              3407          CMPI.B #9, D0  ; [section code]
1A30    67 00 FF DA              3408          BEQ tokvmPercentPrevNonSpaceLoop  ; [section code]
1A34    0C 00 00 28              3409          CMPI.B #'(', D0  ; [section code]
1A38    67 00 00 9A              3410          BEQ tokvmPercentPrefixTrue  ; [section code]
1A3C    0C 00 00 2C              3411          CMPI.B #',', D0  ; [section code]
1A40    67 00 00 92              3412          BEQ tokvmPercentPrefixTrue  ; [section code]
1A44    0C 00 00 2B              3413          CMPI.B #'+', D0  ; [section code]
1A48    67 00 00 8A              3414          BEQ tokvmPercentPrefixTrue  ; [section code]
1A4C    0C 00 00 2D              3415          CMPI.B #'-', D0  ; [section code]
1A50    67 00 00 82              3416          BEQ tokvmPercentPrefixTrue  ; [section code]
1A54    0C 00 00 2A              3417          CMPI.B #'*', D0  ; [section code]
1A58    67 00 00 7A              3418          BEQ tokvmPercentPrefixTrue  ; [section code]
1A5C    0C 00 00 2F              3419          CMPI.B #'/', D0  ; [section code]
1A60    67 00 00 72              3420          BEQ tokvmPercentPrefixTrue  ; [section code]
1A64    0C 00 00 25              3421          CMPI.B #'%', D0  ; [section code]
1A68    67 00 00 6A              3422          BEQ tokvmPercentPrefixTrue  ; [section code]
1A6C    0C 00 00 26              3423          CMPI.B #'&', D0  ; [section code]
1A70    67 00 00 62              3424          BEQ tokvmPercentPrefixTrue  ; [section code]
1A74    0C 00 00 7C              3425          CMPI.B #'|', D0  ; [section code]
1A78    67 00 00 5A              3426          BEQ tokvmPercentPrefixTrue  ; [section code]
1A7C    0C 00 00 5E              3427          CMPI.B #'^', D0  ; [section code]
1A80    67 00 00 52              3428          BEQ tokvmPercentPrefixTrue  ; [section code]
1A84    0C 00 00 7E              3429          CMPI.B #'~', D0  ; [section code]
1A88    67 00 00 4A              3430          BEQ tokvmPercentPrefixTrue  ; [section code]
1A8C    0C 00 00 21              3431          CMPI.B #'!', D0  ; [section code]
1A90    67 00 00 42              3432          BEQ tokvmPercentPrefixTrue  ; [section code]
1A94    0C 00 00 3C              3433          CMPI.B #'<', D0  ; [section code]
1A98    67 00 00 3A              3434          BEQ tokvmPercentPrefixTrue  ; [section code]
1A9C    0C 00 00 3E              3435          CMPI.B #'>', D0  ; [section code]
1AA0    67 00 00 32              3436          BEQ tokvmPercentPrefixTrue  ; [section code]
1AA4    0C 00 00 3D              3437          CMPI.B #'=', D0  ; [section code]
1AA8    67 00 00 2A              3438          BEQ tokvmPercentPrefixTrue  ; [section code]
1AAC    0C 00 00 3F              3439          CMPI.B #'?', D0  ; [section code]
1AB0    67 00 00 22              3440          BEQ tokvmPercentPrefixTrue  ; [section code]
1AB4    0C 00 00 3A              3441          CMPI.B #':', D0  ; [section code]
1AB8    67 00 00 1A              3442          BEQ tokvmPercentPrefixTrue  ; [section code]
----                             3443    ; [section code]
1ABC    4A 6A 00 04              3444          TST.W LOCAL_PENDING_KIND(A2)  ; [section code]
1AC0    67 00 00 0E              3445          BEQ tokvmPercentPrefixFalse  ; [section code]
1AC4    4E B9 00 00 18 A0        3446          JSR tokvmIsIdentifierContinue  ; [section code]
1ACA    4A 80                    3447          TST.L D0  ; [section code]
1ACC    66 00 00 06              3448          BNE tokvmPercentPrefixTrue  ; [section code]
----                             3449    ; [section code]
----                             3450  tokvmPercentPrefixFalse  ; [section code]
1AD0    70 00                    3451          MOVEQ #0, D0  ; [section code]
1AD2    4E 75                    3452          RTS  ; [section code]
----                             3453    ; [section code]
----                             3454  tokvmPercentPrefixTrue  ; [section code]
1AD4    70 01                    3455          MOVEQ #1, D0  ; [section code]
1AD6    4E 75                    3456          RTS  ; [section code]
----                             3457    ; [section code]
----                             3458          .endsection
----                             3459          .section data, kind=data  ; [section data]
----                             3460    ; [section data]
----                             3461  ; Data section: ABI marker, bytecode macros, demo bytecode, and fixed lexeme  ; [section data]
----                             3462  ; templates used by the symbol scanner.  ; [section data]
----                             3463  abiMarker  ; [section data]
0263    4F 50 46 4F 52 47 45 2D 54 4F 4B 56 4D 2D 41 42 49 2D 56 31 00  3464          .byte "OPFORGE-TOKVM-ABI-V1", 0  ; [section data]
----                             3465    ; [section data]
----                             3466  ; The emit* helpers encode the same little-endian jump-target format produced by  ; [section data]
----                             3467  ; Rust's default_family_tokenizer_vm_program_bytes(). Keep demoProgram and the  ; [section data]
----                             3468  ; DEMO_PC_* offsets together so the control-flow map stays readable.  ; [section data]
----                             3469    ; [section data]
----                             3470    ; [section data]
----                             3471    ; [section data]
----                             3472    ; [section data]
----                             3473  ; Default tokenizer VM loop for this native example.  ; [section data]
----                             3474  ; This intentionally mirrors crates/opforge-vm/src/builder.rs:  ; [section data]
----                             3475  ; - ReadChar  ; [section data]
----                             3476  ; - if EOL -> End  ; [section data]
----                             3477  ; - if whitespace -> Advance and loop  ; [section data]
----                             3478  ; - if '.' or symbol-leading punctuation -> ScanSymbol  ; [section data]
----                             3479  ; - if identifier-start -> ScanIdentifier  ; [section data]
----                             3480  ; - if digit -> ScanNumber  ; [section data]
----                             3481  ; - if quote -> ScanString  ; [section data]
----                             3482  ;  ; [section data]
----                             3483  ; The bytecode below is the readable assembler mirror of builder.rs  ; [section data]
----                             3484  ; default_family_tokenizer_vm_program_bytes(): read char, branch by class, then loop.  ; [section data]
----                             3485  demoProgram  ; [section data]
----                             3486  demoReadChar  ; [section data]
0278    01                       3487          .byte TK_OPCODE_READ_CHAR  ; [section data]
----                             3488          .block  ; [section data]
----                             3489          ; Macros keep the demo bytecode readable without obscuring the exact byte  ; [section data]
----                             3490          ; sequence that the Rust builder would emit.  ; [section data]
0279    08                       3491          .byte TK_OPCODE_JUMP_IF_EOL  ; [section data]
----                             3492          .block  ; [section data]
----                             3493          ; Keep jump targets readable in source while still emitting the same  ; [section data]
----                             3494          ; little-endian u32 layout as builder.rs and the Rust VM loader expect.  ; [section data]
027A    42                       3495          .byte (DEMO_PC_FINISH) & $ff  ; [section data]
027B    00                       3496          .byte ((DEMO_PC_FINISH) >> 8) & $ff  ; [section data]
027C    00                       3497          .byte ((DEMO_PC_FINISH) >> 16) & $ff  ; [section data]
027D    00                       3498          .byte ((DEMO_PC_FINISH) >> 24) & $ff  ; [section data]
----                             3499          .endblock  ; [section data]
----                             3500          .endblock  ; [section data]
----                             3501          .block  ; [section data]
027E    0A 01                    3502          .byte TK_OPCODE_JUMP_IF_CLASS, TK_CLASS_WHITESPACE  ; [section data]
----                             3503          .block  ; [section data]
----                             3504          ; Keep jump targets readable in source while still emitting the same  ; [section data]
----                             3505          ; little-endian u32 layout as builder.rs and the Rust VM loader expect.  ; [section data]
0280    2A                       3506          .byte (DEMO_PC_SKIP_WHITESPACE) & $ff  ; [section data]
0281    00                       3507          .byte ((DEMO_PC_SKIP_WHITESPACE) >> 8) & $ff  ; [section data]
0282    00                       3508          .byte ((DEMO_PC_SKIP_WHITESPACE) >> 16) & $ff  ; [section data]
0283    00                       3509          .byte ((DEMO_PC_SKIP_WHITESPACE) >> 24) & $ff  ; [section data]
----                             3510          .endblock  ; [section data]
----                             3511          .endblock  ; [section data]
----                             3512          .block  ; [section data]
0284    09 2E                    3513          .byte TK_OPCODE_JUMP_IF_BYTE_EQ, '.'  ; [section data]
----                             3514          .block  ; [section data]
----                             3515          ; Keep jump targets readable in source while still emitting the same  ; [section data]
----                             3516          ; little-endian u32 layout as builder.rs and the Rust VM loader expect.  ; [section data]
0286    24                       3517          .byte (DEMO_PC_SCAN_SYMBOL) & $ff  ; [section data]
0287    00                       3518          .byte ((DEMO_PC_SCAN_SYMBOL) >> 8) & $ff  ; [section data]
0288    00                       3519          .byte ((DEMO_PC_SCAN_SYMBOL) >> 16) & $ff  ; [section data]
0289    00                       3520          .byte ((DEMO_PC_SCAN_SYMBOL) >> 24) & $ff  ; [section data]
----                             3521          .endblock  ; [section data]
----                             3522          .endblock  ; [section data]
----                             3523          .block  ; [section data]
028A    0A 02                    3524          .byte TK_OPCODE_JUMP_IF_CLASS, TK_CLASS_IDENTIFIER_START  ; [section data]
----                             3525          .block  ; [section data]
----                             3526          ; Keep jump targets readable in source while still emitting the same  ; [section data]
----                             3527          ; little-endian u32 layout as builder.rs and the Rust VM loader expect.  ; [section data]
028C    30                       3528          .byte (DEMO_PC_SCAN_IDENTIFIER) & $ff  ; [section data]
028D    00                       3529          .byte ((DEMO_PC_SCAN_IDENTIFIER) >> 8) & $ff  ; [section data]
028E    00                       3530          .byte ((DEMO_PC_SCAN_IDENTIFIER) >> 16) & $ff  ; [section data]
028F    00                       3531          .byte ((DEMO_PC_SCAN_IDENTIFIER) >> 24) & $ff  ; [section data]
----                             3532          .endblock  ; [section data]
----                             3533          .endblock  ; [section data]
----                             3534          .block  ; [section data]
0290    0A 04                    3535          .byte TK_OPCODE_JUMP_IF_CLASS, TK_CLASS_DIGIT  ; [section data]
----                             3536          .block  ; [section data]
----                             3537          ; Keep jump targets readable in source while still emitting the same  ; [section data]
----                             3538          ; little-endian u32 layout as builder.rs and the Rust VM loader expect.  ; [section data]
0292    36                       3539          .byte (DEMO_PC_SCAN_NUMBER) & $ff  ; [section data]
0293    00                       3540          .byte ((DEMO_PC_SCAN_NUMBER) >> 8) & $ff  ; [section data]
0294    00                       3541          .byte ((DEMO_PC_SCAN_NUMBER) >> 16) & $ff  ; [section data]
0295    00                       3542          .byte ((DEMO_PC_SCAN_NUMBER) >> 24) & $ff  ; [section data]
----                             3543          .endblock  ; [section data]
----                             3544          .endblock  ; [section data]
----                             3545          .block  ; [section data]
0296    0A 05                    3546          .byte TK_OPCODE_JUMP_IF_CLASS, TK_CLASS_QUOTE  ; [section data]
----                             3547          .block  ; [section data]
----                             3548          ; Keep jump targets readable in source while still emitting the same  ; [section data]
----                             3549          ; little-endian u32 layout as builder.rs and the Rust VM loader expect.  ; [section data]
0298    3C                       3550          .byte (DEMO_PC_SCAN_STRING) & $ff  ; [section data]
0299    00                       3551          .byte ((DEMO_PC_SCAN_STRING) >> 8) & $ff  ; [section data]
029A    00                       3552          .byte ((DEMO_PC_SCAN_STRING) >> 16) & $ff  ; [section data]
029B    00                       3553          .byte ((DEMO_PC_SCAN_STRING) >> 24) & $ff  ; [section data]
----                             3554          .endblock  ; [section data]
----                             3555          .endblock  ; [section data]
----                             3556    ; [section data]
----                             3557  demoScanSymbol  ; [section data]
----                             3558          ; Every scan arm jumps back to DEMO_PC_READ_CHAR so the program behaves  ; [section data]
----                             3559          ; as a tight read-dispatch-scan loop until EOL.  ; [section data]
029C    12                       3560          .byte TK_OPCODE_SCAN_SYMBOL  ; [section data]
----                             3561          .block  ; [section data]
----                             3562          ; Macros keep the demo bytecode readable without obscuring the exact byte  ; [section data]
----                             3563          ; sequence that the Rust builder would emit.  ; [section data]
029D    07                       3564          .byte TK_OPCODE_JUMP  ; [section data]
----                             3565          .block  ; [section data]
----                             3566          ; Keep jump targets readable in source while still emitting the same  ; [section data]
----                             3567          ; little-endian u32 layout as builder.rs and the Rust VM loader expect.  ; [section data]
029E    00                       3568          .byte (DEMO_PC_READ_CHAR) & $ff  ; [section data]
029F    00                       3569          .byte ((DEMO_PC_READ_CHAR) >> 8) & $ff  ; [section data]
02A0    00                       3570          .byte ((DEMO_PC_READ_CHAR) >> 16) & $ff  ; [section data]
02A1    00                       3571          .byte ((DEMO_PC_READ_CHAR) >> 24) & $ff  ; [section data]
----                             3572          .endblock  ; [section data]
----                             3573          .endblock  ; [section data]
----                             3574    ; [section data]
----                             3575  demoSkipWhitespace  ; [section data]
----                             3576          ; Whitespace is the only class that does not emit a token. It simply  ; [section data]
----                             3577          ; advances one byte and loops back to the next ReadChar.  ; [section data]
02A2    02                       3578          .byte TK_OPCODE_ADVANCE  ; [section data]
----                             3579          .block  ; [section data]
----                             3580          ; Macros keep the demo bytecode readable without obscuring the exact byte  ; [section data]
----                             3581          ; sequence that the Rust builder would emit.  ; [section data]
02A3    07                       3582          .byte TK_OPCODE_JUMP  ; [section data]
----                             3583          .block  ; [section data]
----                             3584          ; Keep jump targets readable in source while still emitting the same  ; [section data]
----                             3585          ; little-endian u32 layout as builder.rs and the Rust VM loader expect.  ; [section data]
02A4    00                       3586          .byte (DEMO_PC_READ_CHAR) & $ff  ; [section data]
02A5    00                       3587          .byte ((DEMO_PC_READ_CHAR) >> 8) & $ff  ; [section data]
02A6    00                       3588          .byte ((DEMO_PC_READ_CHAR) >> 16) & $ff  ; [section data]
02A7    00                       3589          .byte ((DEMO_PC_READ_CHAR) >> 24) & $ff  ; [section data]
----                             3590          .endblock  ; [section data]
----                             3591          .endblock  ; [section data]
----                             3592    ; [section data]
----                             3593  demoScanIdentifier  ; [section data]
02A8    0F                       3594          .byte TK_OPCODE_SCAN_IDENTIFIER  ; [section data]
----                             3595          .block  ; [section data]
----                             3596          ; Macros keep the demo bytecode readable without obscuring the exact byte  ; [section data]
----                             3597          ; sequence that the Rust builder would emit.  ; [section data]
02A9    07                       3598          .byte TK_OPCODE_JUMP  ; [section data]
----                             3599          .block  ; [section data]
----                             3600          ; Keep jump targets readable in source while still emitting the same  ; [section data]
----                             3601          ; little-endian u32 layout as builder.rs and the Rust VM loader expect.  ; [section data]
02AA    00                       3602          .byte (DEMO_PC_READ_CHAR) & $ff  ; [section data]
02AB    00                       3603          .byte ((DEMO_PC_READ_CHAR) >> 8) & $ff  ; [section data]
02AC    00                       3604          .byte ((DEMO_PC_READ_CHAR) >> 16) & $ff  ; [section data]
02AD    00                       3605          .byte ((DEMO_PC_READ_CHAR) >> 24) & $ff  ; [section data]
----                             3606          .endblock  ; [section data]
----                             3607          .endblock  ; [section data]
----                             3608    ; [section data]
----                             3609  demoScanNumber  ; [section data]
02AE    10                       3610          .byte TK_OPCODE_SCAN_NUMBER  ; [section data]
----                             3611          .block  ; [section data]
----                             3612          ; Macros keep the demo bytecode readable without obscuring the exact byte  ; [section data]
----                             3613          ; sequence that the Rust builder would emit.  ; [section data]
02AF    07                       3614          .byte TK_OPCODE_JUMP  ; [section data]
----                             3615          .block  ; [section data]
----                             3616          ; Keep jump targets readable in source while still emitting the same  ; [section data]
----                             3617          ; little-endian u32 layout as builder.rs and the Rust VM loader expect.  ; [section data]
02B0    00                       3618          .byte (DEMO_PC_READ_CHAR) & $ff  ; [section data]
02B1    00                       3619          .byte ((DEMO_PC_READ_CHAR) >> 8) & $ff  ; [section data]
02B2    00                       3620          .byte ((DEMO_PC_READ_CHAR) >> 16) & $ff  ; [section data]
02B3    00                       3621          .byte ((DEMO_PC_READ_CHAR) >> 24) & $ff  ; [section data]
----                             3622          .endblock  ; [section data]
----                             3623          .endblock  ; [section data]
----                             3624    ; [section data]
----                             3625  demoScanString  ; [section data]
02B4    11                       3626          .byte TK_OPCODE_SCAN_STRING  ; [section data]
----                             3627          .block  ; [section data]
----                             3628          ; Macros keep the demo bytecode readable without obscuring the exact byte  ; [section data]
----                             3629          ; sequence that the Rust builder would emit.  ; [section data]
02B5    07                       3630          .byte TK_OPCODE_JUMP  ; [section data]
----                             3631          .block  ; [section data]
----                             3632          ; Keep jump targets readable in source while still emitting the same  ; [section data]
----                             3633          ; little-endian u32 layout as builder.rs and the Rust VM loader expect.  ; [section data]
02B6    00                       3634          .byte (DEMO_PC_READ_CHAR) & $ff  ; [section data]
02B7    00                       3635          .byte ((DEMO_PC_READ_CHAR) >> 8) & $ff  ; [section data]
02B8    00                       3636          .byte ((DEMO_PC_READ_CHAR) >> 16) & $ff  ; [section data]
02B9    00                       3637          .byte ((DEMO_PC_READ_CHAR) >> 24) & $ff  ; [section data]
----                             3638          .endblock  ; [section data]
----                             3639          .endblock  ; [section data]
----                             3640    ; [section data]
----                             3641  demoFinish  ; [section data]
02BA    00                       3642          .byte TK_OPCODE_END  ; [section data]
----                             3643    ; [section data]
----                             3644  ; Canonical lexeme spellings used by tokvmStageFixedLexeme.  ; [section data]
----                             3645  ; Keeping them in one contiguous table makes the symbol scanner readable and  ; [section data]
----                             3646  ; ensures the report's LEXHEX field stays stable across all operator forms.  ; [section data]
----                             3647  ; Grouping also makes it obvious which operators are implemented natively in  ; [section data]
----                             3648  ; this slice: if there is no fixed lexeme entry here, the scanner cannot emit it.  ; [section data]
----                             3649  lexDot  ; [section data]
02BB    2E                       3650          .byte "."  ; [section data]
----                             3651  lexDollar  ; [section data]
02BC    24                       3652          .byte "$"  ; [section data]
----                             3653  lexHash  ; [section data]
02BD    23                       3654          .byte "#"  ; [section data]
----                             3655  lexQuestion  ; [section data]
02BE    3F                       3656          .byte "?"  ; [section data]
----                             3657  lexOpenBracket  ; [section data]
02BF    5B                       3658          .byte "["  ; [section data]
----                             3659  lexCloseBracket  ; [section data]
02C0    5D                       3660          .byte "]"  ; [section data]
----                             3661  lexOpenBrace  ; [section data]
02C1    7B                       3662          .byte "{"  ; [section data]
----                             3663  lexCloseBrace  ; [section data]
02C2    7D                       3664          .byte "}"  ; [section data]
----                             3665  lexComma  ; [section data]
02C3    2C                       3666          .byte ","  ; [section data]
----                             3667  lexColon  ; [section data]
02C4    3A                       3668          .byte ":"  ; [section data]
----                             3669  lexOpenParen  ; [section data]
02C5    28                       3670          .byte "("  ; [section data]
----                             3671  lexCloseParen  ; [section data]
02C6    29                       3672          .byte ")"  ; [section data]
----                             3673  lexPlus  ; [section data]
02C7    2B                       3674          .byte "+"  ; [section data]
----                             3675  lexMinus  ; [section data]
02C8    2D                       3676          .byte "-"  ; [section data]
----                             3677  lexMultiply  ; [section data]
02C9    2A                       3678          .byte "*"  ; [section data]
----                             3679  lexPower  ; [section data]
02CA    2A 2A                    3680          .byte "**"  ; [section data]
----                             3681  lexDivide  ; [section data]
02CC    2F                       3682          .byte "/"  ; [section data]
----                             3683  lexBitNot  ; [section data]
02CD    7E                       3684          .byte "~"  ; [section data]
----                             3685  lexEq  ; [section data]
02CE    3D 3D                    3686          .byte "=="  ; [section data]
----                             3687  lexNe  ; [section data]
02D0    21 3D                    3688          .byte "!="  ; [section data]
----                             3689  lexLogicNot  ; [section data]
02D2    21                       3690          .byte "!"  ; [section data]
----                             3691  lexBitAnd  ; [section data]
02D3    26                       3692          .byte "&"  ; [section data]
----                             3693  lexBitOr  ; [section data]
02D4    7C                       3694          .byte "|"  ; [section data]
----                             3695  lexLogicAnd  ; [section data]
02D5    26 26                    3696          .byte "&&"  ; [section data]
----                             3697  lexLogicOr  ; [section data]
02D7    7C 7C                    3698          .byte "||"  ; [section data]
----                             3699  lexBitXor  ; [section data]
02D9    5E                       3700          .byte "^"  ; [section data]
----                             3701  lexLogicXor  ; [section data]
02DA    5E 5E                    3702          .byte "^^"  ; [section data]
----                             3703  lexLt  ; [section data]
02DC    3C                       3704          .byte "<"  ; [section data]
----                             3705  lexLe  ; [section data]
02DD    3C 3D                    3706          .byte "<="  ; [section data]
----                             3707  lexGt  ; [section data]
02DF    3E                       3708          .byte ">"  ; [section data]
----                             3709  lexGe  ; [section data]
02E0    3E 3D                    3710          .byte ">="  ; [section data]
----                             3711  lexShl  ; [section data]
02E2    3C 3C                    3712          .byte "<<"  ; [section data]
----                             3713  lexShr  ; [section data]
02E4    3E 3E                    3714          .byte ">>"  ; [section data]
----                             3715  lexMod  ; [section data]
02E6    25                       3716          .byte "%"  ; [section data]
----                             3717  lexRange  ; [section data]
02E7    2E 2E                    3718          .byte ".."  ; [section data]
----                             3719  lexRangeInclusive  ; [section data]
02E9    2E 2E 3D                 3720          .byte "..="  ; [section data]
----                             3721    ; [section data]
----                             3722  ; 67 bytes is the assembled size of demoProgram and must stay aligned with the  ; [section data]
----                             3723  ; symbolic DEMO_PC_* offsets above as well as the Rust builder's default loop.  ; [section data]
----                             3724  demoProgramLen  ; [section data]
02EC    00 00 00 43              3725          .long 67  ; [section data]
----                             3726    ; [section data]
----                             3727          .endsection
----                             3728          .endmodule
----                             3729          .module tkpkg.amigaos.tokenizer_vm
----                             3730          .cpu 68020
----                             3731          .pub
----                             3732          .use tkpkg.amigaos.abi (CB_INPUT_PTR, CB_INPUT_LEN)
----                             3733          .use tkpkg.amigaos.abi (STATUS_BAD_REQUEST_V1, STATUS_RUNTIME_ERROR_V1)
----                             3734          .use tkpkg.amigaos.buffers (LAST_ERROR_BUFFER_CAPACITY, PACKAGE_STATE_PIPELINE_ACTIVE)
----                             3735          .use tkpkg.amigaos.buffers (TOKEN_BUFFER_CAPACITY, TOKEN_RECORD_SIZE)
----                             3736          .use tkpkg.amigaos.buffers (TOKEN_SCRATCH_CAPACITY, TOKENIZER_VM_STATE_TABLE_CAPACITY)
----                             3737          .use tkpkg.amigaos.buffers (packageStateFlags, packageStorage, lastErrorBuffer)
----                             3738          .use tkpkg.amigaos.buffers (activeTokenizerVmOffsetLo)
----                             3739          .use tkpkg.amigaos.buffers (activeTokenizerVmStartStateLo, activeTokenizerVmStartStateHi)
----                             3740          .use tkpkg.amigaos.buffers (activeTokenizerVmStateCountLo, activeTokenizerVmStateCountHi)
----                             3741          .use tkpkg.amigaos.buffers (activeTokenizerVmStateTable)
----                             3742          .use tkpkg.amigaos.buffers (activeTokenizerVmMaxErrorsPerLine)
----                             3743          .use tkpkg.amigaos.buffers (activeTokenizerVmInvalidCharDiagLen, activeTokenizerVmInvalidCharDiagCode)
----                             3744          .use tkpkg.amigaos.buffers (activeTokenizerVmUnterminatedStringDiagLen, activeTokenizerVmUnterminatedStringDiagCode)
----                             3745          .use tkpkg.amigaos.buffers (activeTokenizerVmStepLimitDiagLen, activeTokenizerVmStepLimitDiagCode)
----                             3746          .use tkpkg.amigaos.buffers (activeTokenizerVmTokenLimitDiagLen, activeTokenizerVmTokenLimitDiagCode)
----                             3747          .use tkpkg.amigaos.buffers (activeTokenizerVmLexemeLimitDiagLen, activeTokenizerVmLexemeLimitDiagCode)
----                             3748          .use tkpkg.amigaos.buffers (activeTokenizerVmErrorLimitDiagLen, activeTokenizerVmErrorLimitDiagCode)
----                             3749          .use tkpkg.amigaos.buffers (tokenRecordBuffer, tokenScratchBuffer)
----                             3750          .use tokvm.amigaos.tokenizer_vm (tokvm_run_68000, tokvm_set_step_budget_68000)
----                             3751          .use tokvm.amigaos.tokenizer_vm (tokvm_set_program_state_table_68000)
----                             3752          .use tokvm.amigaos.tokenizer_vm (tokvm_read_last_failure_68000)
----                             3753          .use tokvm.amigaos.tokenizer_vm (TOKVM_DEFAULT_MAX_STEPS_PER_LINE)
----                             3754          .use tokvm.amigaos.tokenizer_vm (TK_STATUS_SUCCESS, TK_STATUS_NEWLINE_UNSUPPORTED)
----                             3755          .use tokvm.amigaos.tokenizer_vm (TK_STATUS_TOKEN_OVERFLOW, TK_STATUS_LEXEME_OVERFLOW)
----                             3756          .use tokvm.amigaos.tokenizer_vm (TK_STATUS_VM_FAILURE, TK_STATUS_INVALID_ARGUMENT)
----                             3757          .use tokvm.amigaos.tokenizer_vm (TK_STATUS_INVALID_PROGRAM, TK_STATUS_STEP_LIMIT_EXCEEDED)
----                             3758          .use tokvm.amigaos.tokenizer_vm (TK_VM_FAILURE_KIND_FAIL, TK_VM_FAILURE_KIND_EMIT_DIAG)
----                             3759          .use tokvm.amigaos.tokenizer_vm (TK_KIND_IDENTIFIER, TK_KIND_NUMBER, TK_KIND_STRING)
----                             3760          .use tokvm.amigaos.tokenizer_vm (TK_KIND_COMMA, TK_KIND_COLON, TK_KIND_DOLLAR)
----                             3761          .use tokvm.amigaos.tokenizer_vm (TK_KIND_DOT, TK_KIND_HASH, TK_KIND_QUESTION)
----                             3762          .use tokvm.amigaos.tokenizer_vm (TK_KIND_OPEN_BRACKET, TK_KIND_CLOSE_BRACKET)
----                             3763          .use tokvm.amigaos.tokenizer_vm (TK_KIND_OPEN_BRACE, TK_KIND_CLOSE_BRACE)
----                             3764          .use tokvm.amigaos.tokenizer_vm (TK_KIND_OPEN_PAREN, TK_KIND_CLOSE_PAREN)
----                             3765          .use tokvm.amigaos.tokenizer_vm (TK_KIND_OP_RANGE, TK_KIND_OP_RANGE_INCLUSIVE)
----                             3766          .use tokvm.amigaos.tokenizer_vm (TK_KIND_OP_PLUS, TK_KIND_OP_MINUS)
----                             3767          .use tokvm.amigaos.tokenizer_vm (TK_KIND_OP_MULTIPLY, TK_KIND_OP_POWER)
----                             3768          .use tokvm.amigaos.tokenizer_vm (TK_KIND_OP_DIVIDE, TK_KIND_OP_MOD)
----                             3769          .use tokvm.amigaos.tokenizer_vm (TK_KIND_OP_SHL, TK_KIND_OP_SHR)
----                             3770          .use tokvm.amigaos.tokenizer_vm (TK_KIND_OP_BIT_NOT, TK_KIND_OP_LOGIC_NOT)
----                             3771          .use tokvm.amigaos.tokenizer_vm (TK_KIND_OP_BIT_AND, TK_KIND_OP_BIT_OR)
----                             3772          .use tokvm.amigaos.tokenizer_vm (TK_KIND_OP_BIT_XOR)
----                             3773          .use tokvm.amigaos.tokenizer_vm (TK_KIND_OP_LOGIC_AND, TK_KIND_OP_LOGIC_OR)
----                             3774          .use tokvm.amigaos.tokenizer_vm (TK_KIND_OP_LOGIC_XOR, TK_KIND_OP_EQ)
----                             3775          .use tokvm.amigaos.tokenizer_vm (TK_KIND_OP_NE, TK_KIND_OP_GE)
----                             3776          .use tokvm.amigaos.tokenizer_vm (TK_KIND_OP_GT, TK_KIND_OP_LE, TK_KIND_OP_LT)
----                             3777  
----    EQU 0001                 3778  TKVM_OPCODE_VERSION_V1                = 1
----    EQU 0001                 3779  TKVM_STREAM_VERSION_V1                = 1
----    EQU 0001                 3780  TKVM_STREAM_MODE_LINE                 = 1
----                             3781  
----    EQU 0028                 3782  NO_PIPELINE_TEXT_LEN                  = 40
----    EQU 002A                 3783  BAD_PAYLOAD_TEXT_LEN                  = 42
----    EQU 0026                 3784  NEWLINE_TEXT_LEN                      = 38
----    EQU 0026                 3785  STEP_LIMIT_TEXT_LEN                   = 38
----    EQU 0021                 3786  TOKEN_OVERFLOW_TEXT_LEN               = 33
----    EQU 0022                 3787  LEXEME_OVERFLOW_TEXT_LEN              = 34
----    EQU 0023                 3788  INVALID_PROGRAM_TEXT_LEN              = 35
----    EQU 0024                 3789  BAD_PROGRAM_HEADER_TEXT_LEN           = 36
----    EQU 0024                 3790  INVALID_ARGUMENT_TEXT_LEN             = 36
----    EQU 0022                 3791  OUTPUT_OVERFLOW_TEXT_LEN              = 34
----    EQU 0020                 3792  STEP_LIMIT_SUFFIX_LEN                 = 32
----    EQU 001A                 3793  TOKEN_OVERFLOW_SUFFIX_LEN             = 26
----    EQU 001B                 3794  LEXEME_OVERFLOW_SUFFIX_LEN            = 27
----    EQU 001E                 3795  VM_FAILURE_REASON_SUFFIX_LEN          = 30
----    EQU 0027                 3796  VM_EMIT_DIAG_SUFFIX_LEN               = 39
----    EQU 002F                 3797  VM_DIAG_BUDGET_EXCEEDED_LEN           = 47
----    EQU 001C                 3798  VM_FAILURE_FALLBACK_TEXT_LEN          = 28
----                             3799  
----    EQU 0000                 3800  LOCAL_OUTPUT_LEN                      = 0
----    EQU 0004                 3801  LOCAL_OUTPUT_OVERFLOW                 = 4
----    EQU 0008                 3802  LOCAL_RENDER_LINE                     = 8
----    EQU 000C                 3803  LOCAL_DECIMAL_EMITTED                 = 12
----    EQU 0010                 3804  LOCAL_SIZE                            = 16
----                             3805  
----                             3806          .section data, kind=data  ; [section data]
----                             3807    ; [section data]
----                             3808  noPipelineText  ; [section data]
02F0    4F 54 52 30 30 31 3A 20 74 6F 6B 65 6E 69 7A 65 5F 6C 69 6E 65 20 72 65 71 75 69 72 65 73 20 73 65 74 5F 70 69 70 65 6C 69 6E 65 00  3809          .byte "OTR001: tokenize_line requires set_pipeline", 0  ; [section data]
----                             3810    ; [section data]
----                             3811  badPayloadText  ; [section data]
031C    4F 54 52 30 30 32 3A 20 74 6F 6B 65 6E 69 7A 65 5F 6C 69 6E 65 20 72 65 71 75 69 72 65 73 20 61 20 34 2D 62 79 74 65 20 6C 69 6E 65 20 70 72 65 66 69 78 00  3812          .byte "OTR002: tokenize_line requires a 4-byte line prefix", 0  ; [section data]
----                             3813    ; [section data]
----                             3814  newlineText  ; [section data]
0350    4F 54 52 30 30 34 3A 20 74 6F 6B 65 6E 69 7A 65 5F 6C 69 6E 65 20 72 65 6A 65 63 74 73 20 6E 65 77 6C 69 6E 65 20 62 79 74 65 73 00  3815          .byte "OTR004: tokenize_line rejects newline bytes", 0  ; [section data]
----                             3816    ; [section data]
----                             3817  stepLimitText  ; [section data]
037C    4F 54 52 39 30 31 3A 20 74 6F 6B 65 6E 69 7A 65 72 20 73 74 65 70 20 62 75 64 67 65 74 20 65 78 63 65 65 64 65 64 00  3818          .byte "OTR901: tokenizer step budget exceeded", 0  ; [section data]
----                             3819    ; [section data]
----                             3820  tokenOverflowText  ; [section data]
03A3    4F 54 52 39 30 31 3A 20 74 6F 6B 65 6E 69 7A 65 72 20 74 6F 6B 65 6E 20 6F 76 65 72 66 6C 6F 77 00  3821          .byte "OTR901: tokenizer token overflow", 0  ; [section data]
----                             3822    ; [section data]
----                             3823  lexemeOverflowText  ; [section data]
03C4    4F 54 52 39 30 31 3A 20 74 6F 6B 65 6E 69 7A 65 72 20 6C 65 78 65 6D 65 20 6F 76 65 72 66 6C 6F 77 00  3824          .byte "OTR901: tokenizer lexeme overflow", 0  ; [section data]
----                             3825    ; [section data]
----                             3826  invalidProgramText  ; [section data]
03E6    4F 54 52 39 30 31 3A 20 69 6E 76 61 6C 69 64 20 74 6F 6B 65 6E 69 7A 65 72 20 56 4D 20 70 72 6F 67 72 61 6D 00  3827          .byte "OTR901: invalid tokenizer VM program", 0  ; [section data]
----                             3828    ; [section data]
----                             3829  badProgramHeaderText  ; [section data]
040B    4F 54 52 39 30 31 3A 20 62 61 64 20 74 6F 6B 65 6E 69 7A 65 72 20 56 4D 20 68 65 61 64 65 72 20 62 79 74 65 73 00  3830          .byte "OTR901: bad tokenizer VM header bytes", 0  ; [section data]
----                             3831    ; [section data]
----                             3832  invalidArgumentText  ; [section data]
0431    4F 54 52 39 30 31 3A 20 69 6E 76 61 6C 69 64 20 74 6F 6B 65 6E 69 7A 65 5F 6C 69 6E 65 20 61 72 67 75 6D 65 6E 74 73 00  3833          .byte "OTR901: invalid tokenize_line arguments", 0  ; [section data]
----                             3834    ; [section data]
----                             3835  outputOverflowText  ; [section data]
0459    4F 54 52 39 30 31 3A 20 74 6F 6B 65 6E 69 7A 65 72 20 6F 75 74 70 75 74 20 6F 76 65 72 66 6C 6F 77 00  3836          .byte "OTR901: tokenizer output overflow", 0  ; [section data]
----                             3837    ; [section data]
----                             3838  stepLimitSuffixText  ; [section data]
047B    3A 20 74 6F 6B 65 6E 69 7A 65 72 20 73 74 65 70 20 62 75 64 67 65 74 20 65 78 63 65 65 64 65 64  3839          .byte ": tokenizer step budget exceeded"  ; [section data]
----                             3840    ; [section data]
----                             3841  tokenOverflowSuffixText  ; [section data]
049B    3A 20 74 6F 6B 65 6E 69 7A 65 72 20 74 6F 6B 65 6E 20 6F 76 65 72 66 6C 6F 77  3842          .byte ": tokenizer token overflow"  ; [section data]
----                             3843    ; [section data]
----                             3844  lexemeOverflowSuffixText  ; [section data]
04B5    3A 20 74 6F 6B 65 6E 69 7A 65 72 20 6C 65 78 65 6D 65 20 6F 76 65 72 66 6C 6F 77  3845          .byte ": tokenizer lexeme overflow"  ; [section data]
----                             3846    ; [section data]
----                             3847  vmFailureReasonSuffixText  ; [section data]
04D0    3A 20 74 6F 6B 65 6E 69 7A 65 72 20 56 4D 20 66 61 69 6C 75 72 65 20 72 65 61 73 6F 6E 20  3848          .byte ": tokenizer VM failure reason "  ; [section data]
----                             3849    ; [section data]
----                             3850  vmEmitDiagSuffixText  ; [section data]
04EE    3A 20 74 6F 6B 65 6E 69 7A 65 72 20 56 4D 20 65 6D 69 74 74 65 64 20 64 69 61 67 6E 6F 73 74 69 63 20 73 6C 6F 74 20  3851          .byte ": tokenizer VM emitted diagnostic slot "  ; [section data]
----                             3852    ; [section data]
----                             3853  vmDiagBudgetExceededText  ; [section data]
0515    3A 20 74 6F 6B 65 6E 69 7A 65 72 20 56 4D 20 64 69 61 67 6E 6F 73 74 69 63 20 62 75 64 67 65 74 20 65 78 63 65 65 64 65 64 20 28 31 2F 30 29  3854          .byte ": tokenizer VM diagnostic budget exceeded (1/0)"  ; [section data]
----                             3855    ; [section data]
----                             3856  vmFailureFallbackText  ; [section data]
0544    4F 54 52 39 30 31 3A 20 74 6F 6B 65 6E 69 7A 65 72 20 56 4D 20 66 61 69 6C 75 72 65 00  3857          .byte "OTR901: tokenizer VM failure", 0  ; [section data]
----                             3858    ; [section data]
----                             3859  identifierPrefix  ; [section data]
0561    49 64 65 6E 74 69 66 69 65 72 28  3860          .byte "Identifier("  ; [section data]
----                             3861    ; [section data]
----                             3862  numberPrefix  ; [section data]
056C    4E 75 6D 62 65 72 20 7B 20 74 65 78 74 3A 20  3863          .byte "Number { text: "  ; [section data]
----                             3864    ; [section data]
----                             3865  numberBasePrefix  ; [section data]
057B    2C 20 62 61 73 65 3A 20  3866          .byte ", base: "  ; [section data]
----                             3867    ; [section data]
----                             3868  stringPrefix  ; [section data]
0583    53 74 72 69 6E 67 20 7B 20 72 61 77 3A 20  3869          .byte "String { raw: "  ; [section data]
----                             3870    ; [section data]
----                             3871  stringBytesPrefix  ; [section data]
0591    2C 20 62 79 74 65 73 3A 20 5B  3872          .byte ", bytes: ["  ; [section data]
----                             3873    ; [section data]
----                             3874  stringSuffix  ; [section data]
059B    5D 20 7D                 3875          .byte "] }"  ; [section data]
----                             3876    ; [section data]
----                             3877  operatorPrefix  ; [section data]
059E    4F 70 65 72 61 74 6F 72 28  3878          .byte "Operator("  ; [section data]
----                             3879    ; [section data]
----                             3880  atSep  ; [section data]
05A7    40                       3881          .byte "@"  ; [section data]
----                             3882    ; [section data]
----                             3883  colonSep  ; [section data]
05A8    3A                       3884          .byte ":"  ; [section data]
----                             3885    ; [section data]
----                             3886  dashSep  ; [section data]
05A9    2D                       3887          .byte "-"  ; [section data]
----                             3888    ; [section data]
----                             3889  newlineSep  ; [section data]
05AA    0A                       3890          .byte 10  ; [section data]
----                             3891    ; [section data]
----                             3892  closeParenText  ; [section data]
05AB    29                       3893          .byte ")"  ; [section data]
----                             3894    ; [section data]
----                             3895  commaSpaceText  ; [section data]
05AC    2C 20                    3896          .byte ", "  ; [section data]
----                             3897    ; [section data]
----                             3898  commaText  ; [section data]
05AE    2C                       3899          .byte ","  ; [section data]
----                             3900    ; [section data]
----                             3901  hexDigits  ; [section data]
05AF    30 31 32 33 34 35 36 37 38 39 41 42 43 44 45 46  3902          .byte "0123456789ABCDEF"  ; [section data]
----                             3903    ; [section data]
----                             3904  decimalPowers  ; [section data]
05BF    3B 9A CA 00              3905          .long 1000000000  ; [section data]
05C3    05 F5 E1 00              3906          .long 100000000  ; [section data]
05C7    00 98 96 80              3907          .long 10000000  ; [section data]
05CB    00 0F 42 40              3908          .long 1000000  ; [section data]
05CF    00 01 86 A0              3909          .long 100000  ; [section data]
05D3    00 00 27 10              3910          .long 10000  ; [section data]
05D7    00 00 03 E8              3911          .long 1000  ; [section data]
05DB    00 00 00 64              3912          .long 100  ; [section data]
05DF    00 00 00 0A              3913          .long 10  ; [section data]
05E3    00 00 00 01              3914          .long 1  ; [section data]
----                             3915    ; [section data]
----                             3916  kindCommaText  ; [section data]
05E7    43 6F 6D 6D 61           3917          .byte "Comma"  ; [section data]
----                             3918  kindColonText  ; [section data]
05EC    43 6F 6C 6F 6E           3919          .byte "Colon"  ; [section data]
----                             3920  kindDollarText  ; [section data]
05F1    44 6F 6C 6C 61 72        3921          .byte "Dollar"  ; [section data]
----                             3922  kindDotText  ; [section data]
05F7    44 6F 74                 3923          .byte "Dot"  ; [section data]
----                             3924  kindHashText  ; [section data]
05FA    48 61 73 68              3925          .byte "Hash"  ; [section data]
----                             3926  kindQuestionText  ; [section data]
05FE    51 75 65 73 74 69 6F 6E  3927          .byte "Question"  ; [section data]
----                             3928  kindOpenBracketText  ; [section data]
0606    4F 70 65 6E 42 72 61 63 6B 65 74  3929          .byte "OpenBracket"  ; [section data]
----                             3930  kindCloseBracketText  ; [section data]
0611    43 6C 6F 73 65 42 72 61 63 6B 65 74  3931          .byte "CloseBracket"  ; [section data]
----                             3932  kindOpenBraceText  ; [section data]
061D    4F 70 65 6E 42 72 61 63 65  3933          .byte "OpenBrace"  ; [section data]
----                             3934  kindCloseBraceText  ; [section data]
0626    43 6C 6F 73 65 42 72 61 63 65  3935          .byte "CloseBrace"  ; [section data]
----                             3936  kindOpenParenText  ; [section data]
0630    4F 70 65 6E 50 61 72 65 6E  3937          .byte "OpenParen"  ; [section data]
----                             3938  kindCloseParenText  ; [section data]
0639    43 6C 6F 73 65 50 61 72 65 6E  3939          .byte "CloseParen"  ; [section data]
----                             3940    ; [section data]
----                             3941  opRangeText  ; [section data]
0643    52 61 6E 67 65           3942          .byte "Range"  ; [section data]
----                             3943  opRangeInclusiveText  ; [section data]
0648    52 61 6E 67 65 49 6E 63 6C 75 73 69 76 65  3944          .byte "RangeInclusive"  ; [section data]
----                             3945  opPlusText  ; [section data]
0656    50 6C 75 73              3946          .byte "Plus"  ; [section data]
----                             3947  opMinusText  ; [section data]
065A    4D 69 6E 75 73           3948          .byte "Minus"  ; [section data]
----                             3949  opMultiplyText  ; [section data]
065F    4D 75 6C 74 69 70 6C 79  3950          .byte "Multiply"  ; [section data]
----                             3951  opPowerText  ; [section data]
0667    50 6F 77 65 72           3952          .byte "Power"  ; [section data]
----                             3953  opDivideText  ; [section data]
066C    44 69 76 69 64 65        3954          .byte "Divide"  ; [section data]
----                             3955  opModText  ; [section data]
0672    4D 6F 64                 3956          .byte "Mod"  ; [section data]
----                             3957  opShlText  ; [section data]
0675    53 68 6C                 3958          .byte "Shl"  ; [section data]
----                             3959  opShrText  ; [section data]
0678    53 68 72                 3960          .byte "Shr"  ; [section data]
----                             3961  opBitNotText  ; [section data]
067B    42 69 74 4E 6F 74        3962          .byte "BitNot"  ; [section data]
----                             3963  opLogicNotText  ; [section data]
0681    4C 6F 67 69 63 4E 6F 74  3964          .byte "LogicNot"  ; [section data]
----                             3965  opBitAndText  ; [section data]
0689    42 69 74 41 6E 64        3966          .byte "BitAnd"  ; [section data]
----                             3967  opBitOrText  ; [section data]
068F    42 69 74 4F 72           3968          .byte "BitOr"  ; [section data]
----                             3969  opBitXorText  ; [section data]
0694    42 69 74 58 6F 72        3970          .byte "BitXor"  ; [section data]
----                             3971  opLogicAndText  ; [section data]
069A    4C 6F 67 69 63 41 6E 64  3972          .byte "LogicAnd"  ; [section data]
----                             3973  opLogicOrText  ; [section data]
06A2    4C 6F 67 69 63 4F 72     3974          .byte "LogicOr"  ; [section data]
----                             3975  opLogicXorText  ; [section data]
06A9    4C 6F 67 69 63 58 6F 72  3976          .byte "LogicXor"  ; [section data]
----                             3977  opEqText  ; [section data]
06B1    45 71                    3978          .byte "Eq"  ; [section data]
----                             3979  opNeText  ; [section data]
06B3    4E 65                    3980          .byte "Ne"  ; [section data]
----                             3981  opGeText  ; [section data]
06B5    47 65                    3982          .byte "Ge"  ; [section data]
----                             3983  opGtText  ; [section data]
06B7    47 74                    3984          .byte "Gt"  ; [section data]
----                             3985  opLeText  ; [section data]
06B9    4C 65                    3986          .byte "Le"  ; [section data]
----                             3987  opLtText  ; [section data]
06BB    4C 74                    3988          .byte "Lt"  ; [section data]
----                             3989    ; [section data]
----                             3990          .endsection
----                             3991  
----                             3992          .section code, kind=code  ; [section code]
----                             3993    ; [section code]
----                             3994  tkpkg_tokenizer_vm_tokenize_line_v1  ; [section code]
1AD8    48 E7 3F 3E              3995          MOVEM.L D2-D7/A2-A6, -(SP)  ; [section code]
1ADC    08 39 00 01 00 00 26 20  3996          BTST #1, packageStateFlags  ; [section code]
1AE4    66 0E                    3997          BNE.S tkpkgTokenizerPipelineReady  ; [section code]
1AE6    43 F9 00 00 02 F0        3998          LEA noPipelineText, A1  ; [section code]
1AEC    72 28                    3999          MOVEQ #NO_PIPELINE_TEXT_LEN, D1  ; [section code]
1AEE    70 03                    4000          MOVEQ #STATUS_RUNTIME_ERROR_V1, D0  ; [section code]
1AF0    60 00 00 B2              4001          BRA.W tkpkgTokenizerDone  ; [section code]
----                             4002    ; [section code]
----                             4003  tkpkgTokenizerPipelineReady  ; [section code]
1AF4    61 00 00 B4              4004          BSR.W tkpkg_tokenizer_vm_read_line_payload_v1  ; [section code]
1AF8    4A 00                    4005          TST.B D0  ; [section code]
1AFA    66 00 00 A8              4006          BNE.W tkpkgTokenizerDone  ; [section code]
1AFE    61 00 01 0E              4007          BSR.W tkpkg_tokenizer_vm_read_program_v1  ; [section code]
1B02    4A 00                    4008          TST.B D0  ; [section code]
1B04    66 00 00 9E              4009          BNE.W tkpkgTokenizerDone  ; [section code]
1B08    20 3C 00 00 08 00        4010          MOVE.L #TOKVM_DEFAULT_MAX_STEPS_PER_LINE, D0  ; [section code]
1B0E    4E B9 00 00 0B D8        4011          JSR tokvm_set_step_budget_68000  ; [section code]
1B14    2A 4B                    4012          MOVEA.L A3, A5  ; [section code]
1B16    2E 03                    4013          MOVE.L D3, D7  ; [section code]
1B18    0C 15 00 01              4014          CMPI.B #1, (A5)  ; [section code]
1B1C    66 00 02 64              4015          BNE.W tkpkgTokenizerDebugBadProgramHeader  ; [section code]
1B20    0C 2D 00 08 00 01        4016          CMPI.B #8, 1(A5)  ; [section code]
1B26    66 00 02 5A              4017          BNE.W tkpkgTokenizerDebugBadProgramHeader  ; [section code]
1B2A    2F 06                    4018          MOVE.L D6, -(SP)  ; [section code]
1B2C    41 F9 00 00 26 A6        4019          LEA activeTokenizerVmStateTable, A0  ; [section code]
1B32    70 00                    4020          MOVEQ #0, D0  ; [section code]
1B34    10 39 00 00 26 A4        4021          MOVE.B activeTokenizerVmStateCountLo, D0  ; [section code]
1B3A    72 00                    4022          MOVEQ #0, D1  ; [section code]
1B3C    12 39 00 00 26 A5        4023          MOVE.B activeTokenizerVmStateCountHi, D1  ; [section code]
1B42    E1 49                    4024          LSL.W #8, D1  ; [section code]
1B44    80 41                    4025          OR.W D1, D0  ; [section code]
1B46    72 00                    4026          MOVEQ #0, D1  ; [section code]
1B48    12 39 00 00 26 A2        4027          MOVE.B activeTokenizerVmStartStateLo, D1  ; [section code]
1B4E    74 00                    4028          MOVEQ #0, D2  ; [section code]
1B50    14 39 00 00 26 A3        4029          MOVE.B activeTokenizerVmStartStateHi, D2  ; [section code]
1B56    E1 4A                    4030          LSL.W #8, D2  ; [section code]
1B58    82 42                    4031          OR.W D2, D1  ; [section code]
1B5A    4E B9 00 00 0B EA        4032          JSR tokvm_set_program_state_table_68000  ; [section code]
1B60    20 4C                    4033          MOVEA.L A4, A0  ; [section code]
1B62    20 04                    4034          MOVE.L D4, D0  ; [section code]
1B64    43 F9 00 00 20 20        4035          LEA tokenRecordBuffer, A1  ; [section code]
1B6A    72 00                    4036          MOVEQ #0, D1  ; [section code]
1B6C    32 3C 00 40              4037          MOVE.W #TOKEN_BUFFER_CAPACITY, D1  ; [section code]
1B70    45 F9 00 00 25 20        4038          LEA tokenScratchBuffer, A2  ; [section code]
1B76    74 00                    4039          MOVEQ #0, D2  ; [section code]
1B78    34 3C 01 00              4040          MOVE.W #TOKEN_SCRATCH_CAPACITY, D2  ; [section code]
1B7C    26 4D                    4041          MOVEA.L A5, A3  ; [section code]
1B7E    26 07                    4042          MOVE.L D7, D3  ; [section code]
1B80    4E B9 00 00 0C 1E        4043          JSR tokvm_run_68000  ; [section code]
1B86    2C 1F                    4044          MOVE.L (SP)+, D6  ; [section code]
1B88    0C 00 00 00              4045          CMPI.B #TK_STATUS_SUCCESS, D0  ; [section code]
1B8C    67 08                    4046          BEQ.S tkpkgTokenizerRender  ; [section code]
1B8E    61 00 01 FE              4047          BSR.W tkpkg_tokenizer_vm_status_message_v1  ; [section code]
1B92    60 00 00 10              4048          BRA.W tkpkgTokenizerDone  ; [section code]
----                             4049    ; [section code]
----                             4050  tkpkgTokenizerRender  ; [section code]
1B96    61 00 03 FC              4051          BSR.W tkpkg_tokenizer_vm_validate_result_v1  ; [section code]
1B9A    4A 00                    4052          TST.B D0  ; [section code]
1B9C    66 00 01 D8              4053          BNE.W tkpkgTokenizerInvalidProgram  ; [section code]
1BA0    61 00 04 70              4054          BSR.W tkpkg_tokenizer_vm_render_output_v1  ; [section code]
----                             4055    ; [section code]
----                             4056  tkpkgTokenizerDone  ; [section code]
1BA4    4C DF 7C FC              4057          MOVEM.L (SP)+, D2-D7/A2-A6  ; [section code]
1BA8    4E 75                    4058          RTS  ; [section code]
----                             4059    ; [section code]
----                             4060  tkpkg_tokenizer_vm_read_line_payload_v1  ; [section code]
1BAA    70 00                    4061          MOVEQ #0, D0  ; [section code]
1BAC    10 28 00 12              4062          MOVE.B CB_INPUT_LEN(A0), D0  ; [section code]
1BB0    72 00                    4063          MOVEQ #0, D1  ; [section code]
1BB2    12 28 00 13              4064          MOVE.B 19(A0), D1  ; [section code]
1BB6    E1 49                    4065          LSL.W #8, D1  ; [section code]
1BB8    80 41                    4066          OR.W D1, D0  ; [section code]
1BBA    0C 40 00 04              4067          CMPI.W #4, D0  ; [section code]
1BBE    65 42                    4068          BLO.S tkpkgTokenizerBadPayload  ; [section code]
1BC0    38 00                    4069          MOVE.W D0, D4  ; [section code]
1BC2    59 44                    4070          SUBQ.W #4, D4  ; [section code]
1BC4    70 00                    4071          MOVEQ #0, D0  ; [section code]
1BC6    10 28 00 10              4072          MOVE.B CB_INPUT_PTR(A0), D0  ; [section code]
1BCA    72 00                    4073          MOVEQ #0, D1  ; [section code]
1BCC    12 28 00 11              4074          MOVE.B 17(A0), D1  ; [section code]
1BD0    E1 49                    4075          LSL.W #8, D1  ; [section code]
1BD2    80 41                    4076          OR.W D1, D0  ; [section code]
1BD4    4A 40                    4077          TST.W D0  ; [section code]
1BD6    67 2A                    4078          BEQ.S tkpkgTokenizerBadPayload  ; [section code]
1BD8    49 F0 00 00              4079          LEA 0(A0, D0.W), A4  ; [section code]
1BDC    7C 00                    4080          MOVEQ #0, D6  ; [section code]
1BDE    1C 1C                    4081          MOVE.B (A4)+, D6  ; [section code]
1BE0    72 00                    4082          MOVEQ #0, D1  ; [section code]
1BE2    12 1C                    4083          MOVE.B (A4)+, D1  ; [section code]
1BE4    E1 89                    4084          LSL.L #8, D1  ; [section code]
1BE6    8C 81                    4085          OR.L D1, D6  ; [section code]
1BE8    72 00                    4086          MOVEQ #0, D1  ; [section code]
1BEA    12 1C                    4087          MOVE.B (A4)+, D1  ; [section code]
1BEC    E1 89                    4088          LSL.L #8, D1  ; [section code]
1BEE    E1 89                    4089          LSL.L #8, D1  ; [section code]
1BF0    8C 81                    4090          OR.L D1, D6  ; [section code]
1BF2    72 00                    4091          MOVEQ #0, D1  ; [section code]
1BF4    12 1C                    4092          MOVE.B (A4)+, D1  ; [section code]
1BF6    E1 89                    4093          LSL.L #8, D1  ; [section code]
1BF8    E1 89                    4094          LSL.L #8, D1  ; [section code]
1BFA    E1 89                    4095          LSL.L #8, D1  ; [section code]
1BFC    8C 81                    4096          OR.L D1, D6  ; [section code]
1BFE    70 00                    4097          MOVEQ #0, D0  ; [section code]
1C00    4E 75                    4098          RTS  ; [section code]
----                             4099    ; [section code]
----                             4100  tkpkgTokenizerBadPayload  ; [section code]
1C02    43 F9 00 00 03 1C        4101          LEA badPayloadText, A1  ; [section code]
1C08    72 2A                    4102          MOVEQ #BAD_PAYLOAD_TEXT_LEN, D1  ; [section code]
1C0A    70 02                    4103          MOVEQ #STATUS_BAD_REQUEST_V1, D0  ; [section code]
1C0C    4E 75                    4104          RTS  ; [section code]
----                             4105    ; [section code]
----                             4106  tkpkg_tokenizer_vm_read_program_v1  ; [section code]
1C0E    43 F9 00 00 26 9D        4107          LEA activeTokenizerVmOffsetLo, A1  ; [section code]
1C14    70 00                    4108          MOVEQ #0, D0  ; [section code]
1C16    10 19                    4109          MOVE.B (A1)+, D0  ; [section code]
1C18    72 00                    4110          MOVEQ #0, D1  ; [section code]
1C1A    12 19                    4111          MOVE.B (A1)+, D1  ; [section code]
1C1C    E1 49                    4112          LSL.W #8, D1  ; [section code]
1C1E    80 41                    4113          OR.W D1, D0  ; [section code]
1C20    74 00                    4114          MOVEQ #0, D2  ; [section code]
1C22    14 19                    4115          MOVE.B (A1)+, D2  ; [section code]
1C24    72 00                    4116          MOVEQ #0, D1  ; [section code]
1C26    12 19                    4117          MOVE.B (A1)+, D1  ; [section code]
1C28    E1 49                    4118          LSL.W #8, D1  ; [section code]
1C2A    84 41                    4119          OR.W D1, D2  ; [section code]
1C2C    4A 42                    4120          TST.W D2  ; [section code]
1C2E    67 00 01 46              4121          BEQ.W tkpkgTokenizerInvalidProgram  ; [section code]
1C32    45 F9 00 00 10 20        4122          LEA packageStorage, A2  ; [section code]
1C38    45 F2 00 00              4123          LEA 0(A2, D0.W), A2  ; [section code]
1C3C    52 4A                    4124          ADDQ.W #1, A2  ; [section code]
1C3E    61 00 0A 8A              4125          BSR.W tkpkg_tokenizer_vm_skip_string_v1  ; [section code]
1C42    61 00 0A C6              4126          BSR.W tkpkg_tokenizer_vm_read_u16_le_v1  ; [section code]
1C46    0C 40 00 01              4127          CMPI.W #TKVM_OPCODE_VERSION_V1, D0  ; [section code]
1C4A    66 00 01 2A              4128          BNE.W tkpkgTokenizerInvalidProgram  ; [section code]
1C4E    61 00 0A BA              4129          BSR.W tkpkg_tokenizer_vm_read_u16_le_v1  ; [section code]
1C52    13 C0 00 00 26 A2        4130          MOVE.B D0, activeTokenizerVmStartStateLo  ; [section code]
1C58    E0 48                    4131          LSR.W #8, D0  ; [section code]
1C5A    13 C0 00 00 26 A3        4132          MOVE.B D0, activeTokenizerVmStartStateHi  ; [section code]
1C60    61 00 0A B6              4133          BSR.W tkpkg_tokenizer_vm_read_u32_le_v1  ; [section code]
1C64    4A 80                    4134          TST.L D0  ; [section code]
1C66    67 00 01 0E              4135          BEQ.W tkpkgTokenizerInvalidProgram  ; [section code]
1C6A    0C 80 00 00 00 20        4136          CMPI.L #TOKENIZER_VM_STATE_TABLE_CAPACITY, D0  ; [section code]
1C70    62 00 01 04              4137          BHI.W tkpkgTokenizerInvalidProgram  ; [section code]
1C74    13 C0 00 00 26 A4        4138          MOVE.B D0, activeTokenizerVmStateCountLo  ; [section code]
1C7A    E0 88                    4139          LSR.L #8, D0  ; [section code]
1C7C    13 C0 00 00 26 A5        4140          MOVE.B D0, activeTokenizerVmStateCountHi  ; [section code]
1C82    70 00                    4141          MOVEQ #0, D0  ; [section code]
1C84    10 39 00 00 26 A4        4142          MOVE.B activeTokenizerVmStateCountLo, D0  ; [section code]
1C8A    72 00                    4143          MOVEQ #0, D1  ; [section code]
1C8C    12 39 00 00 26 A5        4144          MOVE.B activeTokenizerVmStateCountHi, D1  ; [section code]
1C92    E1 49                    4145          LSL.W #8, D1  ; [section code]
1C94    80 41                    4146          OR.W D1, D0  ; [section code]
1C96    3E 00                    4147          MOVE.W D0, D7  ; [section code]
1C98    47 F9 00 00 26 A6        4148          LEA activeTokenizerVmStateTable, A3  ; [section code]
1C9E    53 47                    4149          SUBQ.W #1, D7  ; [section code]
----                             4150    ; [section code]
----                             4151  tkpkgTokenizerSkipStateOffsets  ; [section code]
1CA0    61 00 0A 76              4152          BSR.W tkpkg_tokenizer_vm_read_u32_le_v1  ; [section code]
1CA4    26 C0                    4153          MOVE.L D0, (A3)+  ; [section code]
1CA6    51 CF FF F8              4154          DBF D7, tkpkgTokenizerSkipStateOffsets  ; [section code]
1CAA    61 00 0A 5E              4155          BSR.W tkpkg_tokenizer_vm_read_u16_le_v1  ; [section code]
1CAE    0C 40 00 01              4156          CMPI.W #TKVM_STREAM_VERSION_V1, D0  ; [section code]
1CB2    66 00 00 C2              4157          BNE.W tkpkgTokenizerInvalidProgram  ; [section code]
1CB6    70 00                    4158          MOVEQ #0, D0  ; [section code]
1CB8    10 1A                    4159          MOVE.B (A2)+, D0  ; [section code]
1CBA    0C 00 00 01              4160          CMPI.B #TKVM_STREAM_MODE_LINE, D0  ; [section code]
1CBE    66 00 00 B6              4161          BNE.W tkpkgTokenizerInvalidProgram  ; [section code]
1CC2    61 00 0A 54              4162          BSR.W tkpkg_tokenizer_vm_read_u32_le_v1  ; [section code]
1CC6    2A 00                    4163          MOVE.L D0, D5  ; [section code]
1CC8    61 00 0A 4E              4164          BSR.W tkpkg_tokenizer_vm_read_u32_le_v1  ; [section code]
1CCC    61 00 0A 4A              4165          BSR.W tkpkg_tokenizer_vm_read_u32_le_v1  ; [section code]
1CD0    61 00 0A 46              4166          BSR.W tkpkg_tokenizer_vm_read_u32_le_v1  ; [section code]
1CD4    23 C0 00 00 27 26        4167          MOVE.L D0, activeTokenizerVmMaxErrorsPerLine  ; [section code]
1CDA    47 F9 00 00 27 2B        4168          LEA activeTokenizerVmInvalidCharDiagCode, A3  ; [section code]
1CE0    43 F9 00 00 27 2A        4169          LEA activeTokenizerVmInvalidCharDiagLen, A1  ; [section code]
1CE6    61 00 09 EC              4170          BSR.W tkpkg_tokenizer_vm_read_string_into_slot_v1  ; [section code]
1CEA    47 F9 00 00 27 4C        4171          LEA activeTokenizerVmUnterminatedStringDiagCode, A3  ; [section code]
1CF0    43 F9 00 00 27 4B        4172          LEA activeTokenizerVmUnterminatedStringDiagLen, A1  ; [section code]
1CF6    61 00 09 DC              4173          BSR.W tkpkg_tokenizer_vm_read_string_into_slot_v1  ; [section code]
1CFA    47 F9 00 00 27 6D        4174          LEA activeTokenizerVmStepLimitDiagCode, A3  ; [section code]
1D00    43 F9 00 00 27 6C        4175          LEA activeTokenizerVmStepLimitDiagLen, A1  ; [section code]
1D06    61 00 09 CC              4176          BSR.W tkpkg_tokenizer_vm_read_string_into_slot_v1  ; [section code]
1D0A    47 F9 00 00 27 8E        4177          LEA activeTokenizerVmTokenLimitDiagCode, A3  ; [section code]
1D10    43 F9 00 00 27 8D        4178          LEA activeTokenizerVmTokenLimitDiagLen, A1  ; [section code]
1D16    61 00 09 BC              4179          BSR.W tkpkg_tokenizer_vm_read_string_into_slot_v1  ; [section code]
1D1A    47 F9 00 00 27 AF        4180          LEA activeTokenizerVmLexemeLimitDiagCode, A3  ; [section code]
1D20    43 F9 00 00 27 AE        4181          LEA activeTokenizerVmLexemeLimitDiagLen, A1  ; [section code]
1D26    61 00 09 AC              4182          BSR.W tkpkg_tokenizer_vm_read_string_into_slot_v1  ; [section code]
1D2A    47 F9 00 00 27 D0        4183          LEA activeTokenizerVmErrorLimitDiagCode, A3  ; [section code]
1D30    43 F9 00 00 27 CF        4184          LEA activeTokenizerVmErrorLimitDiagLen, A1  ; [section code]
1D36    61 00 09 9C              4185          BSR.W tkpkg_tokenizer_vm_read_string_into_slot_v1  ; [section code]
1D3A    61 00 09 C0              4186          BSR.W tkpkg_tokenizer_vm_read_bytes_field_v1  ; [section code]
1D3E    4A 43                    4187          TST.W D3  ; [section code]
1D40    67 00 00 34              4188          BEQ.W tkpkgTokenizerInvalidProgram  ; [section code]
1D44    70 00                    4189          MOVEQ #0, D0  ; [section code]
1D46    10 39 00 00 26 A2        4190          MOVE.B activeTokenizerVmStartStateLo, D0  ; [section code]
1D4C    72 00                    4191          MOVEQ #0, D1  ; [section code]
1D4E    12 39 00 00 26 A3        4192          MOVE.B activeTokenizerVmStartStateHi, D1  ; [section code]
1D54    E1 49                    4193          LSL.W #8, D1  ; [section code]
1D56    80 41                    4194          OR.W D1, D0  ; [section code]
1D58    72 00                    4195          MOVEQ #0, D1  ; [section code]
1D5A    12 39 00 00 26 A4        4196          MOVE.B activeTokenizerVmStateCountLo, D1  ; [section code]
1D60    74 00                    4197          MOVEQ #0, D2  ; [section code]
1D62    14 39 00 00 26 A5        4198          MOVE.B activeTokenizerVmStateCountHi, D2  ; [section code]
1D68    E1 4A                    4199          LSL.W #8, D2  ; [section code]
1D6A    82 42                    4200          OR.W D2, D1  ; [section code]
1D6C    B0 41                    4201          CMP.W D1, D0  ; [section code]
1D6E    64 00 00 06              4202          BCC.W tkpkgTokenizerInvalidProgram  ; [section code]
1D72    70 00                    4203          MOVEQ #0, D0  ; [section code]
1D74    4E 75                    4204          RTS  ; [section code]
----                             4205    ; [section code]
----                             4206  tkpkgTokenizerInvalidProgram  ; [section code]
1D76    43 F9 00 00 03 E6        4207          LEA invalidProgramText, A1  ; [section code]
1D7C    72 23                    4208          MOVEQ #INVALID_PROGRAM_TEXT_LEN, D1  ; [section code]
1D7E    70 03                    4209          MOVEQ #STATUS_RUNTIME_ERROR_V1, D0  ; [section code]
1D80    4E 75                    4210          RTS  ; [section code]
----                             4211    ; [section code]
----                             4212  tkpkgTokenizerDebugBadProgramHeader  ; [section code]
1D82    43 F9 00 00 04 0B        4213          LEA badProgramHeaderText, A1  ; [section code]
1D88    72 24                    4214          MOVEQ #BAD_PROGRAM_HEADER_TEXT_LEN, D1  ; [section code]
1D8A    70 03                    4215          MOVEQ #STATUS_RUNTIME_ERROR_V1, D0  ; [section code]
1D8C    4E 75                    4216          RTS  ; [section code]
----                             4217    ; [section code]
----                             4218  tkpkg_tokenizer_vm_status_message_v1  ; [section code]
1D8E    0C 00 00 01              4219          CMPI.B #TK_STATUS_NEWLINE_UNSUPPORTED, D0  ; [section code]
1D92    67 32                    4220          BEQ.S tkpkgTokenizerStatusNewline  ; [section code]
1D94    0C 00 00 07              4221          CMPI.B #TK_STATUS_STEP_LIMIT_EXCEEDED, D0  ; [section code]
1D98    67 38                    4222          BEQ.S tkpkgTokenizerStatusStepLimit  ; [section code]
1D9A    0C 00 00 02              4223          CMPI.B #TK_STATUS_TOKEN_OVERFLOW, D0  ; [section code]
1D9E    67 50                    4224          BEQ.S tkpkgTokenizerStatusTokenOverflow  ; [section code]
1DA0    0C 00 00 03              4225          CMPI.B #TK_STATUS_LEXEME_OVERFLOW, D0  ; [section code]
1DA4    67 68                    4226          BEQ.S tkpkgTokenizerStatusLexemeOverflow  ; [section code]
1DA6    0C 00 00 04              4227          CMPI.B #TK_STATUS_VM_FAILURE, D0  ; [section code]
1DAA    66 04                    4228          BNE.S tkpkgTokenizerStatusCheckInvalidArgument  ; [section code]
1DAC    60 00 00 7E              4229          BRA.W tkpkgTokenizerStatusVmFailure  ; [section code]
----                             4230  tkpkgTokenizerStatusCheckInvalidArgument  ; [section code]
1DB0    0C 00 00 05              4231          CMPI.B #TK_STATUS_INVALID_ARGUMENT, D0  ; [section code]
1DB4    66 04                    4232          BNE.S tkpkgTokenizerStatusFallbackInvalidProgram  ; [section code]
1DB6    60 00 01 08              4233          BRA.W tkpkgTokenizerStatusInvalidArgument  ; [section code]
----                             4234  tkpkgTokenizerStatusFallbackInvalidProgram  ; [section code]
1DBA    43 F9 00 00 03 E6        4235          LEA invalidProgramText, A1  ; [section code]
1DC0    72 23                    4236          MOVEQ #INVALID_PROGRAM_TEXT_LEN, D1  ; [section code]
1DC2    70 03                    4237          MOVEQ #STATUS_RUNTIME_ERROR_V1, D0  ; [section code]
1DC4    4E 75                    4238          RTS  ; [section code]
----                             4239    ; [section code]
----                             4240  tkpkgTokenizerStatusNewline  ; [section code]
1DC6    43 F9 00 00 03 50        4241          LEA newlineText, A1  ; [section code]
1DCC    72 26                    4242          MOVEQ #NEWLINE_TEXT_LEN, D1  ; [section code]
1DCE    70 03                    4243          MOVEQ #STATUS_RUNTIME_ERROR_V1, D0  ; [section code]
1DD0    4E 75                    4244          RTS  ; [section code]
----                             4245    ; [section code]
----                             4246  tkpkgTokenizerStatusStepLimit  ; [section code]
1DD2    61 00 00 F8              4247          BSR.W tkpkg_tokenizer_vm_begin_status_buffer_v1  ; [section code]
1DD6    70 02                    4248          MOVEQ #2, D0  ; [section code]
1DD8    61 00 01 3C              4249          BSR.W tkpkg_tokenizer_vm_get_diag_code_v1  ; [section code]
1DDC    61 00 07 F8              4250          BSR.W tkpkg_tokenizer_vm_append_bytes_v1  ; [section code]
1DE0    43 F9 00 00 04 7B        4251          LEA stepLimitSuffixText, A1  ; [section code]
1DE6    74 20                    4252          MOVEQ #STEP_LIMIT_SUFFIX_LEN, D2  ; [section code]
1DE8    61 00 07 EC              4253          BSR.W tkpkg_tokenizer_vm_append_bytes_v1  ; [section code]
1DEC    60 00 00 FC              4254          BRA.W tkpkg_tokenizer_vm_finish_status_buffer_v1  ; [section code]
----                             4255    ; [section code]
----                             4256  tkpkgTokenizerStatusTokenOverflow  ; [section code]
1DF0    61 00 00 DA              4257          BSR.W tkpkg_tokenizer_vm_begin_status_buffer_v1  ; [section code]
1DF4    70 03                    4258          MOVEQ #3, D0  ; [section code]
1DF6    61 00 01 1E              4259          BSR.W tkpkg_tokenizer_vm_get_diag_code_v1  ; [section code]
1DFA    61 00 07 DA              4260          BSR.W tkpkg_tokenizer_vm_append_bytes_v1  ; [section code]
1DFE    43 F9 00 00 04 9B        4261          LEA tokenOverflowSuffixText, A1  ; [section code]
1E04    74 1A                    4262          MOVEQ #TOKEN_OVERFLOW_SUFFIX_LEN, D2  ; [section code]
1E06    61 00 07 CE              4263          BSR.W tkpkg_tokenizer_vm_append_bytes_v1  ; [section code]
1E0A    60 00 00 DE              4264          BRA.W tkpkg_tokenizer_vm_finish_status_buffer_v1  ; [section code]
----                             4265    ; [section code]
----                             4266  tkpkgTokenizerStatusLexemeOverflow  ; [section code]
1E0E    61 00 00 BC              4267          BSR.W tkpkg_tokenizer_vm_begin_status_buffer_v1  ; [section code]
1E12    70 04                    4268          MOVEQ #4, D0  ; [section code]
1E14    61 00 01 00              4269          BSR.W tkpkg_tokenizer_vm_get_diag_code_v1  ; [section code]
1E18    61 00 07 BC              4270          BSR.W tkpkg_tokenizer_vm_append_bytes_v1  ; [section code]
1E1C    43 F9 00 00 04 B5        4271          LEA lexemeOverflowSuffixText, A1  ; [section code]
1E22    74 1B                    4272          MOVEQ #LEXEME_OVERFLOW_SUFFIX_LEN, D2  ; [section code]
1E24    61 00 07 B0              4273          BSR.W tkpkg_tokenizer_vm_append_bytes_v1  ; [section code]
1E28    60 00 00 C0              4274          BRA.W tkpkg_tokenizer_vm_finish_status_buffer_v1  ; [section code]
----                             4275    ; [section code]
----                             4276  tkpkgTokenizerStatusVmFailure  ; [section code]
1E2C    4E B9 00 00 0C 0C        4277          JSR tokvm_read_last_failure_68000  ; [section code]
1E32    0C 40 00 01              4278          CMPI.W #TK_VM_FAILURE_KIND_FAIL, D0  ; [section code]
1E36    67 00 00 16              4279          BEQ.W tkpkgTokenizerStatusVmFailReason  ; [section code]
1E3A    0C 40 00 02              4280          CMPI.W #TK_VM_FAILURE_KIND_EMIT_DIAG, D0  ; [section code]
1E3E    67 00 00 34              4281          BEQ.W tkpkgTokenizerStatusVmEmitDiag  ; [section code]
1E42    43 F9 00 00 05 44        4282          LEA vmFailureFallbackText, A1  ; [section code]
1E48    72 1C                    4283          MOVEQ #VM_FAILURE_FALLBACK_TEXT_LEN, D1  ; [section code]
1E4A    70 03                    4284          MOVEQ #STATUS_RUNTIME_ERROR_V1, D0  ; [section code]
1E4C    4E 75                    4285          RTS  ; [section code]
----                             4286    ; [section code]
----                             4287  tkpkgTokenizerStatusVmFailReason  ; [section code]
1E4E    61 00 00 7C              4288          BSR.W tkpkg_tokenizer_vm_begin_status_buffer_v1  ; [section code]
1E52    2C 01                    4289          MOVE.L D1, D6  ; [section code]
1E54    70 00                    4290          MOVEQ #0, D0  ; [section code]
1E56    61 00 00 BE              4291          BSR.W tkpkg_tokenizer_vm_get_diag_code_v1  ; [section code]
1E5A    61 00 07 7A              4292          BSR.W tkpkg_tokenizer_vm_append_bytes_v1  ; [section code]
1E5E    43 F9 00 00 04 D0        4293          LEA vmFailureReasonSuffixText, A1  ; [section code]
1E64    74 1E                    4294          MOVEQ #VM_FAILURE_REASON_SUFFIX_LEN, D2  ; [section code]
1E66    61 00 07 6E              4295          BSR.W tkpkg_tokenizer_vm_append_bytes_v1  ; [section code]
1E6A    20 06                    4296          MOVE.L D6, D0  ; [section code]
1E6C    61 00 07 26              4297          BSR.W tkpkg_tokenizer_vm_append_u32_v1  ; [section code]
1E70    60 00 00 78              4298          BRA.W tkpkg_tokenizer_vm_finish_status_buffer_v1  ; [section code]
----                             4299    ; [section code]
----                             4300  tkpkgTokenizerStatusVmEmitDiag  ; [section code]
1E74    2C 01                    4301          MOVE.L D1, D6  ; [section code]
1E76    4A B9 00 00 27 26        4302          TST.L activeTokenizerVmMaxErrorsPerLine  ; [section code]
1E7C    67 24                    4303          BEQ.S tkpkgTokenizerStatusVmDiagBudgetExceeded  ; [section code]
1E7E    61 00 00 4C              4304          BSR.W tkpkg_tokenizer_vm_begin_status_buffer_v1  ; [section code]
1E82    20 06                    4305          MOVE.L D6, D0  ; [section code]
1E84    61 00 00 90              4306          BSR.W tkpkg_tokenizer_vm_get_diag_code_v1  ; [section code]
1E88    61 00 07 4C              4307          BSR.W tkpkg_tokenizer_vm_append_bytes_v1  ; [section code]
1E8C    43 F9 00 00 04 EE        4308          LEA vmEmitDiagSuffixText, A1  ; [section code]
1E92    74 27                    4309          MOVEQ #VM_EMIT_DIAG_SUFFIX_LEN, D2  ; [section code]
1E94    61 00 07 40              4310          BSR.W tkpkg_tokenizer_vm_append_bytes_v1  ; [section code]
1E98    20 06                    4311          MOVE.L D6, D0  ; [section code]
1E9A    61 00 06 F8              4312          BSR.W tkpkg_tokenizer_vm_append_u32_v1  ; [section code]
1E9E    60 00 00 4A              4313          BRA.W tkpkg_tokenizer_vm_finish_status_buffer_v1  ; [section code]
----                             4314    ; [section code]
----                             4315  tkpkgTokenizerStatusVmDiagBudgetExceeded  ; [section code]
1EA2    61 00 00 28              4316          BSR.W tkpkg_tokenizer_vm_begin_status_buffer_v1  ; [section code]
1EA6    70 05                    4317          MOVEQ #5, D0  ; [section code]
1EA8    61 00 00 6C              4318          BSR.W tkpkg_tokenizer_vm_get_diag_code_v1  ; [section code]
1EAC    61 00 07 28              4319          BSR.W tkpkg_tokenizer_vm_append_bytes_v1  ; [section code]
1EB0    43 F9 00 00 05 15        4320          LEA vmDiagBudgetExceededText, A1  ; [section code]
1EB6    74 2F                    4321          MOVEQ #VM_DIAG_BUDGET_EXCEEDED_LEN, D2  ; [section code]
1EB8    61 00 07 1C              4322          BSR.W tkpkg_tokenizer_vm_append_bytes_v1  ; [section code]
1EBC    60 00 00 2C              4323          BRA.W tkpkg_tokenizer_vm_finish_status_buffer_v1  ; [section code]
----                             4324    ; [section code]
----                             4325  tkpkgTokenizerStatusInvalidArgument  ; [section code]
1EC0    43 F9 00 00 04 31        4326          LEA invalidArgumentText, A1  ; [section code]
1EC6    72 24                    4327          MOVEQ #INVALID_ARGUMENT_TEXT_LEN, D1  ; [section code]
1EC8    70 03                    4328          MOVEQ #STATUS_RUNTIME_ERROR_V1, D0  ; [section code]
1ECA    4E 75                    4329          RTS  ; [section code]
----                             4330    ; [section code]
----                             4331  tkpkg_tokenizer_vm_begin_status_buffer_v1  ; [section code]
1ECC    20 1F                    4332          MOVE.L (SP)+, D0  ; [section code]
1ECE    9F FC 00 00 00 10        4333          SUBA.L #LOCAL_SIZE, SP  ; [section code]
1ED4    2F 00                    4334          MOVE.L D0, -(SP)  ; [section code]
1ED6    49 EF 00 04              4335          LEA 4(SP), A4  ; [section code]
1EDA    42 AC 00 00              4336          CLR.L LOCAL_OUTPUT_LEN(A4)  ; [section code]
1EDE    42 AC 00 04              4337          CLR.L LOCAL_OUTPUT_OVERFLOW(A4)  ; [section code]
1EE2    42 39 00 00 00 20        4338          CLR.B lastErrorBuffer  ; [section code]
1EE8    4E 75                    4339          RTS  ; [section code]
----                             4340    ; [section code]
----                             4341  tkpkg_tokenizer_vm_finish_status_buffer_v1  ; [section code]
1EEA    4A AC 00 04              4342          TST.L LOCAL_OUTPUT_OVERFLOW(A4)  ; [section code]
1EEE    66 14                    4343          BNE.S tkpkgTokenizerFinishStatusOverflow  ; [section code]
1EF0    43 F9 00 00 00 20        4344          LEA lastErrorBuffer, A1  ; [section code]
1EF6    22 2C 00 00              4345          MOVE.L LOCAL_OUTPUT_LEN(A4), D1  ; [section code]
1EFA    70 03                    4346          MOVEQ #STATUS_RUNTIME_ERROR_V1, D0  ; [section code]
1EFC    DF FC 00 00 00 10        4347          ADDA.L #LOCAL_SIZE, SP  ; [section code]
1F02    4E 75                    4348          RTS  ; [section code]
----                             4349    ; [section code]
----                             4350  tkpkgTokenizerFinishStatusOverflow  ; [section code]
1F04    43 F9 00 00 04 59        4351          LEA outputOverflowText, A1  ; [section code]
1F0A    72 22                    4352          MOVEQ #OUTPUT_OVERFLOW_TEXT_LEN, D1  ; [section code]
1F0C    70 03                    4353          MOVEQ #STATUS_RUNTIME_ERROR_V1, D0  ; [section code]
1F0E    DF FC 00 00 00 10        4354          ADDA.L #LOCAL_SIZE, SP  ; [section code]
1F14    4E 75                    4355          RTS  ; [section code]
----                             4356    ; [section code]
----                             4357  tkpkg_tokenizer_vm_get_diag_code_v1  ; [section code]
1F16    0C 00 00 01              4358          CMPI.B #1, D0  ; [section code]
1F1A    67 28                    4359          BEQ.S tkpkgTokenizerDiagUnterminatedString  ; [section code]
1F1C    0C 00 00 02              4360          CMPI.B #2, D0  ; [section code]
1F20    67 32                    4361          BEQ.S tkpkgTokenizerDiagStepLimit  ; [section code]
1F22    0C 00 00 03              4362          CMPI.B #3, D0  ; [section code]
1F26    67 3C                    4363          BEQ.S tkpkgTokenizerDiagTokenLimit  ; [section code]
1F28    0C 00 00 04              4364          CMPI.B #4, D0  ; [section code]
1F2C    67 46                    4365          BEQ.S tkpkgTokenizerDiagLexemeLimit  ; [section code]
1F2E    0C 00 00 05              4366          CMPI.B #5, D0  ; [section code]
1F32    67 50                    4367          BEQ.S tkpkgTokenizerDiagErrorLimit  ; [section code]
1F34    43 F9 00 00 27 2B        4368          LEA activeTokenizerVmInvalidCharDiagCode, A1  ; [section code]
1F3A    74 00                    4369          MOVEQ #0, D2  ; [section code]
1F3C    14 39 00 00 27 2A        4370          MOVE.B activeTokenizerVmInvalidCharDiagLen, D2  ; [section code]
1F42    4E 75                    4371          RTS  ; [section code]
----                             4372    ; [section code]
----                             4373  tkpkgTokenizerDiagUnterminatedString  ; [section code]
1F44    43 F9 00 00 27 4C        4374          LEA activeTokenizerVmUnterminatedStringDiagCode, A1  ; [section code]
1F4A    74 00                    4375          MOVEQ #0, D2  ; [section code]
1F4C    14 39 00 00 27 4B        4376          MOVE.B activeTokenizerVmUnterminatedStringDiagLen, D2  ; [section code]
1F52    4E 75                    4377          RTS  ; [section code]
----                             4378    ; [section code]
----                             4379  tkpkgTokenizerDiagStepLimit  ; [section code]
1F54    43 F9 00 00 27 6D        4380          LEA activeTokenizerVmStepLimitDiagCode, A1  ; [section code]
1F5A    74 00                    4381          MOVEQ #0, D2  ; [section code]
1F5C    14 39 00 00 27 6C        4382          MOVE.B activeTokenizerVmStepLimitDiagLen, D2  ; [section code]
1F62    4E 75                    4383          RTS  ; [section code]
----                             4384    ; [section code]
----                             4385  tkpkgTokenizerDiagTokenLimit  ; [section code]
1F64    43 F9 00 00 27 8E        4386          LEA activeTokenizerVmTokenLimitDiagCode, A1  ; [section code]
1F6A    74 00                    4387          MOVEQ #0, D2  ; [section code]
1F6C    14 39 00 00 27 8D        4388          MOVE.B activeTokenizerVmTokenLimitDiagLen, D2  ; [section code]
1F72    4E 75                    4389          RTS  ; [section code]
----                             4390    ; [section code]
----                             4391  tkpkgTokenizerDiagLexemeLimit  ; [section code]
1F74    43 F9 00 00 27 AF        4392          LEA activeTokenizerVmLexemeLimitDiagCode, A1  ; [section code]
1F7A    74 00                    4393          MOVEQ #0, D2  ; [section code]
1F7C    14 39 00 00 27 AE        4394          MOVE.B activeTokenizerVmLexemeLimitDiagLen, D2  ; [section code]
1F82    4E 75                    4395          RTS  ; [section code]
----                             4396    ; [section code]
----                             4397  tkpkgTokenizerDiagErrorLimit  ; [section code]
1F84    43 F9 00 00 27 D0        4398          LEA activeTokenizerVmErrorLimitDiagCode, A1  ; [section code]
1F8A    74 00                    4399          MOVEQ #0, D2  ; [section code]
1F8C    14 39 00 00 27 CF        4400          MOVE.B activeTokenizerVmErrorLimitDiagLen, D2  ; [section code]
1F92    4E 75                    4401          RTS  ; [section code]
----                             4402    ; [section code]
----                             4403  tkpkg_tokenizer_vm_validate_result_v1  ; [section code]
1F94    48 E7 7F 80              4404          MOVEM.L D1-D7/A0, -(SP)  ; [section code]
1F98    B2 BC 00 00 00 40        4405          CMP.L #TOKEN_BUFFER_CAPACITY, D1  ; [section code]
1F9E    62 6A                    4406          BHI.S tkpkgTokenizerValidateInvalid  ; [section code]
1FA0    B4 84                    4407          CMP.L D4, D2  ; [section code]
1FA2    62 66                    4408          BHI.S tkpkgTokenizerValidateInvalid  ; [section code]
1FA4    B6 BC 00 00 01 00        4409          CMP.L #TOKEN_SCRATCH_CAPACITY, D3  ; [section code]
1FAA    62 5E                    4410          BHI.S tkpkgTokenizerValidateInvalid  ; [section code]
1FAC    41 F9 00 00 20 20        4411          LEA tokenRecordBuffer, A0  ; [section code]
1FB2    7A 00                    4412          MOVEQ #0, D5  ; [section code]
----                             4413    ; [section code]
----                             4414  tkpkgTokenizerValidateLoop  ; [section code]
1FB4    BA 81                    4415          CMP.L D1, D5  ; [section code]
1FB6    64 4A                    4416          BCC.S tkpkgTokenizerValidateOk  ; [section code]
1FB8    70 00                    4417          MOVEQ #0, D0  ; [section code]
1FBA    30 10                    4418          MOVE.W (A0), D0  ; [section code]
1FBC    0C 80 00 00 00 27        4419          CMPI.L #TK_KIND_OP_LT, D0  ; [section code]
1FC2    6E 46                    4420          BGT.S tkpkgTokenizerValidateInvalid  ; [section code]
1FC4    2C 28 00 04              4421          MOVE.L 4(A0), D6  ; [section code]
1FC8    4A 86                    4422          TST.L D6  ; [section code]
1FCA    67 3E                    4423          BEQ.S tkpkgTokenizerValidateInvalid  ; [section code]
1FCC    2E 04                    4424          MOVE.L D4, D7  ; [section code]
1FCE    52 87                    4425          ADDQ.L #1, D7  ; [section code]
1FD0    BC 87                    4426          CMP.L D7, D6  ; [section code]
1FD2    62 36                    4427          BHI.S tkpkgTokenizerValidateInvalid  ; [section code]
1FD4    2C 28 00 08              4428          MOVE.L 8(A0), D6  ; [section code]
1FD8    4A 86                    4429          TST.L D6  ; [section code]
1FDA    67 2E                    4430          BEQ.S tkpkgTokenizerValidateInvalid  ; [section code]
1FDC    BC 87                    4431          CMP.L D7, D6  ; [section code]
1FDE    62 2A                    4432          BHI.S tkpkgTokenizerValidateInvalid  ; [section code]
1FE0    BC A8 00 04              4433          CMP.L 4(A0), D6  ; [section code]
1FE4    6D 24                    4434          BLT.S tkpkgTokenizerValidateInvalid  ; [section code]
1FE6    2C 28 00 0C              4435          MOVE.L 12(A0), D6  ; [section code]
1FEA    BC 83                    4436          CMP.L D3, D6  ; [section code]
1FEC    62 1C                    4437          BHI.S tkpkgTokenizerValidateInvalid  ; [section code]
1FEE    2E 28 00 10              4438          MOVE.L 16(A0), D7  ; [section code]
1FF2    DE 86                    4439          ADD.L D6, D7  ; [section code]
1FF4    BE 83                    4440          CMP.L D3, D7  ; [section code]
1FF6    62 12                    4441          BHI.S tkpkgTokenizerValidateInvalid  ; [section code]
1FF8    D1 FC 00 00 00 14        4442          ADDA.L #TOKEN_RECORD_SIZE, A0  ; [section code]
1FFE    52 85                    4443          ADDQ.L #1, D5  ; [section code]
2000    60 B2                    4444          BRA.S tkpkgTokenizerValidateLoop  ; [section code]
----                             4445    ; [section code]
----                             4446  tkpkgTokenizerValidateOk  ; [section code]
2002    70 00                    4447          MOVEQ #0, D0  ; [section code]
2004    4C DF 01 FE              4448          MOVEM.L (SP)+, D1-D7/A0  ; [section code]
2008    4E 75                    4449          RTS  ; [section code]
----                             4450    ; [section code]
----                             4451  tkpkgTokenizerValidateInvalid  ; [section code]
200A    70 01                    4452          MOVEQ #1, D0  ; [section code]
200C    4C DF 01 FE              4453          MOVEM.L (SP)+, D1-D7/A0  ; [section code]
2010    4E 75                    4454          RTS  ; [section code]
----                             4455    ; [section code]
----                             4456  tkpkg_tokenizer_vm_render_output_v1  ; [section code]
2012    48 E7 3F 3E              4457          MOVEM.L D2-D7/A2-A6, -(SP)  ; [section code]
2016    9F FC 00 00 00 10        4458          SUBA.L #LOCAL_SIZE, SP  ; [section code]
201C    49 EF 00 00              4459          LEA 0(SP), A4  ; [section code]
2020    2E 01                    4460          MOVE.L D1, D7  ; [section code]
2022    42 AC 00 00              4461          CLR.L LOCAL_OUTPUT_LEN(A4)  ; [section code]
2026    42 AC 00 04              4462          CLR.L LOCAL_OUTPUT_OVERFLOW(A4)  ; [section code]
202A    29 46 00 08              4463          MOVE.L D6, LOCAL_RENDER_LINE(A4)  ; [section code]
202E    42 39 00 00 00 20        4464          CLR.B lastErrorBuffer  ; [section code]
2034    7C 00                    4465          MOVEQ #0, D6  ; [section code]
----                             4466    ; [section code]
----                             4467  tkpkgTokenizerRenderLoop  ; [section code]
2036    BC 87                    4468          CMP.L D7, D6  ; [section code]
2038    64 52                    4469          BCC.S tkpkgTokenizerRenderDone  ; [section code]
203A    20 06                    4470          MOVE.L D6, D0  ; [section code]
203C    61 00 06 30              4471          BSR.W tkpkg_tokenizer_vm_record_ptr_v1  ; [section code]
2040    2A 48                    4472          MOVEA.L A0, A5  ; [section code]
2042    70 00                    4473          MOVEQ #0, D0  ; [section code]
2044    30 15                    4474          MOVE.W (A5), D0  ; [section code]
2046    24 2D 00 0C              4475          MOVE.L 12(A5), D2  ; [section code]
204A    26 2D 00 10              4476          MOVE.L 16(A5), D3  ; [section code]
204E    4D F9 00 00 25 20        4477          LEA tokenScratchBuffer, A6  ; [section code]
2054    DD C2                    4478          ADDA.L D2, A6  ; [section code]
2056    61 00 00 5C              4479          BSR.W tkpkg_tokenizer_vm_append_kind_debug_v1  ; [section code]
205A    61 00 06 32              4480          BSR.W tkpkg_tokenizer_vm_append_literal_at_v1  ; [section code]
205E    20 2C 00 08              4481          MOVE.L LOCAL_RENDER_LINE(A4), D0  ; [section code]
2062    61 00 05 30              4482          BSR.W tkpkg_tokenizer_vm_append_u32_v1  ; [section code]
2066    61 00 06 32              4483          BSR.W tkpkg_tokenizer_vm_append_literal_colon_v1  ; [section code]
206A    20 2D 00 04              4484          MOVE.L 4(A5), D0  ; [section code]
206E    61 00 05 24              4485          BSR.W tkpkg_tokenizer_vm_append_u32_v1  ; [section code]
2072    61 00 06 32              4486          BSR.W tkpkg_tokenizer_vm_append_literal_dash_v1  ; [section code]
2076    20 2D 00 08              4487          MOVE.L 8(A5), D0  ; [section code]
207A    61 00 05 18              4488          BSR.W tkpkg_tokenizer_vm_append_u32_v1  ; [section code]
207E    61 00 06 32              4489          BSR.W tkpkg_tokenizer_vm_append_literal_newline_v1  ; [section code]
2082    4A AC 00 04              4490          TST.L LOCAL_OUTPUT_OVERFLOW(A4)  ; [section code]
2086    66 16                    4491          BNE.S tkpkgTokenizerRenderOverflow  ; [section code]
2088    52 86                    4492          ADDQ.L #1, D6  ; [section code]
208A    60 AA                    4493          BRA.S tkpkgTokenizerRenderLoop  ; [section code]
----                             4494    ; [section code]
----                             4495  tkpkgTokenizerRenderDone  ; [section code]
208C    22 2C 00 00              4496          MOVE.L LOCAL_OUTPUT_LEN(A4), D1  ; [section code]
2090    70 00                    4497          MOVEQ #0, D0  ; [section code]
2092    DF FC 00 00 00 10        4498          ADDA.L #LOCAL_SIZE, SP  ; [section code]
2098    4C DF 7C FC              4499          MOVEM.L (SP)+, D2-D7/A2-A6  ; [section code]
209C    4E 75                    4500          RTS  ; [section code]
----                             4501    ; [section code]
----                             4502  tkpkgTokenizerRenderOverflow  ; [section code]
209E    43 F9 00 00 04 59        4503          LEA outputOverflowText, A1  ; [section code]
20A4    72 22                    4504          MOVEQ #OUTPUT_OVERFLOW_TEXT_LEN, D1  ; [section code]
20A6    70 03                    4505          MOVEQ #STATUS_RUNTIME_ERROR_V1, D0  ; [section code]
20A8    DF FC 00 00 00 10        4506          ADDA.L #LOCAL_SIZE, SP  ; [section code]
20AE    4C DF 7C FC              4507          MOVEM.L (SP)+, D2-D7/A2-A6  ; [section code]
20B2    4E 75                    4508          RTS  ; [section code]
----                             4509    ; [section code]
----                             4510  tkpkg_tokenizer_vm_append_kind_debug_v1  ; [section code]
20B4    0C 40 00 00              4511          CMPI.W #TK_KIND_IDENTIFIER, D0  ; [section code]
20B8    67 00 00 76              4512          BEQ.W tkpkgTokenizerAppendIdentifier  ; [section code]
20BC    0C 40 00 02              4513          CMPI.W #TK_KIND_NUMBER, D0  ; [section code]
20C0    67 00 00 84              4514          BEQ.W tkpkgTokenizerAppendNumber  ; [section code]
20C4    0C 40 00 03              4515          CMPI.W #TK_KIND_STRING, D0  ; [section code]
20C8    67 00 01 00              4516          BEQ.W tkpkgTokenizerAppendString  ; [section code]
20CC    0C 40 00 04              4517          CMPI.W #TK_KIND_COMMA, D0  ; [section code]
20D0    67 00 01 2A              4518          BEQ.W tkpkgTokenizerAppendBareComma  ; [section code]
20D4    0C 40 00 05              4519          CMPI.W #TK_KIND_COLON, D0  ; [section code]
20D8    67 00 01 2E              4520          BEQ.W tkpkgTokenizerAppendBareColon  ; [section code]
20DC    0C 40 00 06              4521          CMPI.W #TK_KIND_DOLLAR, D0  ; [section code]
20E0    67 00 01 32              4522          BEQ.W tkpkgTokenizerAppendBareDollar  ; [section code]
20E4    0C 40 00 07              4523          CMPI.W #TK_KIND_DOT, D0  ; [section code]
20E8    67 00 01 36              4524          BEQ.W tkpkgTokenizerAppendBareDot  ; [section code]
20EC    0C 40 00 08              4525          CMPI.W #TK_KIND_HASH, D0  ; [section code]
20F0    67 00 01 3A              4526          BEQ.W tkpkgTokenizerAppendBareHash  ; [section code]
20F4    0C 40 00 09              4527          CMPI.W #TK_KIND_QUESTION, D0  ; [section code]
20F8    67 00 01 3E              4528          BEQ.W tkpkgTokenizerAppendBareQuestion  ; [section code]
20FC    0C 40 00 0A              4529          CMPI.W #TK_KIND_OPEN_BRACKET, D0  ; [section code]
2100    67 00 01 42              4530          BEQ.W tkpkgTokenizerAppendBareOpenBracket  ; [section code]
2104    0C 40 00 0B              4531          CMPI.W #TK_KIND_CLOSE_BRACKET, D0  ; [section code]
2108    67 00 01 46              4532          BEQ.W tkpkgTokenizerAppendBareCloseBracket  ; [section code]
210C    0C 40 00 0C              4533          CMPI.W #TK_KIND_OPEN_BRACE, D0  ; [section code]
2110    67 00 01 4A              4534          BEQ.W tkpkgTokenizerAppendBareOpenBrace  ; [section code]
2114    0C 40 00 0D              4535          CMPI.W #TK_KIND_CLOSE_BRACE, D0  ; [section code]
2118    67 00 01 4E              4536          BEQ.W tkpkgTokenizerAppendBareCloseBrace  ; [section code]
211C    0C 40 00 0E              4537          CMPI.W #TK_KIND_OPEN_PAREN, D0  ; [section code]
2120    67 00 01 52              4538          BEQ.W tkpkgTokenizerAppendBareOpenParen  ; [section code]
2124    0C 40 00 0F              4539          CMPI.W #TK_KIND_CLOSE_PAREN, D0  ; [section code]
2128    67 00 01 56              4540          BEQ.W tkpkgTokenizerAppendBareCloseParen  ; [section code]
212C    60 00 01 5E              4541          BRA.W tkpkgTokenizerAppendOperator  ; [section code]
----                             4542    ; [section code]
----                             4543  tkpkgTokenizerAppendIdentifier  ; [section code]
2130    43 F9 00 00 05 61        4544          LEA identifierPrefix, A1  ; [section code]
2136    74 0B                    4545          MOVEQ #11, D2  ; [section code]
2138    61 00 04 9C              4546          BSR.W tkpkg_tokenizer_vm_append_bytes_v1  ; [section code]
213C    22 4E                    4547          MOVEA.L A6, A1  ; [section code]
213E    61 00 03 3C              4548          BSR.W tkpkg_tokenizer_vm_append_quoted_v1  ; [section code]
2142    60 00 05 7A              4549          BRA.W tkpkg_tokenizer_vm_append_literal_close_paren_v1  ; [section code]
----                             4550    ; [section code]
----                             4551  tkpkgTokenizerAppendNumber  ; [section code]
2146    43 F9 00 00 05 6C        4552          LEA numberPrefix, A1  ; [section code]
214C    74 0F                    4553          MOVEQ #15, D2  ; [section code]
214E    61 00 04 86              4554          BSR.W tkpkg_tokenizer_vm_append_bytes_v1  ; [section code]
2152    22 4E                    4555          MOVEA.L A6, A1  ; [section code]
2154    61 00 03 4C              4556          BSR.W tkpkg_tokenizer_vm_append_upper_quoted_v1  ; [section code]
2158    43 F9 00 00 05 7B        4557          LEA numberBasePrefix, A1  ; [section code]
215E    74 08                    4558          MOVEQ #8, D2  ; [section code]
2160    61 00 04 74              4559          BSR.W tkpkg_tokenizer_vm_append_bytes_v1  ; [section code]
2164    70 0A                    4560          MOVEQ #10, D0  ; [section code]
2166    4A 83                    4561          TST.L D3  ; [section code]
2168    67 4C                    4562          BEQ.S tkpkgTokenizerAppendNumberBaseDone  ; [section code]
216A    72 00                    4563          MOVEQ #0, D1  ; [section code]
216C    12 16                    4564          MOVE.B (A6), D1  ; [section code]
216E    0C 01 00 24              4565          CMPI.B #'$', D1  ; [section code]
2172    67 3C                    4566          BEQ.S tkpkgTokenizerAppendNumberHex  ; [section code]
2174    0C 01 00 25              4567          CMPI.B #'%', D1  ; [section code]
2178    67 3A                    4568          BEQ.S tkpkgTokenizerAppendNumberBin  ; [section code]
217A    74 00                    4569          MOVEQ #0, D2  ; [section code]
217C    22 4E                    4570          MOVEA.L A6, A1  ; [section code]
217E    D3 C3                    4571          ADDA.L D3, A1  ; [section code]
2180    53 89                    4572          SUBQ.L #1, A1  ; [section code]
2182    14 11                    4573          MOVE.B (A1), D2  ; [section code]
2184    0C 02 00 61              4574          CMPI.B #'a', D2  ; [section code]
2188    65 0A                    4575          BLO.S tkpkgTokenizerAppendNumberSuffix  ; [section code]
218A    0C 02 00 7A              4576          CMPI.B #'z', D2  ; [section code]
218E    62 04                    4577          BHI.S tkpkgTokenizerAppendNumberSuffix  ; [section code]
2190    02 02 00 DF              4578          ANDI.B #$DF, D2  ; [section code]
----                             4579  tkpkgTokenizerAppendNumberSuffix  ; [section code]
2194    0C 02 00 48              4580          CMPI.B #'H', D2  ; [section code]
2198    67 16                    4581          BEQ.S tkpkgTokenizerAppendNumberHex  ; [section code]
219A    0C 02 00 42              4582          CMPI.B #'B', D2  ; [section code]
219E    67 14                    4583          BEQ.S tkpkgTokenizerAppendNumberBin  ; [section code]
21A0    0C 02 00 4F              4584          CMPI.B #'O', D2  ; [section code]
21A4    67 06                    4585          BEQ.S tkpkgTokenizerAppendNumberOct  ; [section code]
21A6    0C 02 00 51              4586          CMPI.B #'Q', D2  ; [section code]
21AA    66 0A                    4587          BNE.S tkpkgTokenizerAppendNumberBaseDone  ; [section code]
----                             4588  tkpkgTokenizerAppendNumberOct  ; [section code]
21AC    70 08                    4589          MOVEQ #8, D0  ; [section code]
21AE    60 06                    4590          BRA.S tkpkgTokenizerAppendNumberBaseDone  ; [section code]
----                             4591  tkpkgTokenizerAppendNumberHex  ; [section code]
21B0    70 10                    4592          MOVEQ #16, D0  ; [section code]
21B2    60 02                    4593          BRA.S tkpkgTokenizerAppendNumberBaseDone  ; [section code]
----                             4594  tkpkgTokenizerAppendNumberBin  ; [section code]
21B4    70 02                    4595          MOVEQ #2, D0  ; [section code]
----                             4596  tkpkgTokenizerAppendNumberBaseDone  ; [section code]
21B6    61 00 03 DC              4597          BSR.W tkpkg_tokenizer_vm_append_u32_v1  ; [section code]
21BA    43 F9 00 00 05 9B        4598          LEA stringSuffix, A1  ; [section code]
21C0    52 89                    4599          ADDQ.L #1, A1  ; [section code]
21C2    74 02                    4600          MOVEQ #2, D2  ; [section code]
21C4    61 00 04 10              4601          BSR.W tkpkg_tokenizer_vm_append_bytes_v1  ; [section code]
21C8    4E 75                    4602          RTS  ; [section code]
----                             4603    ; [section code]
----                             4604  tkpkgTokenizerAppendString  ; [section code]
21CA    43 F9 00 00 05 83        4605          LEA stringPrefix, A1  ; [section code]
21D0    74 0E                    4606          MOVEQ #14, D2  ; [section code]
21D2    61 00 04 02              4607          BSR.W tkpkg_tokenizer_vm_append_bytes_v1  ; [section code]
21D6    22 4E                    4608          MOVEA.L A6, A1  ; [section code]
21D8    61 00 02 FE              4609          BSR.W tkpkg_tokenizer_vm_append_string_raw_v1  ; [section code]
21DC    43 F9 00 00 05 91        4610          LEA stringBytesPrefix, A1  ; [section code]
21E2    74 0A                    4611          MOVEQ #10, D2  ; [section code]
21E4    61 00 03 F0              4612          BSR.W tkpkg_tokenizer_vm_append_bytes_v1  ; [section code]
21E8    22 4E                    4613          MOVEA.L A6, A1  ; [section code]
21EA    61 00 03 1E              4614          BSR.W tkpkg_tokenizer_vm_append_byte_list_v1  ; [section code]
21EE    43 F9 00 00 05 9B        4615          LEA stringSuffix, A1  ; [section code]
21F4    74 03                    4616          MOVEQ #3, D2  ; [section code]
21F6    61 00 03 DE              4617          BSR.W tkpkg_tokenizer_vm_append_bytes_v1  ; [section code]
21FA    4E 75                    4618          RTS  ; [section code]
----                             4619    ; [section code]
----                             4620  tkpkgTokenizerAppendBareComma  ; [section code]
21FC    43 F9 00 00 05 E7        4621          LEA kindCommaText, A1  ; [section code]
2202    74 05                    4622          MOVEQ #5, D2  ; [section code]
2204    60 00 03 D0              4623          BRA.W tkpkg_tokenizer_vm_append_bytes_v1  ; [section code]
----                             4624  tkpkgTokenizerAppendBareColon  ; [section code]
2208    43 F9 00 00 05 EC        4625          LEA kindColonText, A1  ; [section code]
220E    74 05                    4626          MOVEQ #5, D2  ; [section code]
2210    60 00 03 C4              4627          BRA.W tkpkg_tokenizer_vm_append_bytes_v1  ; [section code]
----                             4628  tkpkgTokenizerAppendBareDollar  ; [section code]
2214    43 F9 00 00 05 F1        4629          LEA kindDollarText, A1  ; [section code]
221A    74 06                    4630          MOVEQ #6, D2  ; [section code]
221C    60 00 03 B8              4631          BRA.W tkpkg_tokenizer_vm_append_bytes_v1  ; [section code]
----                             4632  tkpkgTokenizerAppendBareDot  ; [section code]
2220    43 F9 00 00 05 F7        4633          LEA kindDotText, A1  ; [section code]
2226    74 03                    4634          MOVEQ #3, D2  ; [section code]
2228    60 00 03 AC              4635          BRA.W tkpkg_tokenizer_vm_append_bytes_v1  ; [section code]
----                             4636  tkpkgTokenizerAppendBareHash  ; [section code]
222C    43 F9 00 00 05 FA        4637          LEA kindHashText, A1  ; [section code]
2232    74 04                    4638          MOVEQ #4, D2  ; [section code]
2234    60 00 03 A0              4639          BRA.W tkpkg_tokenizer_vm_append_bytes_v1  ; [section code]
----                             4640  tkpkgTokenizerAppendBareQuestion  ; [section code]
2238    43 F9 00 00 05 FE        4641          LEA kindQuestionText, A1  ; [section code]
223E    74 08                    4642          MOVEQ #8, D2  ; [section code]
2240    60 00 03 94              4643          BRA.W tkpkg_tokenizer_vm_append_bytes_v1  ; [section code]
----                             4644  tkpkgTokenizerAppendBareOpenBracket  ; [section code]
2244    43 F9 00 00 06 06        4645          LEA kindOpenBracketText, A1  ; [section code]
224A    74 0B                    4646          MOVEQ #11, D2  ; [section code]
224C    60 00 03 88              4647          BRA.W tkpkg_tokenizer_vm_append_bytes_v1  ; [section code]
----                             4648  tkpkgTokenizerAppendBareCloseBracket  ; [section code]
2250    43 F9 00 00 06 11        4649          LEA kindCloseBracketText, A1  ; [section code]
2256    74 0C                    4650          MOVEQ #12, D2  ; [section code]
2258    60 00 03 7C              4651          BRA.W tkpkg_tokenizer_vm_append_bytes_v1  ; [section code]
----                             4652  tkpkgTokenizerAppendBareOpenBrace  ; [section code]
225C    43 F9 00 00 06 1D        4653          LEA kindOpenBraceText, A1  ; [section code]
2262    74 09                    4654          MOVEQ #9, D2  ; [section code]
2264    60 00 03 70              4655          BRA.W tkpkg_tokenizer_vm_append_bytes_v1  ; [section code]
----                             4656  tkpkgTokenizerAppendBareCloseBrace  ; [section code]
2268    43 F9 00 00 06 26        4657          LEA kindCloseBraceText, A1  ; [section code]
226E    74 0A                    4658          MOVEQ #10, D2  ; [section code]
2270    60 00 03 64              4659          BRA.W tkpkg_tokenizer_vm_append_bytes_v1  ; [section code]
----                             4660  tkpkgTokenizerAppendBareOpenParen  ; [section code]
2274    43 F9 00 00 06 30        4661          LEA kindOpenParenText, A1  ; [section code]
227A    74 09                    4662          MOVEQ #9, D2  ; [section code]
227C    60 00 03 58              4663          BRA.W tkpkg_tokenizer_vm_append_bytes_v1  ; [section code]
----                             4664  tkpkgTokenizerAppendBareCloseParen  ; [section code]
2280    43 F9 00 00 06 39        4665          LEA kindCloseParenText, A1  ; [section code]
2286    74 0A                    4666          MOVEQ #10, D2  ; [section code]
2288    60 00 03 4C              4667          BRA.W tkpkg_tokenizer_vm_append_bytes_v1  ; [section code]
----                             4668    ; [section code]
----                             4669  tkpkgTokenizerAppendOperator  ; [section code]
228C    2F 00                    4670          MOVE.L D0, -(SP)  ; [section code]
228E    43 F9 00 00 05 9E        4671          LEA operatorPrefix, A1  ; [section code]
2294    74 09                    4672          MOVEQ #9, D2  ; [section code]
2296    61 00 03 3E              4673          BSR.W tkpkg_tokenizer_vm_append_bytes_v1  ; [section code]
229A    20 1F                    4674          MOVE.L (SP)+, D0  ; [section code]
229C    61 00 00 06              4675          BSR.W tkpkg_tokenizer_vm_append_operator_name_v1  ; [section code]
22A0    60 00 04 1C              4676          BRA.W tkpkg_tokenizer_vm_append_literal_close_paren_v1  ; [section code]
----                             4677    ; [section code]
----                             4678  tkpkg_tokenizer_vm_append_operator_name_v1  ; [section code]
22A4    0C 40 00 10              4679          CMPI.W #TK_KIND_OP_RANGE, D0  ; [section code]
22A8    67 00 00 BE              4680          BEQ.W tkpkgTokenizerOpRange  ; [section code]
22AC    0C 40 00 11              4681          CMPI.W #TK_KIND_OP_RANGE_INCLUSIVE, D0  ; [section code]
22B0    67 00 00 C2              4682          BEQ.W tkpkgTokenizerOpRangeInclusive  ; [section code]
22B4    0C 40 00 12              4683          CMPI.W #TK_KIND_OP_PLUS, D0  ; [section code]
22B8    67 00 00 C6              4684          BEQ.W tkpkgTokenizerOpPlus  ; [section code]
22BC    0C 40 00 13              4685          CMPI.W #TK_KIND_OP_MINUS, D0  ; [section code]
22C0    67 00 00 CA              4686          BEQ.W tkpkgTokenizerOpMinus  ; [section code]
22C4    0C 40 00 14              4687          CMPI.W #TK_KIND_OP_MULTIPLY, D0  ; [section code]
22C8    67 00 00 CE              4688          BEQ.W tkpkgTokenizerOpMultiply  ; [section code]
22CC    0C 40 00 15              4689          CMPI.W #TK_KIND_OP_POWER, D0  ; [section code]
22D0    67 00 00 D2              4690          BEQ.W tkpkgTokenizerOpPower  ; [section code]
22D4    0C 40 00 16              4691          CMPI.W #TK_KIND_OP_DIVIDE, D0  ; [section code]
22D8    67 00 00 D6              4692          BEQ.W tkpkgTokenizerOpDivide  ; [section code]
22DC    0C 40 00 17              4693          CMPI.W #TK_KIND_OP_MOD, D0  ; [section code]
22E0    67 00 00 DA              4694          BEQ.W tkpkgTokenizerOpMod  ; [section code]
22E4    0C 40 00 18              4695          CMPI.W #TK_KIND_OP_SHL, D0  ; [section code]
22E8    67 00 00 DE              4696          BEQ.W tkpkgTokenizerOpShl  ; [section code]
22EC    0C 40 00 19              4697          CMPI.W #TK_KIND_OP_SHR, D0  ; [section code]
22F0    67 00 00 E2              4698          BEQ.W tkpkgTokenizerOpShr  ; [section code]
22F4    0C 40 00 1A              4699          CMPI.W #TK_KIND_OP_BIT_NOT, D0  ; [section code]
22F8    67 00 00 E6              4700          BEQ.W tkpkgTokenizerOpBitNot  ; [section code]
22FC    0C 40 00 1B              4701          CMPI.W #TK_KIND_OP_LOGIC_NOT, D0  ; [section code]
2300    67 00 00 EA              4702          BEQ.W tkpkgTokenizerOpLogicNot  ; [section code]
2304    0C 40 00 1C              4703          CMPI.W #TK_KIND_OP_BIT_AND, D0  ; [section code]
2308    67 00 00 EE              4704          BEQ.W tkpkgTokenizerOpBitAnd  ; [section code]
230C    0C 40 00 1D              4705          CMPI.W #TK_KIND_OP_BIT_OR, D0  ; [section code]
2310    67 00 00 F2              4706          BEQ.W tkpkgTokenizerOpBitOr  ; [section code]
2314    0C 40 00 1E              4707          CMPI.W #TK_KIND_OP_BIT_XOR, D0  ; [section code]
2318    67 00 00 F6              4708          BEQ.W tkpkgTokenizerOpBitXor  ; [section code]
231C    0C 40 00 1F              4709          CMPI.W #TK_KIND_OP_LOGIC_AND, D0  ; [section code]
2320    67 00 00 FA              4710          BEQ.W tkpkgTokenizerOpLogicAnd  ; [section code]
2324    0C 40 00 20              4711          CMPI.W #TK_KIND_OP_LOGIC_OR, D0  ; [section code]
2328    67 00 00 FE              4712          BEQ.W tkpkgTokenizerOpLogicOr  ; [section code]
232C    0C 40 00 21              4713          CMPI.W #TK_KIND_OP_LOGIC_XOR, D0  ; [section code]
2330    67 00 01 02              4714          BEQ.W tkpkgTokenizerOpLogicXor  ; [section code]
2334    0C 40 00 22              4715          CMPI.W #TK_KIND_OP_EQ, D0  ; [section code]
2338    67 00 01 06              4716          BEQ.W tkpkgTokenizerOpEq  ; [section code]
233C    0C 40 00 23              4717          CMPI.W #TK_KIND_OP_NE, D0  ; [section code]
2340    67 00 01 0A              4718          BEQ.W tkpkgTokenizerOpNe  ; [section code]
2344    0C 40 00 24              4719          CMPI.W #TK_KIND_OP_GE, D0  ; [section code]
2348    67 00 01 0E              4720          BEQ.W tkpkgTokenizerOpGe  ; [section code]
234C    0C 40 00 25              4721          CMPI.W #TK_KIND_OP_GT, D0  ; [section code]
2350    67 00 01 12              4722          BEQ.W tkpkgTokenizerOpGt  ; [section code]
2354    0C 40 00 26              4723          CMPI.W #TK_KIND_OP_LE, D0  ; [section code]
2358    67 00 01 16              4724          BEQ.W tkpkgTokenizerOpLe  ; [section code]
235C    43 F9 00 00 06 BB        4725          LEA opLtText, A1  ; [section code]
2362    74 02                    4726          MOVEQ #2, D2  ; [section code]
2364    60 00 02 70              4727          BRA.W tkpkg_tokenizer_vm_append_bytes_v1  ; [section code]
----                             4728  tkpkgTokenizerOpRange  ; [section code]
2368    43 F9 00 00 06 43        4729          LEA opRangeText, A1  ; [section code]
236E    74 05                    4730          MOVEQ #5, D2  ; [section code]
2370    60 00 02 64              4731          BRA.W tkpkg_tokenizer_vm_append_bytes_v1  ; [section code]
----                             4732  tkpkgTokenizerOpRangeInclusive  ; [section code]
2374    43 F9 00 00 06 48        4733          LEA opRangeInclusiveText, A1  ; [section code]
237A    74 0E                    4734          MOVEQ #14, D2  ; [section code]
237C    60 00 02 58              4735          BRA.W tkpkg_tokenizer_vm_append_bytes_v1  ; [section code]
----                             4736  tkpkgTokenizerOpPlus  ; [section code]
2380    43 F9 00 00 06 56        4737          LEA opPlusText, A1  ; [section code]
2386    74 04                    4738          MOVEQ #4, D2  ; [section code]
2388    60 00 02 4C              4739          BRA.W tkpkg_tokenizer_vm_append_bytes_v1  ; [section code]
----                             4740  tkpkgTokenizerOpMinus  ; [section code]
238C    43 F9 00 00 06 5A        4741          LEA opMinusText, A1  ; [section code]
2392    74 05                    4742          MOVEQ #5, D2  ; [section code]
2394    60 00 02 40              4743          BRA.W tkpkg_tokenizer_vm_append_bytes_v1  ; [section code]
----                             4744  tkpkgTokenizerOpMultiply  ; [section code]
2398    43 F9 00 00 06 5F        4745          LEA opMultiplyText, A1  ; [section code]
239E    74 08                    4746          MOVEQ #8, D2  ; [section code]
23A0    60 00 02 34              4747          BRA.W tkpkg_tokenizer_vm_append_bytes_v1  ; [section code]
----                             4748  tkpkgTokenizerOpPower  ; [section code]
23A4    43 F9 00 00 06 67        4749          LEA opPowerText, A1  ; [section code]
23AA    74 05                    4750          MOVEQ #5, D2  ; [section code]
23AC    60 00 02 28              4751          BRA.W tkpkg_tokenizer_vm_append_bytes_v1  ; [section code]
----                             4752  tkpkgTokenizerOpDivide  ; [section code]
23B0    43 F9 00 00 06 6C        4753          LEA opDivideText, A1  ; [section code]
23B6    74 06                    4754          MOVEQ #6, D2  ; [section code]
23B8    60 00 02 1C              4755          BRA.W tkpkg_tokenizer_vm_append_bytes_v1  ; [section code]
----                             4756  tkpkgTokenizerOpMod  ; [section code]
23BC    43 F9 00 00 06 72        4757          LEA opModText, A1  ; [section code]
23C2    74 03                    4758          MOVEQ #3, D2  ; [section code]
23C4    60 00 02 10              4759          BRA.W tkpkg_tokenizer_vm_append_bytes_v1  ; [section code]
----                             4760  tkpkgTokenizerOpShl  ; [section code]
23C8    43 F9 00 00 06 75        4761          LEA opShlText, A1  ; [section code]
23CE    74 03                    4762          MOVEQ #3, D2  ; [section code]
23D0    60 00 02 04              4763          BRA.W tkpkg_tokenizer_vm_append_bytes_v1  ; [section code]
----                             4764  tkpkgTokenizerOpShr  ; [section code]
23D4    43 F9 00 00 06 78        4765          LEA opShrText, A1  ; [section code]
23DA    74 03                    4766          MOVEQ #3, D2  ; [section code]
23DC    60 00 01 F8              4767          BRA.W tkpkg_tokenizer_vm_append_bytes_v1  ; [section code]
----                             4768  tkpkgTokenizerOpBitNot  ; [section code]
23E0    43 F9 00 00 06 7B        4769          LEA opBitNotText, A1  ; [section code]
23E6    74 06                    4770          MOVEQ #6, D2  ; [section code]
23E8    60 00 01 EC              4771          BRA.W tkpkg_tokenizer_vm_append_bytes_v1  ; [section code]
----                             4772  tkpkgTokenizerOpLogicNot  ; [section code]
23EC    43 F9 00 00 06 81        4773          LEA opLogicNotText, A1  ; [section code]
23F2    74 08                    4774          MOVEQ #8, D2  ; [section code]
23F4    60 00 01 E0              4775          BRA.W tkpkg_tokenizer_vm_append_bytes_v1  ; [section code]
----                             4776  tkpkgTokenizerOpBitAnd  ; [section code]
23F8    43 F9 00 00 06 89        4777          LEA opBitAndText, A1  ; [section code]
23FE    74 06                    4778          MOVEQ #6, D2  ; [section code]
2400    60 00 01 D4              4779          BRA.W tkpkg_tokenizer_vm_append_bytes_v1  ; [section code]
----                             4780  tkpkgTokenizerOpBitOr  ; [section code]
2404    43 F9 00 00 06 8F        4781          LEA opBitOrText, A1  ; [section code]
240A    74 05                    4782          MOVEQ #5, D2  ; [section code]
240C    60 00 01 C8              4783          BRA.W tkpkg_tokenizer_vm_append_bytes_v1  ; [section code]
----                             4784  tkpkgTokenizerOpBitXor  ; [section code]
2410    43 F9 00 00 06 94        4785          LEA opBitXorText, A1  ; [section code]
2416    74 06                    4786          MOVEQ #6, D2  ; [section code]
2418    60 00 01 BC              4787          BRA.W tkpkg_tokenizer_vm_append_bytes_v1  ; [section code]
----                             4788  tkpkgTokenizerOpLogicAnd  ; [section code]
241C    43 F9 00 00 06 9A        4789          LEA opLogicAndText, A1  ; [section code]
2422    74 08                    4790          MOVEQ #8, D2  ; [section code]
2424    60 00 01 B0              4791          BRA.W tkpkg_tokenizer_vm_append_bytes_v1  ; [section code]
----                             4792  tkpkgTokenizerOpLogicOr  ; [section code]
2428    43 F9 00 00 06 A2        4793          LEA opLogicOrText, A1  ; [section code]
242E    74 07                    4794          MOVEQ #7, D2  ; [section code]
2430    60 00 01 A4              4795          BRA.W tkpkg_tokenizer_vm_append_bytes_v1  ; [section code]
----                             4796  tkpkgTokenizerOpLogicXor  ; [section code]
2434    43 F9 00 00 06 A9        4797          LEA opLogicXorText, A1  ; [section code]
243A    74 08                    4798          MOVEQ #8, D2  ; [section code]
243C    60 00 01 98              4799          BRA.W tkpkg_tokenizer_vm_append_bytes_v1  ; [section code]
----                             4800  tkpkgTokenizerOpEq  ; [section code]
2440    43 F9 00 00 06 B1        4801          LEA opEqText, A1  ; [section code]
2446    74 02                    4802          MOVEQ #2, D2  ; [section code]
2448    60 00 01 8C              4803          BRA.W tkpkg_tokenizer_vm_append_bytes_v1  ; [section code]
----                             4804  tkpkgTokenizerOpNe  ; [section code]
244C    43 F9 00 00 06 B3        4805          LEA opNeText, A1  ; [section code]
2452    74 02                    4806          MOVEQ #2, D2  ; [section code]
2454    60 00 01 80              4807          BRA.W tkpkg_tokenizer_vm_append_bytes_v1  ; [section code]
----                             4808  tkpkgTokenizerOpGe  ; [section code]
2458    43 F9 00 00 06 B5        4809          LEA opGeText, A1  ; [section code]
245E    74 02                    4810          MOVEQ #2, D2  ; [section code]
2460    60 00 01 74              4811          BRA.W tkpkg_tokenizer_vm_append_bytes_v1  ; [section code]
----                             4812  tkpkgTokenizerOpGt  ; [section code]
2464    43 F9 00 00 06 B7        4813          LEA opGtText, A1  ; [section code]
246A    74 02                    4814          MOVEQ #2, D2  ; [section code]
246C    60 00 01 68              4815          BRA.W tkpkg_tokenizer_vm_append_bytes_v1  ; [section code]
----                             4816  tkpkgTokenizerOpLe  ; [section code]
2470    43 F9 00 00 06 B9        4817          LEA opLeText, A1  ; [section code]
2476    74 02                    4818          MOVEQ #2, D2  ; [section code]
2478    60 00 01 5C              4819          BRA.W tkpkg_tokenizer_vm_append_bytes_v1  ; [section code]
----                             4820    ; [section code]
----                             4821  tkpkg_tokenizer_vm_append_quoted_v1  ; [section code]
247C    48 E7 C4 00              4822          MOVEM.L D0-D1/D5, -(SP)  ; [section code]
2480    70 22                    4823          MOVEQ #'"', D0  ; [section code]
2482    61 00 01 64              4824          BSR.W tkpkg_tokenizer_vm_append_char_v1  ; [section code]
2486    2A 03                    4825          MOVE.L D3, D5  ; [section code]
2488    67 0C                    4826          BEQ.S tkpkgTokenizerQuotedClose  ; [section code]
----                             4827    ; [section code]
----                             4828  tkpkgTokenizerQuotedLoop  ; [section code]
248A    70 00                    4829          MOVEQ #0, D0  ; [section code]
248C    10 19                    4830          MOVE.B (A1)+, D0  ; [section code]
248E    61 00 00 A6              4831          BSR.W tkpkg_tokenizer_vm_append_escaped_char_v1  ; [section code]
2492    53 85                    4832          SUBQ.L #1, D5  ; [section code]
2494    66 F4                    4833          BNE.S tkpkgTokenizerQuotedLoop  ; [section code]
----                             4834    ; [section code]
----                             4835  tkpkgTokenizerQuotedClose  ; [section code]
2496    70 22                    4836          MOVEQ #'"', D0  ; [section code]
2498    61 00 01 4E              4837          BSR.W tkpkg_tokenizer_vm_append_char_v1  ; [section code]
249C    4C DF 00 23              4838          MOVEM.L (SP)+, D0-D1/D5  ; [section code]
24A0    4E 75                    4839          RTS  ; [section code]
----                             4840    ; [section code]
----                             4841  tkpkg_tokenizer_vm_append_upper_quoted_v1  ; [section code]
24A2    48 E7 C4 00              4842          MOVEM.L D0-D1/D5, -(SP)  ; [section code]
24A6    70 22                    4843          MOVEQ #'"', D0  ; [section code]
24A8    61 00 01 3E              4844          BSR.W tkpkg_tokenizer_vm_append_char_v1  ; [section code]
24AC    2A 03                    4845          MOVE.L D3, D5  ; [section code]
24AE    67 1C                    4846          BEQ.S tkpkgTokenizerUpperQuotedClose  ; [section code]
----                             4847    ; [section code]
----                             4848  tkpkgTokenizerUpperQuotedLoop  ; [section code]
24B0    70 00                    4849          MOVEQ #0, D0  ; [section code]
24B2    10 19                    4850          MOVE.B (A1)+, D0  ; [section code]
24B4    0C 00 00 61              4851          CMPI.B #'a', D0  ; [section code]
24B8    65 0A                    4852          BLO.S tkpkgTokenizerUpperQuotedEmit  ; [section code]
24BA    0C 00 00 7A              4853          CMPI.B #'z', D0  ; [section code]
24BE    62 04                    4854          BHI.S tkpkgTokenizerUpperQuotedEmit  ; [section code]
24C0    02 00 00 DF              4855          ANDI.B #$DF, D0  ; [section code]
----                             4856  tkpkgTokenizerUpperQuotedEmit  ; [section code]
24C4    61 00 00 70              4857          BSR.W tkpkg_tokenizer_vm_append_escaped_char_v1  ; [section code]
24C8    53 85                    4858          SUBQ.L #1, D5  ; [section code]
24CA    66 E4                    4859          BNE.S tkpkgTokenizerUpperQuotedLoop  ; [section code]
----                             4860    ; [section code]
----                             4861  tkpkgTokenizerUpperQuotedClose  ; [section code]
24CC    70 22                    4862          MOVEQ #'"', D0  ; [section code]
24CE    61 00 01 18              4863          BSR.W tkpkg_tokenizer_vm_append_char_v1  ; [section code]
24D2    4C DF 00 23              4864          MOVEM.L (SP)+, D0-D1/D5  ; [section code]
24D6    4E 75                    4865          RTS  ; [section code]
----                             4866    ; [section code]
----                             4867  tkpkg_tokenizer_vm_append_string_raw_v1  ; [section code]
24D8    48 E7 C4 40              4868          MOVEM.L D0-D1/D5/A1, -(SP)  ; [section code]
24DC    70 22                    4869          MOVEQ #'"', D0  ; [section code]
24DE    61 00 01 08              4870          BSR.W tkpkg_tokenizer_vm_append_char_v1  ; [section code]
24E2    70 22                    4871          MOVEQ #'"', D0  ; [section code]
24E4    61 00 00 50              4872          BSR.W tkpkg_tokenizer_vm_append_escaped_char_v1  ; [section code]
24E8    2A 03                    4873          MOVE.L D3, D5  ; [section code]
24EA    67 0C                    4874          BEQ.S tkpkgTokenizerStringRawClose  ; [section code]
----                             4875    ; [section code]
----                             4876  tkpkgTokenizerStringRawLoop  ; [section code]
24EC    70 00                    4877          MOVEQ #0, D0  ; [section code]
24EE    10 19                    4878          MOVE.B (A1)+, D0  ; [section code]
24F0    61 00 00 44              4879          BSR.W tkpkg_tokenizer_vm_append_escaped_char_v1  ; [section code]
24F4    53 85                    4880          SUBQ.L #1, D5  ; [section code]
24F6    66 F4                    4881          BNE.S tkpkgTokenizerStringRawLoop  ; [section code]
----                             4882    ; [section code]
----                             4883  tkpkgTokenizerStringRawClose  ; [section code]
24F8    70 22                    4884          MOVEQ #'"', D0  ; [section code]
24FA    61 00 00 3A              4885          BSR.W tkpkg_tokenizer_vm_append_escaped_char_v1  ; [section code]
24FE    70 22                    4886          MOVEQ #'"', D0  ; [section code]
2500    61 00 00 E6              4887          BSR.W tkpkg_tokenizer_vm_append_char_v1  ; [section code]
2504    4C DF 02 23              4888          MOVEM.L (SP)+, D0-D1/D5/A1  ; [section code]
2508    4E 75                    4889          RTS  ; [section code]
----                             4890    ; [section code]
----                             4891  tkpkg_tokenizer_vm_append_byte_list_v1  ; [section code]
250A    48 E7 C4 40              4892          MOVEM.L D0-D1/D5/A1, -(SP)  ; [section code]
250E    2A 03                    4893          MOVE.L D3, D5  ; [section code]
2510    67 1E                    4894          BEQ.S tkpkgTokenizerByteListDone  ; [section code]
----                             4895    ; [section code]
----                             4896  tkpkgTokenizerByteListLoop  ; [section code]
2512    70 00                    4897          MOVEQ #0, D0  ; [section code]
2514    10 19                    4898          MOVE.B (A1)+, D0  ; [section code]
2516    61 00 00 7C              4899          BSR.W tkpkg_tokenizer_vm_append_u32_v1  ; [section code]
251A    53 85                    4900          SUBQ.L #1, D5  ; [section code]
251C    67 12                    4901          BEQ.S tkpkgTokenizerByteListDone  ; [section code]
251E    2F 09                    4902          MOVE.L A1, -(SP)  ; [section code]
2520    43 F9 00 00 05 AC        4903          LEA commaSpaceText, A1  ; [section code]
2526    74 02                    4904          MOVEQ #2, D2  ; [section code]
2528    61 00 00 AC              4905          BSR.W tkpkg_tokenizer_vm_append_bytes_v1  ; [section code]
252C    22 5F                    4906          MOVEA.L (SP)+, A1  ; [section code]
252E    60 E2                    4907          BRA.S tkpkgTokenizerByteListLoop  ; [section code]
----                             4908    ; [section code]
----                             4909  tkpkgTokenizerByteListDone  ; [section code]
2530    4C DF 02 23              4910          MOVEM.L (SP)+, D0-D1/D5/A1  ; [section code]
2534    4E 75                    4911          RTS  ; [section code]
----                             4912    ; [section code]
----                             4913  tkpkg_tokenizer_vm_append_escaped_char_v1  ; [section code]
2536    0C 00 00 5C              4914          CMPI.B #'\\', D0  ; [section code]
253A    67 1C                    4915          BEQ.S tkpkgTokenizerEscapeBackslash  ; [section code]
253C    0C 00 00 22              4916          CMPI.B #'"', D0  ; [section code]
2540    67 22                    4917          BEQ.S tkpkgTokenizerEscapeQuote  ; [section code]
2542    0C 00 00 0A              4918          CMPI.B #10, D0  ; [section code]
2546    67 28                    4919          BEQ.S tkpkgTokenizerEscapeLf  ; [section code]
2548    0C 00 00 0D              4920          CMPI.B #13, D0  ; [section code]
254C    67 2E                    4921          BEQ.S tkpkgTokenizerEscapeCr  ; [section code]
254E    0C 00 00 09              4922          CMPI.B #9, D0  ; [section code]
2552    67 34                    4923          BEQ.S tkpkgTokenizerEscapeTab  ; [section code]
2554    60 00 00 92              4924          BRA.W tkpkg_tokenizer_vm_append_char_v1  ; [section code]
----                             4925    ; [section code]
----                             4926  tkpkgTokenizerEscapeBackslash  ; [section code]
2558    70 5C                    4927          MOVEQ #'\\', D0  ; [section code]
255A    61 00 00 8C              4928          BSR.W tkpkg_tokenizer_vm_append_char_v1  ; [section code]
255E    70 5C                    4929          MOVEQ #'\\', D0  ; [section code]
2560    60 00 00 86              4930          BRA.W tkpkg_tokenizer_vm_append_char_v1  ; [section code]
----                             4931    ; [section code]
----                             4932  tkpkgTokenizerEscapeQuote  ; [section code]
2564    70 5C                    4933          MOVEQ #'\\', D0  ; [section code]
2566    61 00 00 80              4934          BSR.W tkpkg_tokenizer_vm_append_char_v1  ; [section code]
256A    70 22                    4935          MOVEQ #'"', D0  ; [section code]
256C    60 00 00 7A              4936          BRA.W tkpkg_tokenizer_vm_append_char_v1  ; [section code]
----                             4937    ; [section code]
----                             4938  tkpkgTokenizerEscapeLf  ; [section code]
2570    70 5C                    4939          MOVEQ #'\\', D0  ; [section code]
2572    61 00 00 74              4940          BSR.W tkpkg_tokenizer_vm_append_char_v1  ; [section code]
2576    70 6E                    4941          MOVEQ #'n', D0  ; [section code]
2578    60 00 00 6E              4942          BRA.W tkpkg_tokenizer_vm_append_char_v1  ; [section code]
----                             4943    ; [section code]
----                             4944  tkpkgTokenizerEscapeCr  ; [section code]
257C    70 5C                    4945          MOVEQ #'\\', D0  ; [section code]
257E    61 00 00 68              4946          BSR.W tkpkg_tokenizer_vm_append_char_v1  ; [section code]
2582    70 72                    4947          MOVEQ #'r', D0  ; [section code]
2584    60 00 00 62              4948          BRA.W tkpkg_tokenizer_vm_append_char_v1  ; [section code]
----                             4949    ; [section code]
----                             4950  tkpkgTokenizerEscapeTab  ; [section code]
2588    70 5C                    4951          MOVEQ #'\\', D0  ; [section code]
258A    61 00 00 5C              4952          BSR.W tkpkg_tokenizer_vm_append_char_v1  ; [section code]
258E    70 74                    4953          MOVEQ #'t', D0  ; [section code]
2590    60 00 00 56              4954          BRA.W tkpkg_tokenizer_vm_append_char_v1  ; [section code]
----                             4955    ; [section code]
----                             4956  tkpkg_tokenizer_vm_append_u32_v1  ; [section code]
2594    48 E7 7C 40              4957          MOVEM.L D1-D5/A1, -(SP)  ; [section code]
2598    43 F9 00 00 05 BF        4958          LEA decimalPowers, A1  ; [section code]
259E    42 84                    4959          CLR.L D4  ; [section code]
25A0    7A 09                    4960          MOVEQ #9, D5  ; [section code]
----                             4961    ; [section code]
----                             4962  tkpkgTokenizerAppendU32Loop  ; [section code]
25A2    24 19                    4963          MOVE.L (A1)+, D2  ; [section code]
25A4    76 00                    4964          MOVEQ #0, D3  ; [section code]
----                             4965    ; [section code]
----                             4966  tkpkgTokenizerAppendDigitCount  ; [section code]
25A6    B0 82                    4967          CMP.L D2, D0  ; [section code]
25A8    65 06                    4968          BLO.S tkpkgTokenizerAppendDigitReady  ; [section code]
25AA    90 82                    4969          SUB.L D2, D0  ; [section code]
25AC    52 03                    4970          ADDQ.B #1, D3  ; [section code]
25AE    60 F6                    4971          BRA.S tkpkgTokenizerAppendDigitCount  ; [section code]
----                             4972    ; [section code]
----                             4973  tkpkgTokenizerAppendDigitReady  ; [section code]
25B0    4A 84                    4974          TST.L D4  ; [section code]
25B2    66 0A                    4975          BNE.S tkpkgTokenizerAppendDigitEmit  ; [section code]
25B4    4A 03                    4976          TST.B D3  ; [section code]
25B6    66 04                    4977          BNE.S tkpkgTokenizerAppendDigitStart  ; [section code]
25B8    4A 45                    4978          TST.W D5  ; [section code]
25BA    66 10                    4979          BNE.S tkpkgTokenizerAppendDigitSkip  ; [section code]
----                             4980    ; [section code]
----                             4981  tkpkgTokenizerAppendDigitStart  ; [section code]
25BC    78 01                    4982          MOVEQ #1, D4  ; [section code]
----                             4983    ; [section code]
----                             4984  tkpkgTokenizerAppendDigitEmit  ; [section code]
25BE    2F 00                    4985          MOVE.L D0, -(SP)  ; [section code]
25C0    78 30                    4986          MOVEQ #'0', D4  ; [section code]
25C2    D8 03                    4987          ADD.B D3, D4  ; [section code]
25C4    20 04                    4988          MOVE.L D4, D0  ; [section code]
25C6    61 00 00 20              4989          BSR.W tkpkg_tokenizer_vm_append_char_v1  ; [section code]
25CA    20 1F                    4990          MOVE.L (SP)+, D0  ; [section code]
----                             4991    ; [section code]
----                             4992  tkpkgTokenizerAppendDigitSkip  ; [section code]
25CC    51 CD FF D4              4993          DBF D5, tkpkgTokenizerAppendU32Loop  ; [section code]
25D0    4C DF 02 3E              4994          MOVEM.L (SP)+, D1-D5/A1  ; [section code]
25D4    4E 75                    4995          RTS  ; [section code]
----                             4996    ; [section code]
----                             4997  tkpkg_tokenizer_vm_append_bytes_v1  ; [section code]
25D6    4A 42                    4998          TST.W D2  ; [section code]
25D8    67 0C                    4999          BEQ.S tkpkgTokenizerAppendBytesDone  ; [section code]
----                             5000    ; [section code]
----                             5001  tkpkgTokenizerAppendBytesLoop  ; [section code]
25DA    70 00                    5002          MOVEQ #0, D0  ; [section code]
25DC    10 19                    5003          MOVE.B (A1)+, D0  ; [section code]
25DE    61 00 00 08              5004          BSR.W tkpkg_tokenizer_vm_append_char_v1  ; [section code]
25E2    53 42                    5005          SUBQ.W #1, D2  ; [section code]
25E4    66 F4                    5006          BNE.S tkpkgTokenizerAppendBytesLoop  ; [section code]
----                             5007    ; [section code]
----                             5008  tkpkgTokenizerAppendBytesDone  ; [section code]
25E6    4E 75                    5009          RTS  ; [section code]
----                             5010    ; [section code]
----                             5011  tkpkg_tokenizer_vm_append_char_v1  ; [section code]
25E8    2F 09                    5012          MOVE.L A1, -(SP)  ; [section code]
25EA    22 2C 00 00              5013          MOVE.L LOCAL_OUTPUT_LEN(A4), D1  ; [section code]
25EE    0C 81 00 00 0F FF        5014          CMPI.L #LAST_ERROR_BUFFER_CAPACITY - 1, D1  ; [section code]
25F4    65 0A                    5015          BCS.S tkpkgTokenizerAppendCharStore  ; [section code]
25F6    72 01                    5016          MOVEQ #1, D1  ; [section code]
25F8    29 41 00 04              5017          MOVE.L D1, LOCAL_OUTPUT_OVERFLOW(A4)  ; [section code]
25FC    22 5F                    5018          MOVEA.L (SP)+, A1  ; [section code]
25FE    4E 75                    5019          RTS  ; [section code]
----                             5020    ; [section code]
----                             5021  tkpkgTokenizerAppendCharStore  ; [section code]
2600    43 F9 00 00 00 20        5022          LEA lastErrorBuffer, A1  ; [section code]
2606    13 80 18 00              5023          MOVE.B D0, 0(A1, D1.L)  ; [section code]
260A    52 81                    5024          ADDQ.L #1, D1  ; [section code]
260C    29 41 00 00              5025          MOVE.L D1, LOCAL_OUTPUT_LEN(A4)  ; [section code]
2610    42 31 18 00              5026          CLR.B 0(A1, D1.L)  ; [section code]
2614    22 5F                    5027          MOVEA.L (SP)+, A1  ; [section code]
2616    4E 75                    5028          RTS  ; [section code]
----                             5029    ; [section code]
----                             5030  tkpkg_tokenizer_vm_number_base_v1  ; [section code]
2618    70 0A                    5031          MOVEQ #10, D0  ; [section code]
261A    4A 83                    5032          TST.L D3  ; [section code]
261C    67 4E                    5033          BEQ.S tkpkgTokenizerNumberBaseDone  ; [section code]
261E    72 00                    5034          MOVEQ #0, D1  ; [section code]
2620    12 11                    5035          MOVE.B (A1), D1  ; [section code]
2622    0C 01 00 24              5036          CMPI.B #'$', D1  ; [section code]
2626    67 3A                    5037          BEQ.S tkpkgTokenizerNumberBaseHex  ; [section code]
2628    0C 01 00 25              5038          CMPI.B #'%', D1  ; [section code]
262C    67 38                    5039          BEQ.S tkpkgTokenizerNumberBaseBin  ; [section code]
262E    74 00                    5040          MOVEQ #0, D2  ; [section code]
2630    20 49                    5041          MOVEA.L A1, A0  ; [section code]
2632    D1 C3                    5042          ADDA.L D3, A0  ; [section code]
2634    53 88                    5043          SUBQ.L #1, A0  ; [section code]
2636    14 10                    5044          MOVE.B (A0), D2  ; [section code]
2638    0C 02 00 61              5045          CMPI.B #'a', D2  ; [section code]
263C    65 0A                    5046          BLO.S tkpkgTokenizerNumberBaseSuffix  ; [section code]
263E    0C 02 00 7A              5047          CMPI.B #'z', D2  ; [section code]
2642    62 04                    5048          BHI.S tkpkgTokenizerNumberBaseSuffix  ; [section code]
2644    02 02 00 DF              5049          ANDI.B #$DF, D2  ; [section code]
----                             5050    ; [section code]
----                             5051  tkpkgTokenizerNumberBaseSuffix  ; [section code]
2648    0C 02 00 48              5052          CMPI.B #'H', D2  ; [section code]
264C    67 14                    5053          BEQ.S tkpkgTokenizerNumberBaseHex  ; [section code]
264E    0C 02 00 42              5054          CMPI.B #'B', D2  ; [section code]
2652    67 12                    5055          BEQ.S tkpkgTokenizerNumberBaseBin  ; [section code]
2654    0C 02 00 4F              5056          CMPI.B #'O', D2  ; [section code]
2658    67 10                    5057          BEQ.S tkpkgTokenizerNumberBaseOct  ; [section code]
265A    0C 02 00 51              5058          CMPI.B #'Q', D2  ; [section code]
265E    67 0A                    5059          BEQ.S tkpkgTokenizerNumberBaseOct  ; [section code]
2660    60 0A                    5060          BRA.S tkpkgTokenizerNumberBaseDone  ; [section code]
----                             5061    ; [section code]
----                             5062  tkpkgTokenizerNumberBaseHex  ; [section code]
2662    70 10                    5063          MOVEQ #16, D0  ; [section code]
2664    4E 75                    5064          RTS  ; [section code]
----                             5065  tkpkgTokenizerNumberBaseBin  ; [section code]
2666    70 02                    5066          MOVEQ #2, D0  ; [section code]
2668    4E 75                    5067          RTS  ; [section code]
----                             5068  tkpkgTokenizerNumberBaseOct  ; [section code]
266A    70 08                    5069          MOVEQ #8, D0  ; [section code]
----                             5070  tkpkgTokenizerNumberBaseDone  ; [section code]
266C    4E 75                    5071          RTS  ; [section code]
----                             5072    ; [section code]
----                             5073  tkpkg_tokenizer_vm_record_ptr_v1  ; [section code]
266E    22 00                    5074          MOVE.L D0, D1  ; [section code]
2670    D2 81                    5075          ADD.L D1, D1  ; [section code]
2672    20 41                    5076          MOVEA.L D1, A0  ; [section code]
2674    D2 81                    5077          ADD.L D1, D1  ; [section code]
2676    D2 81                    5078          ADD.L D1, D1  ; [section code]
2678    D2 81                    5079          ADD.L D1, D1  ; [section code]
267A    D1 C1                    5080          ADDA.L D1, A0  ; [section code]
267C    22 00                    5081          MOVE.L D0, D1  ; [section code]
267E    D2 81                    5082          ADD.L D1, D1  ; [section code]
2680    D1 C1                    5083          ADDA.L D1, A0  ; [section code]
2682    43 F9 00 00 20 20        5084          LEA tokenRecordBuffer, A1  ; [section code]
2688    D3 C8                    5085          ADDA.L A0, A1  ; [section code]
268A    20 49                    5086          MOVEA.L A1, A0  ; [section code]
268C    4E 75                    5087          RTS  ; [section code]
----                             5088    ; [section code]
----                             5089  tkpkg_tokenizer_vm_append_literal_at_v1  ; [section code]
268E    43 F9 00 00 05 A7        5090          LEA atSep, A1  ; [section code]
2694    74 01                    5091          MOVEQ #1, D2  ; [section code]
2696    60 00 FF 3E              5092          BRA.W tkpkg_tokenizer_vm_append_bytes_v1  ; [section code]
----                             5093    ; [section code]
----                             5094  tkpkg_tokenizer_vm_append_literal_colon_v1  ; [section code]
269A    43 F9 00 00 05 A8        5095          LEA colonSep, A1  ; [section code]
26A0    74 01                    5096          MOVEQ #1, D2  ; [section code]
26A2    60 00 FF 32              5097          BRA.W tkpkg_tokenizer_vm_append_bytes_v1  ; [section code]
----                             5098    ; [section code]
----                             5099  tkpkg_tokenizer_vm_append_literal_dash_v1  ; [section code]
26A6    43 F9 00 00 05 A9        5100          LEA dashSep, A1  ; [section code]
26AC    74 01                    5101          MOVEQ #1, D2  ; [section code]
26AE    60 00 FF 26              5102          BRA.W tkpkg_tokenizer_vm_append_bytes_v1  ; [section code]
----                             5103    ; [section code]
----                             5104  tkpkg_tokenizer_vm_append_literal_newline_v1  ; [section code]
26B2    43 F9 00 00 05 AA        5105          LEA newlineSep, A1  ; [section code]
26B8    74 01                    5106          MOVEQ #1, D2  ; [section code]
26BA    60 00 FF 1A              5107          BRA.W tkpkg_tokenizer_vm_append_bytes_v1  ; [section code]
----                             5108    ; [section code]
----                             5109  tkpkg_tokenizer_vm_append_literal_close_paren_v1  ; [section code]
26BE    43 F9 00 00 05 AB        5110          LEA closeParenText, A1  ; [section code]
26C4    74 01                    5111          MOVEQ #1, D2  ; [section code]
26C6    60 00 FF 0E              5112          BRA.W tkpkg_tokenizer_vm_append_bytes_v1  ; [section code]
----                             5113    ; [section code]
----                             5114  tkpkg_tokenizer_vm_skip_string_v1  ; [section code]
26CA    61 00 00 4C              5115          BSR.W tkpkg_tokenizer_vm_read_u32_le_v1  ; [section code]
26CE    45 F2 00 00              5116          LEA 0(A2, D0.W), A2  ; [section code]
26D2    4E 75                    5117          RTS  ; [section code]
----                             5118    ; [section code]
----                             5119  tkpkg_tokenizer_vm_read_string_into_slot_v1  ; [section code]
26D4    61 00 00 42              5120          BSR.W tkpkg_tokenizer_vm_read_u32_le_v1  ; [section code]
26D8    24 00                    5121          MOVE.L D0, D2  ; [section code]
26DA    0C 82 00 00 00 1F        5122          CMPI.L #31, D2  ; [section code]
26E0    63 02                    5123          BLS.S tkpkgTokenizerReadStringLenReady  ; [section code]
26E2    74 1F                    5124          MOVEQ #31, D2  ; [section code]
----                             5125  tkpkgTokenizerReadStringLenReady  ; [section code]
26E4    12 82                    5126          MOVE.B D2, (A1)  ; [section code]
26E6    22 02                    5127          MOVE.L D2, D1  ; [section code]
26E8    20 4A                    5128          MOVEA.L A2, A0  ; [section code]
----                             5129  tkpkgTokenizerReadStringCopyLoop  ; [section code]
26EA    4A 81                    5130          TST.L D1  ; [section code]
26EC    67 06                    5131          BEQ.S tkpkgTokenizerReadStringCopyDone  ; [section code]
26EE    16 D8                    5132          MOVE.B (A0)+, (A3)+  ; [section code]
26F0    53 81                    5133          SUBQ.L #1, D1  ; [section code]
26F2    60 F6                    5134          BRA.S tkpkgTokenizerReadStringCopyLoop  ; [section code]
----                             5135  tkpkgTokenizerReadStringCopyDone  ; [section code]
26F4    42 13                    5136          CLR.B (A3)  ; [section code]
26F6    45 F2 00 00              5137          LEA 0(A2, D0.W), A2  ; [section code]
26FA    4E 75                    5138          RTS  ; [section code]
----                             5139    ; [section code]
----                             5140  tkpkg_tokenizer_vm_read_bytes_field_v1  ; [section code]
26FC    61 00 00 1A              5141          BSR.W tkpkg_tokenizer_vm_read_u32_le_v1  ; [section code]
2700    26 4A                    5142          MOVEA.L A2, A3  ; [section code]
2702    26 00                    5143          MOVE.L D0, D3  ; [section code]
2704    45 F2 00 00              5144          LEA 0(A2, D0.W), A2  ; [section code]
2708    4E 75                    5145          RTS  ; [section code]
----                             5146    ; [section code]
----                             5147  tkpkg_tokenizer_vm_read_u16_le_v1  ; [section code]
270A    70 00                    5148          MOVEQ #0, D0  ; [section code]
270C    10 1A                    5149          MOVE.B (A2)+, D0  ; [section code]
270E    72 00                    5150          MOVEQ #0, D1  ; [section code]
2710    12 1A                    5151          MOVE.B (A2)+, D1  ; [section code]
2712    E1 49                    5152          LSL.W #8, D1  ; [section code]
2714    80 41                    5153          OR.W D1, D0  ; [section code]
2716    4E 75                    5154          RTS  ; [section code]
----                             5155    ; [section code]
----                             5156  tkpkg_tokenizer_vm_read_u32_le_v1  ; [section code]
2718    70 00                    5157          MOVEQ #0, D0  ; [section code]
271A    10 1A                    5158          MOVE.B (A2)+, D0  ; [section code]
271C    72 00                    5159          MOVEQ #0, D1  ; [section code]
271E    12 1A                    5160          MOVE.B (A2)+, D1  ; [section code]
2720    E1 89                    5161          LSL.L #8, D1  ; [section code]
2722    80 81                    5162          OR.L D1, D0  ; [section code]
2724    72 00                    5163          MOVEQ #0, D1  ; [section code]
2726    12 1A                    5164          MOVE.B (A2)+, D1  ; [section code]
2728    E1 89                    5165          LSL.L #8, D1  ; [section code]
272A    E1 89                    5166          LSL.L #8, D1  ; [section code]
272C    80 81                    5167          OR.L D1, D0  ; [section code]
272E    72 00                    5168          MOVEQ #0, D1  ; [section code]
2730    12 1A                    5169          MOVE.B (A2)+, D1  ; [section code]
2732    E1 89                    5170          LSL.L #8, D1  ; [section code]
2734    E1 89                    5171          LSL.L #8, D1  ; [section code]
2736    E1 89                    5172          LSL.L #8, D1  ; [section code]
2738    80 81                    5173          OR.L D1, D0  ; [section code]
273A    4E 75                    5174          RTS  ; [section code]
----                             5175    ; [section code]
----                             5176          .endsection
----                             5177          .endmodule
----                             5178          .module tkpkg.amigaos.service
----                             5179          .cpu 68020
----                             5180          .pub
----                             5181          .use tkpkg.amigaos.abi (NATIVE_ABI_MAGIC_0, NATIVE_ABI_MAGIC_1)
----                             5182          .use tkpkg.amigaos.abi (NATIVE_ABI_MAGIC_2, NATIVE_ABI_MAGIC_3)
----                             5183          .use tkpkg.amigaos.abi (NATIVE_ABI_VERSION_V1, NATIVE_CONTROL_BLOCK_SIZE_V1)
----                             5184          .use tkpkg.amigaos.abi (CAPABILITY_FLAGS_V1, STATUS_BAD_CONTROL_BLOCK_V1)
----                             5185          .use tkpkg.amigaos.abi (STATUS_BAD_REQUEST_V1)
----                             5186          .use tkpkg.amigaos.abi (STATUS_OK_V1, STATUS_RUNTIME_ERROR_V1)
----                             5187          .use tkpkg.amigaos.abi (ENTRY_ORD_INIT, ENTRY_ORD_LOAD_PACKAGE)
----                             5188          .use tkpkg.amigaos.abi (ENTRY_ORD_SET_PIPELINE, ENTRY_ORD_TOKENIZE_LINE)
----                             5189          .use tkpkg.amigaos.abi (ENTRY_ORD_PARSE_LINE_RESERVED, ENTRY_ORD_ENCODE_INSTRUCTION_RESERVED)
----                             5190          .use tkpkg.amigaos.abi (ENTRY_ORD_LAST_ERROR)
----                             5191          .use tkpkg.amigaos.abi (CB_MAGIC, CB_ABI_VERSION, CB_STRUCT_SIZE)
----                             5192          .use tkpkg.amigaos.abi (CB_CAPABILITY_FLAGS, CB_STATUS_CODE, CB_REQUEST_ID)
----                             5193          .use tkpkg.amigaos.abi (CB_RESERVED0, CB_INPUT_PTR, CB_INPUT_LEN)
----                             5194          .use tkpkg.amigaos.abi (CB_OUTPUT_PTR, CB_OUTPUT_LEN, CB_EXTENSION_PTR)
----                             5195          .use tkpkg.amigaos.abi (CB_EXTENSION_LEN, CB_LAST_ERROR_PTR, CB_LAST_ERROR_LEN)
----                             5196          .use tkpkg.amigaos.buffers (BAD_REQUEST_TEXT_LEN, CONTROL_BLOCK_ERROR_TEXT_LEN)
----                             5197          .use tkpkg.amigaos.buffers (LAST_ERROR_BUFFER_PTR_V1)
----                             5198          .use tkpkg.amigaos.buffers (RUNTIME_ERROR_TEXT_LEN)
----                             5199          .use tkpkg.amigaos.buffers (LAST_ERROR_KIND_NONE, LAST_ERROR_KIND_BAD_REQUEST)
----                             5200          .use tkpkg.amigaos.buffers (LAST_ERROR_KIND_BAD_CONTROL, LAST_ERROR_KIND_RUNTIME)
----                             5201          .use tkpkg.amigaos.buffers (badRequestText, controlBlockErrorText, runtimeErrorText)
----                             5202          .use tkpkg.amigaos.buffers (controlBlockV1, nextRequestIdHi, nextRequestIdLo)
----                             5203          .use tkpkg.amigaos.buffers (storedLastErrorKind, storedLastErrorLen)
----                             5204          .use tkpkg.amigaos.buffers (storedLastErrorLenHi)
----                             5205          .use tkpkg.amigaos.buffers (lastErrorBuffer)
----                             5206          .use tkpkg.amigaos.package_loader (tkpkg_package_loader_load_v1)
----                             5207          .use tkpkg.amigaos.pipeline (tkpkg_pipeline_set_active_v1)
----                             5208          .use tkpkg.amigaos.tokenizer_vm (tkpkg_tokenizer_vm_tokenize_line_v1)
----                             5209  
----                             5210          .section code, kind=code  ; [section code]
----                             5211    ; [section code]
----                             5212  tkpkg_service_bootstrap_v1  ; [section code]
273C    41 F9 00 00 00 00        5213          LEA controlBlockV1, A0  ; [section code]
2742    70 00                    5214          MOVEQ #ENTRY_ORD_INIT, D0  ; [section code]
2744    61 00 00 04              5215          BSR.W tkpkg_service_dispatch_v1  ; [section code]
2748    4E 75                    5216          RTS  ; [section code]
----                             5217    ; [section code]
----                             5218  tkpkg_service_dispatch_v1  ; [section code]
274A    0C 00 00 00              5219          CMPI.B #ENTRY_ORD_INIT, D0  ; [section code]
274E    67 42                    5220          BEQ.S tkpkgServiceHandleInitEntry  ; [section code]
2750    61 00 01 48              5221          BSR.W tkpkg_service_prepare_request_v1  ; [section code]
2754    61 00 01 52              5222          BSR.W tkpkg_service_validate_header_v1  ; [section code]
2758    4A 01                    5223          TST.B D1  ; [section code]
275A    66 44                    5224          BNE.S tkpkgServiceDispatchDone  ; [section code]
275C    0C 00 00 06              5225          CMPI.B #ENTRY_ORD_LAST_ERROR, D0  ; [section code]
2760    67 52                    5226          BEQ.S tkpkgServiceHandleLastError  ; [section code]
2762    0C 00 00 01              5227          CMPI.B #ENTRY_ORD_LOAD_PACKAGE, D0  ; [section code]
2766    67 00 00 90              5228          BEQ.W tkpkgServiceHandleLoadPackage  ; [section code]
276A    0C 00 00 02              5229          CMPI.B #ENTRY_ORD_SET_PIPELINE, D0  ; [section code]
276E    67 00 00 B0              5230          BEQ.W tkpkgServiceHandleSetPipeline  ; [section code]
2772    0C 00 00 03              5231          CMPI.B #ENTRY_ORD_TOKENIZE_LINE, D0  ; [section code]
2776    67 00 00 DC              5232          BEQ.W tkpkgServiceHandleTokenizeLine  ; [section code]
277A    0C 00 00 04              5233          CMPI.B #ENTRY_ORD_PARSE_LINE_RESERVED, D0  ; [section code]
277E    67 0C                    5234          BEQ.S tkpkgServiceDeferredRuntime  ; [section code]
2780    0C 00 00 05              5235          CMPI.B #ENTRY_ORD_ENCODE_INSTRUCTION_RESERVED, D0  ; [section code]
2784    67 06                    5236          BEQ.S tkpkgServiceDeferredRuntime  ; [section code]
2786    61 00 01 D8              5237          BSR.W tkpkg_service_set_bad_request_v1  ; [section code]
278A    4E 75                    5238          RTS  ; [section code]
----                             5239    ; [section code]
----                             5240  tkpkgServiceDeferredRuntime  ; [section code]
278C    61 00 02 46              5241          BSR.W tkpkg_service_set_runtime_error_v1  ; [section code]
2790    4E 75                    5242          RTS  ; [section code]
----                             5243    ; [section code]
----                             5244  tkpkgServiceHandleInitEntry  ; [section code]
2792    61 00 01 06              5245          BSR.W tkpkg_service_prepare_request_v1  ; [section code]
2796    61 00 01 56              5246          BSR.W tkpkg_service_write_header_v1  ; [section code]
279A    61 00 02 CC              5247          BSR.W tkpkg_service_write_clear_input_fields_v1  ; [section code]
279E    60 02                    5248          BRA.S tkpkgServiceHandleInit  ; [section code]
----                             5249    ; [section code]
----                             5250  tkpkgServiceDispatchDone  ; [section code]
27A0    4E 75                    5251          RTS  ; [section code]
----                             5252    ; [section code]
----                             5253  tkpkgServiceHandleInit  ; [section code]
27A2    61 00 02 8A              5254          BSR.W tkpkg_service_clear_stored_last_error_v1  ; [section code]
27A6    61 00 02 D2              5255          BSR.W tkpkg_service_write_clear_last_error_fields_v1  ; [section code]
27AA    61 00 03 0E              5256          BSR.W tkpkg_service_set_status_ok_v1  ; [section code]
27AE    61 00 02 94              5257          BSR.W tkpkg_service_write_clear_output_fields_v1  ; [section code]
27B2    4E 75                    5258          RTS  ; [section code]
----                             5259    ; [section code]
----                             5260  tkpkgServiceHandleLastError  ; [section code]
27B4    4A 28 00 12              5261          TST.B CB_INPUT_LEN(A0)  ; [section code]
27B8    66 38                    5262          BNE.S tkpkgServiceLastErrorBadRequest  ; [section code]
27BA    4A 28 00 13              5263          TST.B 19(A0)  ; [section code]
27BE    66 32                    5264          BNE.S tkpkgServiceLastErrorBadRequest  ; [section code]
27C0    61 00 02 A6              5265          BSR.W tkpkg_service_write_clear_input_fields_v1  ; [section code]
27C4    61 00 02 F4              5266          BSR.W tkpkg_service_set_status_ok_v1  ; [section code]
27C8    61 00 02 7A              5267          BSR.W tkpkg_service_write_clear_output_fields_v1  ; [section code]
27CC    11 79 00 00 28 0E 00 16  5268          MOVE.B storedLastErrorLen, CB_OUTPUT_LEN(A0)  ; [section code]
27D4    11 79 00 00 28 0F 00 17  5269          MOVE.B storedLastErrorLenHi, 23(A0)  ; [section code]
27DC    4A 39 00 00 28 0E        5270          TST.B storedLastErrorLen  ; [section code]
27E2    67 04                    5271          BEQ.S tkpkgServiceLastErrorDone  ; [section code]
27E4    61 00 02 B2              5272          BSR.W tkpkg_service_write_output_buffer_offset_v1  ; [section code]
----                             5273    ; [section code]
----                             5274  tkpkgServiceLastErrorDone  ; [section code]
27E8    61 00 02 44              5275          BSR.W tkpkg_service_clear_stored_last_error_v1  ; [section code]
27EC    61 00 02 8C              5276          BSR.W tkpkg_service_write_clear_last_error_fields_v1  ; [section code]
27F0    4E 75                    5277          RTS  ; [section code]
----                             5278    ; [section code]
----                             5279  tkpkgServiceLastErrorBadRequest  ; [section code]
27F2    61 00 01 6C              5280          BSR.W tkpkg_service_set_bad_request_v1  ; [section code]
27F6    4E 75                    5281          RTS  ; [section code]
----                             5282    ; [section code]
----                             5283  tkpkgServiceHandleLoadPackage  ; [section code]
27F8    2F 08                    5284          MOVE.L A0, -(SP)  ; [section code]
27FA    61 00 D8 04              5285          BSR.W tkpkg_package_loader_load_v1  ; [section code]
27FE    20 5F                    5286          MOVEA.L (SP)+, A0  ; [section code]
2800    4A 00                    5287          TST.B D0  ; [section code]
2802    66 16                    5288          BNE.S tkpkgServiceLoadPackageError  ; [section code]
2804    61 00 02 62              5289          BSR.W tkpkg_service_write_clear_input_fields_v1  ; [section code]
2808    61 00 02 24              5290          BSR.W tkpkg_service_clear_stored_last_error_v1  ; [section code]
280C    61 00 02 6C              5291          BSR.W tkpkg_service_write_clear_last_error_fields_v1  ; [section code]
2810    61 00 02 A8              5292          BSR.W tkpkg_service_set_status_ok_v1  ; [section code]
2814    61 00 02 2E              5293          BSR.W tkpkg_service_write_clear_output_fields_v1  ; [section code]
2818    4E 75                    5294          RTS  ; [section code]
----                             5295    ; [section code]
----                             5296  tkpkgServiceLoadPackageError  ; [section code]
281A    61 00 01 E4              5297          BSR.W tkpkg_service_set_runtime_error_message_v1  ; [section code]
281E    4E 75                    5298          RTS  ; [section code]
----                             5299    ; [section code]
----                             5300  tkpkgServiceHandleSetPipeline  ; [section code]
2820    2F 08                    5301          MOVE.L A0, -(SP)  ; [section code]
2822    61 00 DD 14              5302          BSR.W tkpkg_pipeline_set_active_v1  ; [section code]
2826    20 5F                    5303          MOVEA.L (SP)+, A0  ; [section code]
2828    4A 00                    5304          TST.B D0  ; [section code]
282A    67 12                    5305          BEQ.S tkpkgServiceSetPipelineOk  ; [section code]
282C    0C 00 00 02              5306          CMPI.B #STATUS_BAD_REQUEST_V1, D0  ; [section code]
2830    67 06                    5307          BEQ.S tkpkgServiceSetPipelineBadRequest  ; [section code]
2832    61 00 01 CC              5308          BSR.W tkpkg_service_set_runtime_error_message_v1  ; [section code]
2836    4E 75                    5309          RTS  ; [section code]
----                             5310    ; [section code]
----                             5311  tkpkgServiceSetPipelineBadRequest  ; [section code]
2838    61 00 01 26              5312          BSR.W tkpkg_service_set_bad_request_v1  ; [section code]
283C    4E 75                    5313          RTS  ; [section code]
----                             5314    ; [section code]
----                             5315  tkpkgServiceSetPipelineOk  ; [section code]
283E    61 00 02 28              5316          BSR.W tkpkg_service_write_clear_input_fields_v1  ; [section code]
2842    61 00 01 EA              5317          BSR.W tkpkg_service_clear_stored_last_error_v1  ; [section code]
2846    61 00 02 32              5318          BSR.W tkpkg_service_write_clear_last_error_fields_v1  ; [section code]
284A    61 00 02 6E              5319          BSR.W tkpkg_service_set_status_ok_v1  ; [section code]
284E    61 00 01 F4              5320          BSR.W tkpkg_service_write_clear_output_fields_v1  ; [section code]
2852    4E 75                    5321          RTS  ; [section code]
----                             5322    ; [section code]
----                             5323  tkpkgServiceHandleTokenizeLine  ; [section code]
2854    2F 08                    5324          MOVE.L A0, -(SP)  ; [section code]
2856    61 00 F2 80              5325          BSR.W tkpkg_tokenizer_vm_tokenize_line_v1  ; [section code]
285A    20 5F                    5326          MOVEA.L (SP)+, A0  ; [section code]
285C    4A 00                    5327          TST.B D0  ; [section code]
285E    67 12                    5328          BEQ.S tkpkgServiceTokenizeLineOk  ; [section code]
2860    0C 00 00 02              5329          CMPI.B #STATUS_BAD_REQUEST_V1, D0  ; [section code]
2864    67 06                    5330          BEQ.S tkpkgServiceTokenizeLineBadRequest  ; [section code]
2866    61 00 01 98              5331          BSR.W tkpkg_service_set_runtime_error_message_v1  ; [section code]
286A    4E 75                    5332          RTS  ; [section code]
----                             5333    ; [section code]
----                             5334  tkpkgServiceTokenizeLineBadRequest  ; [section code]
286C    61 00 00 F2              5335          BSR.W tkpkg_service_set_bad_request_v1  ; [section code]
2870    4E 75                    5336          RTS  ; [section code]
----                             5337    ; [section code]
----                             5338  tkpkgServiceTokenizeLineOk  ; [section code]
2872    61 00 01 F4              5339          BSR.W tkpkg_service_write_clear_input_fields_v1  ; [section code]
2876    61 00 01 B6              5340          BSR.W tkpkg_service_clear_stored_last_error_v1  ; [section code]
287A    61 00 01 FE              5341          BSR.W tkpkg_service_write_clear_last_error_fields_v1  ; [section code]
287E    61 00 02 3A              5342          BSR.W tkpkg_service_set_status_ok_v1  ; [section code]
2882    61 00 01 C0              5343          BSR.W tkpkg_service_write_clear_output_fields_v1  ; [section code]
2886    4A 41                    5344          TST.W D1  ; [section code]
2888    67 0E                    5345          BEQ.S tkpkgServiceTokenizeLineDone  ; [section code]
288A    61 00 02 0C              5346          BSR.W tkpkg_service_write_output_buffer_offset_v1  ; [section code]
288E    11 41 00 16              5347          MOVE.B D1, CB_OUTPUT_LEN(A0)  ; [section code]
2892    E0 49                    5348          LSR.W #8, D1  ; [section code]
2894    11 41 00 17              5349          MOVE.B D1, 23(A0)  ; [section code]
----                             5350    ; [section code]
----                             5351  tkpkgServiceTokenizeLineDone  ; [section code]
2898    4E 75                    5352          RTS  ; [section code]
----                             5353    ; [section code]
----                             5354  tkpkg_service_prepare_request_v1  ; [section code]
289A    61 00 00 94              5355          BSR.W tkpkg_service_increment_request_id_v1  ; [section code]
289E    61 00 01 A4              5356          BSR.W tkpkg_service_write_clear_output_fields_v1  ; [section code]
28A2    61 00 01 B2              5357          BSR.W tkpkg_service_write_clear_extension_fields_v1  ; [section code]
28A6    4E 75                    5358          RTS  ; [section code]
----                             5359    ; [section code]
----                             5360  tkpkg_service_validate_header_v1  ; [section code]
28A8    72 00                    5361          MOVEQ #0, D1  ; [section code]
28AA    0C 10 00 4F              5362          CMPI.B #$4f, (A0)  ; [section code]
28AE    66 36                    5363          BNE.S tkpkgServiceBadControlBlock  ; [section code]
28B0    0C 28 00 54 00 01        5364          CMPI.B #$54, 1(A0)  ; [section code]
28B6    66 2E                    5365          BNE.S tkpkgServiceBadControlBlock  ; [section code]
28B8    0C 28 00 36 00 02        5366          CMPI.B #$36, 2(A0)  ; [section code]
28BE    66 26                    5367          BNE.S tkpkgServiceBadControlBlock  ; [section code]
28C0    0C 28 00 35 00 03        5368          CMPI.B #$35, 3(A0)  ; [section code]
28C6    66 1E                    5369          BNE.S tkpkgServiceBadControlBlock  ; [section code]
28C8    0C 28 00 01 00 04        5370          CMPI.B #$01, CB_ABI_VERSION(A0)  ; [section code]
28CE    66 16                    5371          BNE.S tkpkgServiceBadControlBlock  ; [section code]
28D0    4A 28 00 05              5372          TST.B 5(A0)  ; [section code]
28D4    66 10                    5373          BNE.S tkpkgServiceBadControlBlock  ; [section code]
28D6    0C 28 00 20 00 06        5374          CMPI.B #NATIVE_CONTROL_BLOCK_SIZE_V1, CB_STRUCT_SIZE(A0)  ; [section code]
28DC    66 08                    5375          BNE.S tkpkgServiceBadControlBlock  ; [section code]
28DE    4A 28 00 07              5376          TST.B 7(A0)  ; [section code]
28E2    66 02                    5377          BNE.S tkpkgServiceBadControlBlock  ; [section code]
28E4    4E 75                    5378          RTS  ; [section code]
----                             5379    ; [section code]
----                             5380  tkpkgServiceBadControlBlock  ; [section code]
28E6    61 00 00 B2              5381          BSR.W tkpkg_service_set_bad_control_block_v1  ; [section code]
28EA    72 01                    5382          MOVEQ #1, D1  ; [section code]
28EC    4E 75                    5383          RTS  ; [section code]
----                             5384    ; [section code]
----                             5385  tkpkg_service_write_header_v1  ; [section code]
28EE    10 BC 00 4F              5386          MOVE.B #$4f, (A0)  ; [section code]
28F2    11 7C 00 54 00 01        5387          MOVE.B #$54, 1(A0)  ; [section code]
28F8    11 7C 00 36 00 02        5388          MOVE.B #$36, 2(A0)  ; [section code]
28FE    11 7C 00 35 00 03        5389          MOVE.B #$35, 3(A0)  ; [section code]
2904    11 7C 00 01 00 04        5390          MOVE.B #$01, CB_ABI_VERSION(A0)  ; [section code]
290A    42 28 00 05              5391          CLR.B 5(A0)  ; [section code]
290E    11 7C 00 20 00 06        5392          MOVE.B #NATIVE_CONTROL_BLOCK_SIZE_V1, CB_STRUCT_SIZE(A0)  ; [section code]
2914    42 28 00 07              5393          CLR.B 7(A0)  ; [section code]
2918    11 7C 00 07 00 08        5394          MOVE.B #CAPABILITY_FLAGS_V1, CB_CAPABILITY_FLAGS(A0)  ; [section code]
291E    42 28 00 09              5395          CLR.B 9(A0)  ; [section code]
2922    42 28 00 0E              5396          CLR.B CB_RESERVED0(A0)  ; [section code]
2926    42 28 00 0F              5397          CLR.B 15(A0)  ; [section code]
292A    61 00 01 8E              5398          BSR.W tkpkg_service_set_status_ok_v1  ; [section code]
292E    4E 75                    5399          RTS  ; [section code]
----                             5400    ; [section code]
----                             5401  tkpkg_service_increment_request_id_v1  ; [section code]
2930    12 39 00 00 28 11        5402          MOVE.B nextRequestIdLo, D1  ; [section code]
2936    52 01                    5403          ADDQ.B #1, D1  ; [section code]
2938    13 C1 00 00 28 11        5404          MOVE.B D1, nextRequestIdLo  ; [section code]
293E    66 0E                    5405          BNE.S tkpkgServiceRequestIdDone  ; [section code]
2940    14 39 00 00 28 12        5406          MOVE.B nextRequestIdHi, D2  ; [section code]
2946    52 02                    5407          ADDQ.B #1, D2  ; [section code]
2948    13 C2 00 00 28 12        5408          MOVE.B D2, nextRequestIdHi  ; [section code]
----                             5409    ; [section code]
----                             5410  tkpkgServiceRequestIdDone  ; [section code]
294E    11 79 00 00 28 11 00 0C  5411          MOVE.B nextRequestIdLo, CB_REQUEST_ID(A0)  ; [section code]
2956    11 79 00 00 28 12 00 0D  5412          MOVE.B nextRequestIdHi, 13(A0)  ; [section code]
295E    4E 75                    5413          RTS  ; [section code]
----                             5414    ; [section code]
----                             5415  tkpkg_service_set_bad_request_v1  ; [section code]
2960    61 00 01 6E              5416          BSR.W tkpkg_service_set_status_bad_request_v1  ; [section code]
2964    61 00 00 DE              5417          BSR.W tkpkg_service_write_clear_output_fields_v1  ; [section code]
2968    43 F9 00 00 00 57        5418          LEA badRequestText, A1  ; [section code]
296E    72 13                    5419          MOVEQ #BAD_REQUEST_TEXT_LEN, D1  ; [section code]
2970    61 00 01 32              5420          BSR.W tkpkg_service_copy_last_error_message_v1  ; [section code]
2974    61 00 01 16              5421          BSR.W tkpkg_service_write_last_error_buffer_offset_v1  ; [section code]
2978    11 7C 00 13 00 1E        5422          MOVE.B #BAD_REQUEST_TEXT_LEN, CB_LAST_ERROR_LEN(A0)  ; [section code]
297E    42 28 00 1F              5423          CLR.B 31(A0)  ; [section code]
2982    13 FC 00 13 00 00 28 0E  5424          MOVE.B #BAD_REQUEST_TEXT_LEN, storedLastErrorLen  ; [section code]
298A    42 39 00 00 28 0F        5425          CLR.B storedLastErrorLenHi  ; [section code]
2990    13 FC 00 01 00 00 28 10  5426          MOVE.B #LAST_ERROR_KIND_BAD_REQUEST, storedLastErrorKind  ; [section code]
2998    4E 75                    5427          RTS  ; [section code]
----                             5428    ; [section code]
----                             5429  tkpkg_service_set_bad_control_block_v1  ; [section code]
299A    61 00 01 28              5430          BSR.W tkpkg_service_set_status_bad_control_block_v1  ; [section code]
299E    61 00 00 A4              5431          BSR.W tkpkg_service_write_clear_output_fields_v1  ; [section code]
29A2    43 F9 00 00 00 6B        5432          LEA controlBlockErrorText, A1  ; [section code]
29A8    72 14                    5433          MOVEQ #CONTROL_BLOCK_ERROR_TEXT_LEN, D1  ; [section code]
29AA    61 00 00 F8              5434          BSR.W tkpkg_service_copy_last_error_message_v1  ; [section code]
29AE    61 00 00 DC              5435          BSR.W tkpkg_service_write_last_error_buffer_offset_v1  ; [section code]
29B2    11 7C 00 14 00 1E        5436          MOVE.B #CONTROL_BLOCK_ERROR_TEXT_LEN, CB_LAST_ERROR_LEN(A0)  ; [section code]
29B8    42 28 00 1F              5437          CLR.B 31(A0)  ; [section code]
29BC    13 FC 00 14 00 00 28 0E  5438          MOVE.B #CONTROL_BLOCK_ERROR_TEXT_LEN, storedLastErrorLen  ; [section code]
29C4    42 39 00 00 28 0F        5439          CLR.B storedLastErrorLenHi  ; [section code]
29CA    13 FC 00 02 00 00 28 10  5440          MOVE.B #LAST_ERROR_KIND_BAD_CONTROL, storedLastErrorKind  ; [section code]
29D2    4E 75                    5441          RTS  ; [section code]
----                             5442    ; [section code]
----                             5443  tkpkg_service_set_runtime_error_v1  ; [section code]
29D4    61 00 01 06              5444          BSR.W tkpkg_service_set_status_runtime_error_v1  ; [section code]
29D8    61 00 00 6A              5445          BSR.W tkpkg_service_write_clear_output_fields_v1  ; [section code]
29DC    43 F9 00 00 00 7F        5446          LEA runtimeErrorText, A1  ; [section code]
29E2    72 14                    5447          MOVEQ #RUNTIME_ERROR_TEXT_LEN, D1  ; [section code]
29E4    61 00 00 1A              5448          BSR.W tkpkg_service_set_runtime_error_message_v1  ; [section code]
29E8    13 FC 00 03 00 00 28 10  5449          MOVE.B #LAST_ERROR_KIND_RUNTIME, storedLastErrorKind  ; [section code]
29F0    13 FC 00 14 00 00 28 0E  5450          MOVE.B #RUNTIME_ERROR_TEXT_LEN, storedLastErrorLen  ; [section code]
29F8    42 39 00 00 28 0F        5451          CLR.B storedLastErrorLenHi  ; [section code]
29FE    4E 75                    5452          RTS  ; [section code]
----                             5453    ; [section code]
----                             5454  tkpkg_service_set_runtime_error_message_v1  ; [section code]
2A00    61 00 00 DA              5455          BSR.W tkpkg_service_set_status_runtime_error_v1  ; [section code]
2A04    61 00 00 3E              5456          BSR.W tkpkg_service_write_clear_output_fields_v1  ; [section code]
2A08    61 00 00 9A              5457          BSR.W tkpkg_service_copy_last_error_message_v1  ; [section code]
2A0C    61 00 00 7E              5458          BSR.W tkpkg_service_write_last_error_buffer_offset_v1  ; [section code]
2A10    11 41 00 1E              5459          MOVE.B D1, CB_LAST_ERROR_LEN(A0)  ; [section code]
2A14    42 28 00 1F              5460          CLR.B 31(A0)  ; [section code]
2A18    13 C1 00 00 28 0E        5461          MOVE.B D1, storedLastErrorLen  ; [section code]
2A1E    42 39 00 00 28 0F        5462          CLR.B storedLastErrorLenHi  ; [section code]
2A24    13 FC 00 03 00 00 28 10  5463          MOVE.B #LAST_ERROR_KIND_RUNTIME, storedLastErrorKind  ; [section code]
2A2C    4E 75                    5464          RTS  ; [section code]
----                             5465    ; [section code]
----                             5466  tkpkg_service_clear_stored_last_error_v1  ; [section code]
2A2E    42 39 00 00 28 0E        5467          CLR.B storedLastErrorLen  ; [section code]
2A34    42 39 00 00 28 0F        5468          CLR.B storedLastErrorLenHi  ; [section code]
2A3A    13 FC 00 00 00 00 28 10  5469          MOVE.B #LAST_ERROR_KIND_NONE, storedLastErrorKind  ; [section code]
2A42    4E 75                    5470          RTS  ; [section code]
----                             5471    ; [section code]
----                             5472  tkpkg_service_write_clear_output_fields_v1  ; [section code]
2A44    42 28 00 14              5473          CLR.B CB_OUTPUT_PTR(A0)  ; [section code]
2A48    42 28 00 15              5474          CLR.B 21(A0)  ; [section code]
2A4C    42 28 00 16              5475          CLR.B CB_OUTPUT_LEN(A0)  ; [section code]
2A50    42 28 00 17              5476          CLR.B 23(A0)  ; [section code]
2A54    4E 75                    5477          RTS  ; [section code]
----                             5478    ; [section code]
----                             5479  tkpkg_service_write_clear_extension_fields_v1  ; [section code]
2A56    42 28 00 18              5480          CLR.B CB_EXTENSION_PTR(A0)  ; [section code]
2A5A    42 28 00 19              5481          CLR.B 25(A0)  ; [section code]
2A5E    42 28 00 1A              5482          CLR.B CB_EXTENSION_LEN(A0)  ; [section code]
2A62    42 28 00 1B              5483          CLR.B 27(A0)  ; [section code]
2A66    4E 75                    5484          RTS  ; [section code]
----                             5485    ; [section code]
----                             5486  tkpkg_service_write_clear_input_fields_v1  ; [section code]
2A68    42 28 00 10              5487          CLR.B CB_INPUT_PTR(A0)  ; [section code]
2A6C    42 28 00 11              5488          CLR.B 17(A0)  ; [section code]
2A70    42 28 00 12              5489          CLR.B CB_INPUT_LEN(A0)  ; [section code]
2A74    42 28 00 13              5490          CLR.B 19(A0)  ; [section code]
2A78    4E 75                    5491          RTS  ; [section code]
----                             5492    ; [section code]
----                             5493  tkpkg_service_write_clear_last_error_fields_v1  ; [section code]
2A7A    42 28 00 1C              5494          CLR.B CB_LAST_ERROR_PTR(A0)  ; [section code]
2A7E    42 28 00 1D              5495          CLR.B 29(A0)  ; [section code]
2A82    42 28 00 1E              5496          CLR.B CB_LAST_ERROR_LEN(A0)  ; [section code]
2A86    42 28 00 1F              5497          CLR.B 31(A0)  ; [section code]
2A8A    4E 75                    5498          RTS  ; [section code]
----                             5499    ; [section code]
----                             5500  tkpkg_service_write_last_error_buffer_offset_v1  ; [section code]
2A8C    11 7C 00 20 00 1C        5501          MOVE.B #LAST_ERROR_BUFFER_PTR_V1, CB_LAST_ERROR_PTR(A0)  ; [section code]
2A92    42 28 00 1D              5502          CLR.B 29(A0)  ; [section code]
2A96    4E 75                    5503          RTS  ; [section code]
----                             5504    ; [section code]
----                             5505  tkpkg_service_write_output_buffer_offset_v1  ; [section code]
2A98    11 7C 00 20 00 14        5506          MOVE.B #LAST_ERROR_BUFFER_PTR_V1, CB_OUTPUT_PTR(A0)  ; [section code]
2A9E    42 28 00 15              5507          CLR.B 21(A0)  ; [section code]
2AA2    4E 75                    5508          RTS  ; [section code]
----                             5509    ; [section code]
----                             5510  tkpkg_service_copy_last_error_message_v1  ; [section code]
2AA4    45 F9 00 00 00 20        5511          LEA lastErrorBuffer, A2  ; [section code]
2AAA    34 01                    5512          MOVE.W D1, D2  ; [section code]
2AAC    4A 42                    5513          TST.W D2  ; [section code]
2AAE    67 06                    5514          BEQ.S tkpkgServiceCopyLastErrorDone  ; [section code]
----                             5515    ; [section code]
----                             5516  tkpkgServiceCopyLastErrorLoop  ; [section code]
2AB0    14 D9                    5517          MOVE.B (A1)+, (A2)+  ; [section code]
2AB2    53 42                    5518          SUBQ.W #1, D2  ; [section code]
2AB4    66 FA                    5519          BNE.S tkpkgServiceCopyLastErrorLoop  ; [section code]
----                             5520    ; [section code]
----                             5521  tkpkgServiceCopyLastErrorDone  ; [section code]
2AB6    42 12                    5522          CLR.B (A2)  ; [section code]
2AB8    4E 75                    5523          RTS  ; [section code]
----                             5524    ; [section code]
----                             5525  tkpkg_service_set_status_ok_v1  ; [section code]
2ABA    42 28 00 0A              5526          CLR.B CB_STATUS_CODE(A0)  ; [section code]
2ABE    42 28 00 0B              5527          CLR.B 11(A0)  ; [section code]
2AC2    4E 75                    5528          RTS  ; [section code]
----                             5529    ; [section code]
----                             5530  tkpkg_service_set_status_bad_control_block_v1  ; [section code]
2AC4    11 7C 00 01 00 0A        5531          MOVE.B #STATUS_BAD_CONTROL_BLOCK_V1, CB_STATUS_CODE(A0)  ; [section code]
2ACA    42 28 00 0B              5532          CLR.B 11(A0)  ; [section code]
2ACE    4E 75                    5533          RTS  ; [section code]
----                             5534    ; [section code]
----                             5535  tkpkg_service_set_status_bad_request_v1  ; [section code]
2AD0    11 7C 00 02 00 0A        5536          MOVE.B #STATUS_BAD_REQUEST_V1, CB_STATUS_CODE(A0)  ; [section code]
2AD6    42 28 00 0B              5537          CLR.B 11(A0)  ; [section code]
2ADA    4E 75                    5538          RTS  ; [section code]
----                             5539    ; [section code]
----                             5540  tkpkg_service_set_status_runtime_error_v1  ; [section code]
2ADC    11 7C 00 03 00 0A        5541          MOVE.B #STATUS_RUNTIME_ERROR_V1, CB_STATUS_CODE(A0)  ; [section code]
2AE2    42 28 00 0B              5542          CLR.B 11(A0)  ; [section code]
2AE6    4E 75                    5543          RTS  ; [section code]
----                             5544    ; [section code]
----                             5545          .endsection
----                             5546          .endmodule
----                             5547  ; Thin AmigaOS CLI smoke wrapper for the package-backed tkpkg runtime.
----                             5548  ;
----                             5549  ; This slice exercises init, load_package, set_pipeline, tokenize_line, and
----                             5550  ; last_error without folding CLI/report concerns into the core runtime modules.
----                             5551  
----                             5552          .module main
----                             5553          .cpu 68020
----                             5554          .use tkpkg.amigaos.abi (ENTRY_ORD_INIT, ENTRY_ORD_LOAD_PACKAGE)
----                             5555          .use tkpkg.amigaos.abi (ENTRY_ORD_SET_PIPELINE, ENTRY_ORD_TOKENIZE_LINE)
----                             5556          .use tkpkg.amigaos.abi (ENTRY_ORD_LAST_ERROR, TOKENIZE_LINE_SAMPLE_LINE_NUM)
----                             5557          .use tkpkg.amigaos.abi (CB_INPUT_PTR, CB_INPUT_LEN, CB_OUTPUT_LEN, CB_STATUS_CODE)
----                             5558          .use tkpkg.amigaos.buffers (controlBlockV1, lastErrorBuffer, packageStorage)
----                             5559          .use tkpkg.amigaos.buffers (LAST_ERROR_BUFFER_PTR_V1, LAST_ERROR_BUFFER_CAPACITY)
----                             5560          .use tkpkg.amigaos.service (tkpkg_service_dispatch_v1)
----                             5561  
----    EQU 0004                 5562  SysBase                         = 4
----    EQU 0000                 5563  RETURN_OK                       = 0
----    EQU 0014                 5564  RETURN_FAIL                     = 20
----                             5565  
----    EQU FFFFFDD8             5566  OpenLibrary                     = -552
----    EQU FFFFFE62             5567  CloseLibrary                    = -414
----    EQU FFFFFC4C             5568  PutStr                          = -948
----    EQU FFFFFDEA             5569  GetArgStr                       = -534
----    EQU FFFFFFE2             5570  Open                            = -30
----    EQU FFFFFFDC             5571  Close                           = -36
----    EQU FFFFFFD6             5572  Read                            = -42
----                             5573  
----    EQU 03ED                 5574  MODE_OLDFILE                    = 1005
----    EQU 0100                 5575  PATH_BUFFER_CAPACITY            = 256
----    EQU 4000                 5576  DEBUG_CLI_SOURCE_BUFFER_CAPACITY = 16384
----    EQU 2000                 5577  DEBUG_CLI_MANIFEST_BUFFER_CAPACITY = 8192
----    EQU 0FFC                 5578  DEBUG_CLI_MAX_LINE_BYTES        = LAST_ERROR_BUFFER_CAPACITY - 4
----    EQU 0001                 5579  DEBUG_CLI_FILE_MODE_SINGLE      = 1
----    EQU 0002                 5580  DEBUG_CLI_FILE_MODE_MANIFEST    = 2
----                             5581  
----    EQU 1020                 5582  PACKAGE_INPUT_PTR_V1           = LAST_ERROR_BUFFER_PTR_V1 + LAST_ERROR_BUFFER_CAPACITY
----                             5583  
----                             5584          .section entry, kind=code  ; [section entry]
----                             5585    ; [section entry]
----                             5586  start  ; [section entry]
0000    23 FC 00 00 00 14 00 00 0A D8  5587          MOVE.L #RETURN_FAIL, debugCliReturnCode  ; [section entry]
----                             5588    ; [section entry]
000A    43 F9 00 00 06 BD        5589          LEA dosName, A1  ; [section entry]
0010    70 24                    5590          MOVEQ #36, D0  ; [section entry]
0012    2C 78 00 04              5591          MOVEA.L SysBase.W, A6  ; [section entry]
0016    4E AE FD D8              5592          JSR OpenLibrary(A6)  ; [section entry]
----                             5593    ; [section entry]
001A    4A 80                    5594          TST.L D0  ; [section entry]
001C    66 00 00 2C              5595          BNE.W tkpkgDebugCliHaveDos  ; [section entry]
----                             5596    ; [section entry]
0020    43 F9 00 00 06 BD        5597          LEA dosName, A1  ; [section entry]
0026    70 00                    5598          MOVEQ #0, D0  ; [section entry]
0028    2C 78 00 04              5599          MOVEA.L SysBase.W, A6  ; [section entry]
002C    4E AE FD D8              5600          JSR OpenLibrary(A6)  ; [section entry]
----                             5601    ; [section entry]
0030    4A 80                    5602          TST.L D0  ; [section entry]
0032    67 00 01 E6              5603          BEQ.W tkpkgDebugCliDone  ; [section entry]
----                             5604    ; [section entry]
0036    23 C0 00 00 0A D4        5605          MOVE.L D0, debugCliDosBase  ; [section entry]
003C    22 3C 00 00 06 EC        5606          MOVE.L #dosVersionFailureText, D1  ; [section entry]
0042    61 00 01 F2              5607          BSR.W tkpkg_debug_cli_put_str_v1  ; [section entry]
0046    60 00 01 CE              5608          BRA.W tkpkgDebugCliCloseDos  ; [section entry]
----                             5609    ; [section entry]
----                             5610  tkpkgDebugCliHaveDos  ; [section entry]
004A    23 C0 00 00 0A D4        5611          MOVE.L D0, debugCliDosBase  ; [section entry]
0050    22 3C 00 00 07 17        5612          MOVE.L #startedText, D1  ; [section entry]
0056    61 00 01 DE              5613          BSR.W tkpkg_debug_cli_put_str_v1  ; [section entry]
----                             5614    ; [section entry]
005A    41 F9 00 00 00 00        5615          LEA controlBlockV1, A0  ; [section entry]
0060    70 00                    5616          MOVEQ #ENTRY_ORD_INIT, D0  ; [section entry]
0062    61 00 01 BE              5617          BSR.W tkpkg_debug_cli_dispatch_service_v1  ; [section entry]
0066    61 00 07 60              5618          BSR.W tkpkg_debug_cli_read_status_v1  ; [section entry]
006A    4A 00                    5619          TST.B D0  ; [section entry]
006C    66 00 01 6C              5620          BNE.W tkpkgDebugCliReportFailure  ; [section entry]
----                             5621    ; [section entry]
0070    43 F9 00 00 0B 04        5622          LEA tkpkgDebugCliPackageData, A1  ; [section entry]
0076    45 F9 00 00 10 20        5623          LEA packageStorage, A2  ; [section entry]
007C    30 39 00 00 0A E0        5624          MOVE.W tkpkgDebugCliPackageLen, D0  ; [section entry]
0082    61 00 07 0E              5625          BSR.W tkpkg_debug_cli_copy_bytes_v1  ; [section entry]
----                             5626    ; [section entry]
0086    41 F9 00 00 00 00        5627          LEA controlBlockV1, A0  ; [section entry]
008C    30 3C 10 20              5628          MOVE.W #PACKAGE_INPUT_PTR_V1, D0  ; [section entry]
0090    32 39 00 00 0A E0        5629          MOVE.W tkpkgDebugCliPackageLen, D1  ; [section entry]
0096    61 00 07 08              5630          BSR.W tkpkg_debug_cli_write_input_window_v1  ; [section entry]
009A    70 01                    5631          MOVEQ #ENTRY_ORD_LOAD_PACKAGE, D0  ; [section entry]
009C    61 00 01 84              5632          BSR.W tkpkg_debug_cli_dispatch_service_v1  ; [section entry]
00A0    61 00 07 26              5633          BSR.W tkpkg_debug_cli_read_status_v1  ; [section entry]
00A4    4A 00                    5634          TST.B D0  ; [section entry]
00A6    66 00 01 32              5635          BNE.W tkpkgDebugCliReportFailure  ; [section entry]
00AA    22 3C 00 00 07 86        5636          MOVE.L #packageLoadedText, D1  ; [section entry]
00B0    61 00 01 84              5637          BSR.W tkpkg_debug_cli_put_str_v1  ; [section entry]
----                             5638    ; [section entry]
00B4    61 00 01 8C              5639          BSR.W tkpkg_debug_cli_parse_optional_input_path_v1  ; [section entry]
00B8    4A 80                    5640          TST.L D0  ; [section entry]
00BA    6B 00 01 5A              5641          BMI.W tkpkgDebugCliCloseDos  ; [section entry]
00BE    23 C0 00 00 0A DC        5642          MOVE.L D0, debugCliFileModeEnabled  ; [section entry]
----                             5643    ; [section entry]
00C4    43 F9 00 00 0A E2        5644          LEA setPipelineRequest, A1  ; [section entry]
00CA    45 F9 00 00 00 20        5645          LEA lastErrorBuffer, A2  ; [section entry]
00D0    70 12                    5646          MOVEQ #SET_PIPELINE_REQUEST_LEN, D0  ; [section entry]
00D2    61 00 06 BE              5647          BSR.W tkpkg_debug_cli_copy_bytes_v1  ; [section entry]
----                             5648    ; [section entry]
00D6    41 F9 00 00 00 00        5649          LEA controlBlockV1, A0  ; [section entry]
00DC    30 3C 00 20              5650          MOVE.W #LAST_ERROR_BUFFER_PTR_V1, D0  ; [section entry]
00E0    72 12                    5651          MOVEQ #SET_PIPELINE_REQUEST_LEN, D1  ; [section entry]
00E2    61 00 06 BC              5652          BSR.W tkpkg_debug_cli_write_input_window_v1  ; [section entry]
00E6    70 02                    5653          MOVEQ #ENTRY_ORD_SET_PIPELINE, D0  ; [section entry]
00E8    61 00 01 38              5654          BSR.W tkpkg_debug_cli_dispatch_service_v1  ; [section entry]
00EC    61 00 06 DA              5655          BSR.W tkpkg_debug_cli_read_status_v1  ; [section entry]
00F0    4A 00                    5656          TST.B D0  ; [section entry]
00F2    66 00 00 E6              5657          BNE.W tkpkgDebugCliReportFailure  ; [section entry]
----                             5658    ; [section entry]
00F6    20 39 00 00 0A DC        5659          MOVE.L debugCliFileModeEnabled, D0  ; [section entry]
00FC    0C 80 00 00 00 02        5660          CMPI.L #DEBUG_CLI_FILE_MODE_MANIFEST, D0  ; [section entry]
0102    67 00 00 70              5661          BEQ.W tkpkgDebugCliPipelineManifestMode  ; [section entry]
0106    4A 80                    5662          TST.L D0  ; [section entry]
0108    66 00 00 86              5663          BNE.W tkpkgDebugCliPipelineFileMode  ; [section entry]
----                             5664    ; [section entry]
010C    22 3C 00 00 07 9C        5665          MOVE.L #pipelineSuccessText, D1  ; [section entry]
0112    61 00 01 22              5666          BSR.W tkpkg_debug_cli_put_str_v1  ; [section entry]
----                             5667    ; [section entry]
0116    43 F9 00 00 0A F4        5668          LEA tokenizeLineRequest, A1  ; [section entry]
011C    45 F9 00 00 00 20        5669          LEA lastErrorBuffer, A2  ; [section entry]
0122    70 10                    5670          MOVEQ #TOKENIZE_LINE_REQUEST_LEN, D0  ; [section entry]
0124    61 00 06 6C              5671          BSR.W tkpkg_debug_cli_copy_bytes_v1  ; [section entry]
----                             5672    ; [section entry]
0128    41 F9 00 00 00 00        5673          LEA controlBlockV1, A0  ; [section entry]
012E    30 3C 00 20              5674          MOVE.W #LAST_ERROR_BUFFER_PTR_V1, D0  ; [section entry]
0132    72 10                    5675          MOVEQ #TOKENIZE_LINE_REQUEST_LEN, D1  ; [section entry]
0134    61 00 06 6A              5676          BSR.W tkpkg_debug_cli_write_input_window_v1  ; [section entry]
0138    70 03                    5677          MOVEQ #ENTRY_ORD_TOKENIZE_LINE, D0  ; [section entry]
013A    61 00 00 E6              5678          BSR.W tkpkg_debug_cli_dispatch_service_v1  ; [section entry]
013E    61 00 06 88              5679          BSR.W tkpkg_debug_cli_read_status_v1  ; [section entry]
0142    4A 00                    5680          TST.B D0  ; [section entry]
0144    66 00 00 94              5681          BNE.W tkpkgDebugCliReportFailure  ; [section entry]
0148    61 00 06 86              5682          BSR.W tkpkg_debug_cli_read_output_len_v1  ; [section entry]
014C    4A 40                    5683          TST.W D0  ; [section entry]
014E    67 00 00 BC              5684          BEQ.W tkpkgDebugCliReportEmptyTokenizeOutput  ; [section entry]
0152    22 3C 00 00 07 C0        5685          MOVE.L #tokenizeSuccessText, D1  ; [section entry]
0158    61 00 00 DC              5686          BSR.W tkpkg_debug_cli_put_str_v1  ; [section entry]
015C    22 3C 00 00 00 20        5687          MOVE.L #lastErrorBuffer, D1  ; [section entry]
0162    61 00 00 D2              5688          BSR.W tkpkg_debug_cli_put_str_v1  ; [section entry]
0166    22 3C 00 00 0A D2        5689          MOVE.L #newlineText, D1  ; [section entry]
016C    61 00 00 C8              5690          BSR.W tkpkg_debug_cli_put_str_v1  ; [section entry]
----                             5691    ; [section entry]
0170    60 00 00 36              5692          BRA.W tkpkgDebugCliCheckLastErrorClear  ; [section entry]
----                             5693    ; [section entry]
----                             5694  tkpkgDebugCliPipelineManifestMode  ; [section entry]
0174    22 3C 00 00 07 9C        5695          MOVE.L #pipelineSuccessText, D1  ; [section entry]
017A    61 00 00 BA              5696          BSR.W tkpkg_debug_cli_put_str_v1  ; [section entry]
017E    61 00 01 7C              5697          BSR.W tkpkg_debug_cli_tokenize_manifest_v1  ; [section entry]
0182    4A 80                    5698          TST.L D0  ; [section entry]
0184    6B 00 00 90              5699          BMI.W tkpkgDebugCliCloseDos  ; [section entry]
0188    66 00 00 50              5700          BNE.W tkpkgDebugCliReportFailure  ; [section entry]
018C    60 00 00 1A              5701          BRA.W tkpkgDebugCliCheckLastErrorClear  ; [section entry]
----                             5702    ; [section entry]
----                             5703  tkpkgDebugCliPipelineFileMode  ; [section entry]
0190    22 3C 00 00 07 9C        5704          MOVE.L #pipelineSuccessText, D1  ; [section entry]
0196    61 00 00 9E              5705          BSR.W tkpkg_debug_cli_put_str_v1  ; [section entry]
019A    61 00 04 1C              5706          BSR.W tkpkg_debug_cli_tokenize_file_v1  ; [section entry]
019E    4A 80                    5707          TST.L D0  ; [section entry]
01A0    6B 00 00 74              5708          BMI.W tkpkgDebugCliCloseDos  ; [section entry]
01A4    66 00 00 34              5709          BNE.W tkpkgDebugCliReportFailure  ; [section entry]
----                             5710    ; [section entry]
----                             5711  tkpkgDebugCliCheckLastErrorClear  ; [section entry]
----                             5712    ; [section entry]
01A8    41 F9 00 00 00 00        5713          LEA controlBlockV1, A0  ; [section entry]
01AE    61 00 06 32              5714          BSR.W tkpkg_debug_cli_run_last_error_v1  ; [section entry]
01B2    4A 00                    5715          TST.B D0  ; [section entry]
01B4    66 00 00 60              5716          BNE.W tkpkgDebugCliCloseDos  ; [section entry]
01B8    61 00 06 16              5717          BSR.W tkpkg_debug_cli_read_output_len_v1  ; [section entry]
01BC    4A 40                    5718          TST.W D0  ; [section entry]
01BE    66 00 00 2A              5719          BNE.W tkpkgDebugCliReportLastErrorBuffer  ; [section entry]
----                             5720    ; [section entry]
01C2    22 3C 00 00 07 D8        5721          MOVE.L #lastErrorClearText, D1  ; [section entry]
01C8    61 00 00 6C              5722          BSR.W tkpkg_debug_cli_put_str_v1  ; [section entry]
01CC    23 FC 00 00 00 00 00 00 0A D8  5723          MOVE.L #RETURN_OK, debugCliReturnCode  ; [section entry]
01D6    60 00 00 3E              5724          BRA.W tkpkgDebugCliCloseDos  ; [section entry]
----                             5725    ; [section entry]
----                             5726  tkpkgDebugCliReportFailure  ; [section entry]
01DA    41 F9 00 00 00 00        5727          LEA controlBlockV1, A0  ; [section entry]
01E0    61 00 06 00              5728          BSR.W tkpkg_debug_cli_run_last_error_v1  ; [section entry]
01E4    4A 00                    5729          TST.B D0  ; [section entry]
01E6    66 00 00 2E              5730          BNE.W tkpkgDebugCliCloseDos  ; [section entry]
----                             5731    ; [section entry]
----                             5732  tkpkgDebugCliReportLastErrorBuffer  ; [section entry]
01EA    22 3C 00 00 06 DC        5733          MOVE.L #failurePrefixText, D1  ; [section entry]
01F0    61 00 00 44              5734          BSR.W tkpkg_debug_cli_put_str_v1  ; [section entry]
01F4    22 3C 00 00 00 20        5735          MOVE.L #lastErrorBuffer, D1  ; [section entry]
01FA    61 00 00 3A              5736          BSR.W tkpkg_debug_cli_put_str_v1  ; [section entry]
01FE    22 3C 00 00 0A D2        5737          MOVE.L #newlineText, D1  ; [section entry]
0204    61 00 00 30              5738          BSR.W tkpkg_debug_cli_put_str_v1  ; [section entry]
0208    60 00 00 0C              5739          BRA.W tkpkgDebugCliCloseDos  ; [section entry]
----                             5740    ; [section entry]
----                             5741  tkpkgDebugCliReportEmptyTokenizeOutput  ; [section entry]
020C    22 3C 00 00 07 F3        5742          MOVE.L #emptyTokenizeOutputText, D1  ; [section entry]
0212    61 00 00 22              5743          BSR.W tkpkg_debug_cli_put_str_v1  ; [section entry]
----                             5744    ; [section entry]
----                             5745  tkpkgDebugCliCloseDos  ; [section entry]
0216    61 00 05 6A              5746          BSR.W tkpkg_debug_cli_close_dos_v1  ; [section entry]
----                             5747    ; [section entry]
----                             5748  tkpkgDebugCliDone  ; [section entry]
021A    20 39 00 00 0A D8        5749          MOVE.L debugCliReturnCode, D0  ; [section entry]
0220    4E 75                    5750          RTS  ; [section entry]
----                             5751    ; [section entry]
----                             5752  tkpkg_debug_cli_dispatch_service_v1  ; [section entry]
0222    2F 07                    5753          MOVE.L D7, -(SP)  ; [section entry]
0224    2F 0D                    5754          MOVE.L A5, -(SP)  ; [section entry]
0226    2F 0E                    5755          MOVE.L A6, -(SP)  ; [section entry]
0228    4E B9 00 00 27 4A        5756          JSR tkpkg_service_dispatch_v1  ; [section entry]
022E    2C 5F                    5757          MOVEA.L (SP)+, A6  ; [section entry]
0230    2A 5F                    5758          MOVEA.L (SP)+, A5  ; [section entry]
0232    2E 1F                    5759          MOVE.L (SP)+, D7  ; [section entry]
0234    4E 75                    5760          RTS  ; [section entry]
----                             5761    ; [section entry]
----                             5762  tkpkg_debug_cli_put_str_v1  ; [section entry]
0236    2C 79 00 00 0A D4        5763          MOVEA.L debugCliDosBase, A6  ; [section entry]
023C    4E AE FC 4C              5764          JSR PutStr(A6)  ; [section entry]
0240    4E 75                    5765          RTS  ; [section entry]
----                             5766    ; [section entry]
----                             5767  tkpkg_debug_cli_parse_optional_input_path_v1  ; [section entry]
0242    48 E7 3F 3E              5768          MOVEM.L D2-D7/A2-A6, -(SP)  ; [section entry]
0246    2C 79 00 00 0A D4        5769          MOVEA.L debugCliDosBase, A6  ; [section entry]
024C    4E AE FD EA              5770          JSR GetArgStr(A6)  ; [section entry]
0250    26 40                    5771          MOVEA.L D0, A3  ; [section entry]
0252    61 00 00 4A              5772          BSR.W tkpkgDebugCliSkipWhitespace  ; [section entry]
0256    4A 13                    5773          TST.B (A3)  ; [section entry]
0258    67 20                    5774          BEQ.S tkpkgDebugCliNoInputPath  ; [section entry]
025A    0C 13 00 22              5775          CMPI.B #'"', (A3)  ; [section entry]
025E    67 1E                    5776          BEQ.S tkpkgDebugCliQuotedPath  ; [section entry]
0260    43 F9 00 00 28 13        5777          LEA debugCliInputPathBuffer, A1  ; [section entry]
0266    61 00 00 54              5778          BSR.W tkpkgDebugCliCopyPathToken  ; [section entry]
026A    4A 80                    5779          TST.L D0  ; [section entry]
026C    66 1E                    5780          BNE.S tkpkgDebugCliUsagePath  ; [section entry]
026E    61 00 00 2E              5781          BSR.W tkpkgDebugCliSkipWhitespace  ; [section entry]
0272    4A 13                    5782          TST.B (A3)  ; [section entry]
0274    66 16                    5783          BNE.S tkpkgDebugCliUsagePath  ; [section entry]
0276    70 01                    5784          MOVEQ #1, D0  ; [section entry]
0278    60 1E                    5785          BRA.S tkpkgDebugCliParseArgsDone  ; [section entry]
----                             5786    ; [section entry]
----                             5787  tkpkgDebugCliNoInputPath  ; [section entry]
027A    70 00                    5788          MOVEQ #0, D0  ; [section entry]
027C    60 1A                    5789          BRA.S tkpkgDebugCliParseArgsDone  ; [section entry]
----                             5790    ; [section entry]
----                             5791  tkpkgDebugCliQuotedPath  ; [section entry]
027E    22 3C 00 00 07 55        5792          MOVE.L #quotedPathFailureText, D1  ; [section entry]
0284    61 00 FF B0              5793          BSR.W tkpkg_debug_cli_put_str_v1  ; [section entry]
0288    70 FF                    5794          MOVEQ #-1, D0  ; [section entry]
028A    60 0C                    5795          BRA.S tkpkgDebugCliParseArgsDone  ; [section entry]
----                             5796    ; [section entry]
----                             5797  tkpkgDebugCliUsagePath  ; [section entry]
028C    22 3C 00 00 07 30        5798          MOVE.L #usageText, D1  ; [section entry]
0292    61 00 FF A2              5799          BSR.W tkpkg_debug_cli_put_str_v1  ; [section entry]
0296    70 FF                    5800          MOVEQ #-1, D0  ; [section entry]
----                             5801    ; [section entry]
----                             5802  tkpkgDebugCliParseArgsDone  ; [section entry]
0298    4C DF 7C FC              5803          MOVEM.L (SP)+, D2-D7/A2-A6  ; [section entry]
029C    4E 75                    5804          RTS  ; [section entry]
----                             5805    ; [section entry]
----                             5806  tkpkgDebugCliSkipWhitespace  ; [section entry]
029E    0C 13 00 20              5807          CMPI.B #' ', (A3)  ; [section entry]
02A2    67 12                    5808          BEQ.S tkpkgDebugCliSkipOne  ; [section entry]
02A4    0C 13 00 09              5809          CMPI.B #9, (A3)  ; [section entry]
02A8    67 0C                    5810          BEQ.S tkpkgDebugCliSkipOne  ; [section entry]
02AA    0C 13 00 0A              5811          CMPI.B #10, (A3)  ; [section entry]
02AE    67 06                    5812          BEQ.S tkpkgDebugCliSkipOne  ; [section entry]
02B0    0C 13 00 0D              5813          CMPI.B #13, (A3)  ; [section entry]
02B4    66 04                    5814          BNE.S tkpkgDebugCliSkipDone  ; [section entry]
----                             5815    ; [section entry]
----                             5816  tkpkgDebugCliSkipOne  ; [section entry]
02B6    52 8B                    5817          ADDQ.L #1, A3  ; [section entry]
02B8    60 E4                    5818          BRA.S tkpkgDebugCliSkipWhitespace  ; [section entry]
----                             5819    ; [section entry]
----                             5820  tkpkgDebugCliSkipDone  ; [section entry]
02BA    4E 75                    5821          RTS  ; [section entry]
----                             5822    ; [section entry]
----                             5823  tkpkgDebugCliCopyPathToken  ; [section entry]
02BC    2C 3C 00 00 00 FF        5824          MOVE.L #PATH_BUFFER_CAPACITY - 1, D6  ; [section entry]
----                             5825    ; [section entry]
----                             5826  tkpkgDebugCliCopyPathLoop  ; [section entry]
02C2    70 00                    5827          MOVEQ #0, D0  ; [section entry]
02C4    10 13                    5828          MOVE.B (A3), D0  ; [section entry]
02C6    67 2A                    5829          BEQ.S tkpkgDebugCliCopyPathDone  ; [section entry]
02C8    0C 00 00 20              5830          CMPI.B #' ', D0  ; [section entry]
02CC    67 24                    5831          BEQ.S tkpkgDebugCliCopyPathDone  ; [section entry]
02CE    0C 00 00 09              5832          CMPI.B #9, D0  ; [section entry]
02D2    67 1E                    5833          BEQ.S tkpkgDebugCliCopyPathDone  ; [section entry]
02D4    0C 00 00 0A              5834          CMPI.B #10, D0  ; [section entry]
02D8    67 18                    5835          BEQ.S tkpkgDebugCliCopyPathDone  ; [section entry]
02DA    0C 00 00 0D              5836          CMPI.B #13, D0  ; [section entry]
02DE    67 12                    5837          BEQ.S tkpkgDebugCliCopyPathDone  ; [section entry]
02E0    0C 00 00 22              5838          CMPI.B #'"', D0  ; [section entry]
02E4    67 12                    5839          BEQ.S tkpkgDebugCliCopyPathFail  ; [section entry]
02E6    4A 86                    5840          TST.L D6  ; [section entry]
02E8    67 0E                    5841          BEQ.S tkpkgDebugCliCopyPathFail  ; [section entry]
02EA    12 C0                    5842          MOVE.B D0, (A1)+  ; [section entry]
02EC    52 8B                    5843          ADDQ.L #1, A3  ; [section entry]
02EE    53 86                    5844          SUBQ.L #1, D6  ; [section entry]
02F0    60 D0                    5845          BRA.S tkpkgDebugCliCopyPathLoop  ; [section entry]
----                             5846    ; [section entry]
----                             5847  tkpkgDebugCliCopyPathDone  ; [section entry]
02F2    42 11                    5848          CLR.B (A1)  ; [section entry]
02F4    70 00                    5849          MOVEQ #0, D0  ; [section entry]
02F6    4E 75                    5850          RTS  ; [section entry]
----                             5851    ; [section entry]
----                             5852  tkpkgDebugCliCopyPathFail  ; [section entry]
02F8    70 01                    5853          MOVEQ #1, D0  ; [section entry]
02FA    4E 75                    5854          RTS  ; [section entry]
----                             5855    ; [section entry]
----                             5856  tkpkg_debug_cli_tokenize_manifest_v1  ; [section entry]
02FC    48 E7 3F 3E              5857          MOVEM.L D2-D7/A2-A6, -(SP)  ; [section entry]
0300    41 F9 00 00 28 13        5858          LEA debugCliInputPathBuffer, A0  ; [section entry]
0306    61 00 04 4A              5859          BSR.W tkpkg_debug_cli_open_input_v1  ; [section entry]
030A    4A 80                    5860          TST.L D0  ; [section entry]
030C    66 10                    5861          BNE.S tkpkgDebugCliManifestOpenOk  ; [section entry]
030E    22 3C 00 00 08 51        5862          MOVE.L #manifestOpenFailureText, D1  ; [section entry]
0314    61 00 FF 20              5863          BSR.W tkpkg_debug_cli_put_str_v1  ; [section entry]
0318    70 FF                    5864          MOVEQ #-1, D0  ; [section entry]
031A    60 00 00 92              5865          BRA.W tkpkgDebugCliTokenizeManifestDone  ; [section entry]
----                             5866    ; [section entry]
----                             5867  tkpkgDebugCliManifestOpenOk  ; [section entry]
031E    2A 00                    5868          MOVE.L D0, D5  ; [section entry]
0320    22 3C 00 00 09 DA        5869          MOVE.L #manifestOpenOkText, D1  ; [section entry]
0326    61 00 FF 0E              5870          BSR.W tkpkg_debug_cli_put_str_v1  ; [section entry]
032A    41 F9 00 00 69 13        5871          LEA debugCliManifestBuffer, A0  ; [section entry]
0330    20 3C 00 00 20 00        5872          MOVE.L #DEBUG_CLI_MANIFEST_BUFFER_CAPACITY, D0  ; [section entry]
0336    22 05                    5873          MOVE.L D5, D1  ; [section entry]
0338    61 00 04 2C              5874          BSR.W tkpkg_debug_cli_read_input_v1  ; [section entry]
033C    B0 BC FF FF FF FF        5875          CMP.L #-1, D0  ; [section entry]
0342    66 16                    5876          BNE.S tkpkgDebugCliManifestReadOk  ; [section entry]
0344    22 05                    5877          MOVE.L D5, D1  ; [section entry]
0346    61 00 04 2E              5878          BSR.W tkpkg_debug_cli_close_input_v1  ; [section entry]
034A    22 3C 00 00 08 7E        5879          MOVE.L #inputReadFailureText, D1  ; [section entry]
0350    61 00 FE E4              5880          BSR.W tkpkg_debug_cli_put_str_v1  ; [section entry]
0354    70 FF                    5881          MOVEQ #-1, D0  ; [section entry]
0356    60 00 00 56              5882          BRA.W tkpkgDebugCliTokenizeManifestDone  ; [section entry]
----                             5883    ; [section entry]
----                             5884  tkpkgDebugCliManifestReadOk  ; [section entry]
035A    2C 00                    5885          MOVE.L D0, D6  ; [section entry]
035C    41 F9 00 00 89 13        5886          LEA debugCliSourceFileProbeByte, A0  ; [section entry]
0362    70 01                    5887          MOVEQ #1, D0  ; [section entry]
0364    22 05                    5888          MOVE.L D5, D1  ; [section entry]
0366    61 00 03 FE              5889          BSR.W tkpkg_debug_cli_read_input_v1  ; [section entry]
036A    2E 00                    5890          MOVE.L D0, D7  ; [section entry]
036C    22 05                    5891          MOVE.L D5, D1  ; [section entry]
036E    61 00 04 06              5892          BSR.W tkpkg_debug_cli_close_input_v1  ; [section entry]
0372    BE BC FF FF FF FF        5893          CMP.L #-1, D7  ; [section entry]
0378    66 10                    5894          BNE.S tkpkgDebugCliManifestProbeOk  ; [section entry]
037A    22 3C 00 00 08 7E        5895          MOVE.L #inputReadFailureText, D1  ; [section entry]
0380    61 00 FE B4              5896          BSR.W tkpkg_debug_cli_put_str_v1  ; [section entry]
0384    70 FF                    5897          MOVEQ #-1, D0  ; [section entry]
0386    60 00 00 26              5898          BRA.W tkpkgDebugCliTokenizeManifestDone  ; [section entry]
----                             5899    ; [section entry]
----                             5900  tkpkgDebugCliManifestProbeOk  ; [section entry]
038A    4A 87                    5901          TST.L D7  ; [section entry]
038C    67 10                    5902          BEQ.S tkpkgDebugCliManifestFitsBuffer  ; [section entry]
038E    22 3C 00 00 08 DC        5903          MOVE.L #manifestTooLargeText, D1  ; [section entry]
0394    61 00 FE A0              5904          BSR.W tkpkg_debug_cli_put_str_v1  ; [section entry]
0398    70 FF                    5905          MOVEQ #-1, D0  ; [section entry]
039A    60 00 00 12              5906          BRA.W tkpkgDebugCliTokenizeManifestDone  ; [section entry]
----                             5907    ; [section entry]
----                             5908  tkpkgDebugCliManifestFitsBuffer  ; [section entry]
039E    22 3C 00 00 09 F2        5909          MOVE.L #manifestReadOkText, D1  ; [section entry]
03A4    61 00 FE 90              5910          BSR.W tkpkg_debug_cli_put_str_v1  ; [section entry]
03A8    20 06                    5911          MOVE.L D6, D0  ; [section entry]
03AA    61 00 00 08              5912          BSR.W tkpkg_debug_cli_tokenize_manifest_buffer_v1  ; [section entry]
----                             5913    ; [section entry]
----                             5914  tkpkgDebugCliTokenizeManifestDone  ; [section entry]
03AE    4C DF 7C FC              5915          MOVEM.L (SP)+, D2-D7/A2-A6  ; [section entry]
03B2    4E 75                    5916          RTS  ; [section entry]
----                             5917    ; [section entry]
----                             5918  tkpkg_debug_cli_tokenize_manifest_buffer_v1  ; [section entry]
03B4    48 E7 3F 3E              5919          MOVEM.L D2-D7/A2-A6, -(SP)  ; [section entry]
03B8    47 F9 00 00 69 13        5920          LEA debugCliManifestBuffer, A3  ; [section entry]
03BE    2E 00                    5921          MOVE.L D0, D7  ; [section entry]
----                             5922    ; [section entry]
----                             5923  tkpkgDebugCliManifestLineLoop  ; [section entry]
03C0    4A 87                    5924          TST.L D7  ; [section entry]
03C2    67 00 00 8A              5925          BEQ.W tkpkgDebugCliManifestDone  ; [section entry]
03C6    22 4B                    5926          MOVEA.L A3, A1  ; [section entry]
03C8    70 00                    5927          MOVEQ #0, D0  ; [section entry]
----                             5928    ; [section entry]
----                             5929  tkpkgDebugCliFindManifestLineEnd  ; [section entry]
03CA    4A 87                    5930          TST.L D7  ; [section entry]
03CC    67 12                    5931          BEQ.S tkpkgDebugCliManifestLineReady  ; [section entry]
03CE    0C 13 00 0A              5932          CMPI.B #10, (A3)  ; [section entry]
03D2    67 08                    5933          BEQ.S tkpkgDebugCliConsumeManifestLf  ; [section entry]
03D4    52 8B                    5934          ADDQ.L #1, A3  ; [section entry]
03D6    52 80                    5935          ADDQ.L #1, D0  ; [section entry]
03D8    53 87                    5936          SUBQ.L #1, D7  ; [section entry]
03DA    60 EE                    5937          BRA.S tkpkgDebugCliFindManifestLineEnd  ; [section entry]
----                             5938    ; [section entry]
----                             5939  tkpkgDebugCliConsumeManifestLf  ; [section entry]
03DC    52 8B                    5940          ADDQ.L #1, A3  ; [section entry]
03DE    53 87                    5941          SUBQ.L #1, D7  ; [section entry]
----                             5942    ; [section entry]
----                             5943  tkpkgDebugCliManifestLineReady  ; [section entry]
03E0    4A 80                    5944          TST.L D0  ; [section entry]
03E2    67 66                    5945          BEQ.S tkpkgDebugCliManifestSkipLine  ; [section entry]
03E4    45 F1 08 00              5946          LEA 0(A1, D0.L), A2  ; [section entry]
03E8    53 8A                    5947          SUBQ.L #1, A2  ; [section entry]
03EA    0C 12 00 0D              5948          CMPI.B #13, (A2)  ; [section entry]
03EE    66 04                    5949          BNE.S tkpkgDebugCliManifestLineTrimmed  ; [section entry]
03F0    53 80                    5950          SUBQ.L #1, D0  ; [section entry]
03F2    67 56                    5951          BEQ.S tkpkgDebugCliManifestSkipLine  ; [section entry]
----                             5952    ; [section entry]
----                             5953  tkpkgDebugCliManifestLineTrimmed  ; [section entry]
03F4    0C 11 00 23              5954          CMPI.B #'#', (A1)  ; [section entry]
03F8    67 50                    5955          BEQ.S tkpkgDebugCliManifestSkipLine  ; [section entry]
03FA    0C 11 00 3B              5956          CMPI.B #';', (A1)  ; [section entry]
03FE    67 4A                    5957          BEQ.S tkpkgDebugCliManifestSkipLine  ; [section entry]
0400    61 00 00 54              5958          BSR.W tkpkg_debug_cli_prepare_manifest_entry_v1  ; [section entry]
0404    4A 80                    5959          TST.L D0  ; [section entry]
0406    6B 00 00 48              5960          BMI.W tkpkgDebugCliManifestReturn  ; [section entry]
040A    67 04                    5961          BEQ.S tkpkgDebugCliManifestEntryOk  ; [section entry]
040C    60 00 00 42              5962          BRA.W tkpkgDebugCliManifestReturn  ; [section entry]
----                             5963    ; [section entry]
----                             5964  tkpkgDebugCliManifestEntryOk  ; [section entry]
0410    22 3C 00 00 09 C5        5965          MOVE.L #manifestFileText, D1  ; [section entry]
0416    61 00 FE 1E              5966          BSR.W tkpkg_debug_cli_put_str_v1  ; [section entry]
041A    22 3C 00 00 28 13        5967          MOVE.L #debugCliInputPathBuffer, D1  ; [section entry]
0420    61 00 FE 14              5968          BSR.W tkpkg_debug_cli_put_str_v1  ; [section entry]
0424    22 3C 00 00 0A D2        5969          MOVE.L #newlineText, D1  ; [section entry]
042A    61 00 FE 0A              5970          BSR.W tkpkg_debug_cli_put_str_v1  ; [section entry]
042E    22 3C 00 00 0A 4D        5971          MOVE.L #manifestTokenizeBeginText, D1  ; [section entry]
0434    61 00 FE 00              5972          BSR.W tkpkg_debug_cli_put_str_v1  ; [section entry]
0438    61 00 01 7E              5973          BSR.W tkpkg_debug_cli_tokenize_file_v1  ; [section entry]
043C    4A 80                    5974          TST.L D0  ; [section entry]
043E    66 10                    5975          BNE.S tkpkgDebugCliManifestReturn  ; [section entry]
0440    22 3C 00 00 0A 71        5976          MOVE.L #manifestTokenizeOkText, D1  ; [section entry]
0446    61 00 FD EE              5977          BSR.W tkpkg_debug_cli_put_str_v1  ; [section entry]
----                             5978    ; [section entry]
----                             5979  tkpkgDebugCliManifestSkipLine  ; [section entry]
044A    60 00 FF 74              5980          BRA.W tkpkgDebugCliManifestLineLoop  ; [section entry]
----                             5981    ; [section entry]
----                             5982  tkpkgDebugCliManifestDone  ; [section entry]
044E    70 00                    5983          MOVEQ #0, D0  ; [section entry]
----                             5984    ; [section entry]
----                             5985  tkpkgDebugCliManifestReturn  ; [section entry]
0450    4C DF 7C FC              5986          MOVEM.L (SP)+, D2-D7/A2-A6  ; [section entry]
0454    4E 75                    5987          RTS  ; [section entry]
----                             5988    ; [section entry]
----                             5989  tkpkg_debug_cli_prepare_manifest_entry_v1  ; [section entry]
0456    48 E7 3F 3E              5990          MOVEM.L D2-D7/A2-A6, -(SP)  ; [section entry]
045A    28 49                    5991          MOVEA.L A1, A4  ; [section entry]
045C    2E 00                    5992          MOVE.L D0, D7  ; [section entry]
045E    26 49                    5993          MOVEA.L A1, A3  ; [section entry]
0460    2C 00                    5994          MOVE.L D0, D6  ; [section entry]
0462    7A 00                    5995          MOVEQ #0, D5  ; [section entry]
----                             5996    ; [section entry]
----                             5997  tkpkgDebugCliManifestFindTab  ; [section entry]
0464    4A 86                    5998          TST.L D6  ; [section entry]
0466    67 00 00 DC              5999          BEQ.W tkpkgDebugCliManifestNoPipeline  ; [section entry]
046A    0C 13 00 09              6000          CMPI.B #9, (A3)  ; [section entry]
046E    67 08                    6001          BEQ.S tkpkgDebugCliManifestHasPipeline  ; [section entry]
0470    52 8B                    6002          ADDQ.L #1, A3  ; [section entry]
0472    52 85                    6003          ADDQ.L #1, D5  ; [section entry]
0474    53 86                    6004          SUBQ.L #1, D6  ; [section entry]
0476    60 EC                    6005          BRA.S tkpkgDebugCliManifestFindTab  ; [section entry]
----                             6006    ; [section entry]
----                             6007  tkpkgDebugCliManifestHasPipeline  ; [section entry]
0478    4A 85                    6008          TST.L D5  ; [section entry]
047A    66 10                    6009          BNE.S tkpkgDebugCliManifestCpuPresent  ; [section entry]
047C    22 3C 00 00 09 8A        6010          MOVE.L #manifestFormatFailureText, D1  ; [section entry]
0482    61 00 FD B2              6011          BSR.W tkpkg_debug_cli_put_str_v1  ; [section entry]
0486    70 FF                    6012          MOVEQ #-1, D0  ; [section entry]
0488    60 00 00 D6              6013          BRA.W tkpkgDebugCliManifestPrepareDone  ; [section entry]
----                             6014    ; [section entry]
----                             6015  tkpkgDebugCliManifestCpuPresent  ; [section entry]
048C    20 07                    6016          MOVE.L D7, D0  ; [section entry]
048E    90 85                    6017          SUB.L D5, D0  ; [section entry]
0490    53 80                    6018          SUBQ.L #1, D0  ; [section entry]
0492    4A 80                    6019          TST.L D0  ; [section entry]
0494    66 10                    6020          BNE.S tkpkgDebugCliManifestPathPresent  ; [section entry]
0496    22 3C 00 00 09 8A        6021          MOVE.L #manifestFormatFailureText, D1  ; [section entry]
049C    61 00 FD 98              6022          BSR.W tkpkg_debug_cli_put_str_v1  ; [section entry]
04A0    70 FF                    6023          MOVEQ #-1, D0  ; [section entry]
04A2    60 00 00 BC              6024          BRA.W tkpkgDebugCliManifestPrepareDone  ; [section entry]
----                             6025    ; [section entry]
----                             6026  tkpkgDebugCliManifestPathPresent  ; [section entry]
04A6    BA BC 00 00 0F FF        6027          CMP.L #LAST_ERROR_BUFFER_CAPACITY - 1, D5  ; [section entry]
04AC    63 10                    6028          BLS.S tkpkgDebugCliManifestCpuFits  ; [section entry]
04AE    22 3C 00 00 09 4F        6029          MOVE.L #manifestPipelineTooLongText, D1  ; [section entry]
04B4    61 00 FD 80              6030          BSR.W tkpkg_debug_cli_put_str_v1  ; [section entry]
04B8    70 FF                    6031          MOVEQ #-1, D0  ; [section entry]
04BA    60 00 00 A4              6032          BRA.W tkpkgDebugCliManifestPrepareDone  ; [section entry]
----                             6033    ; [section entry]
----                             6034  tkpkgDebugCliManifestCpuFits  ; [section entry]
04BE    45 F9 00 00 00 20        6035          LEA lastErrorBuffer, A2  ; [section entry]
04C4    22 4C                    6036          MOVEA.L A4, A1  ; [section entry]
04C6    20 05                    6037          MOVE.L D5, D0  ; [section entry]
04C8    61 00 02 C8              6038          BSR.W tkpkg_debug_cli_copy_bytes_v1  ; [section entry]
04CC    42 12                    6039          CLR.B (A2)  ; [section entry]
04CE    48 E7 07 18              6040          MOVEM.L D5-D7/A3-A4, -(SP)  ; [section entry]
04D2    22 3C 00 00 0A 0A        6041          MOVE.L #manifestPipelineBeginText, D1  ; [section entry]
04D8    61 00 FD 5C              6042          BSR.W tkpkg_debug_cli_put_str_v1  ; [section entry]
04DC    22 3C 00 00 00 20        6043          MOVE.L #lastErrorBuffer, D1  ; [section entry]
04E2    61 00 FD 52              6044          BSR.W tkpkg_debug_cli_put_str_v1  ; [section entry]
04E6    22 3C 00 00 0A D2        6045          MOVE.L #newlineText, D1  ; [section entry]
04EC    61 00 FD 48              6046          BSR.W tkpkg_debug_cli_put_str_v1  ; [section entry]
04F0    4C DF 18 E0              6047          MOVEM.L (SP)+, D5-D7/A3-A4  ; [section entry]
04F4    20 05                    6048          MOVE.L D5, D0  ; [section entry]
04F6    52 80                    6049          ADDQ.L #1, D0  ; [section entry]
04F8    48 E7 07 18              6050          MOVEM.L D5-D7/A3-A4, -(SP)  ; [section entry]
04FC    61 00 00 96              6051          BSR.W tkpkg_debug_cli_set_pipeline_from_last_error_v1  ; [section entry]
0500    22 00                    6052          MOVE.L D0, D1  ; [section entry]
0502    4C DF 18 E0              6053          MOVEM.L (SP)+, D5-D7/A3-A4  ; [section entry]
0506    20 01                    6054          MOVE.L D1, D0  ; [section entry]
0508    4A 00                    6055          TST.B D0  ; [section entry]
050A    67 06                    6056          BEQ.S tkpkgDebugCliManifestPipelineOk  ; [section entry]
050C    70 01                    6057          MOVEQ #1, D0  ; [section entry]
050E    60 00 00 50              6058          BRA.W tkpkgDebugCliManifestPrepareDone  ; [section entry]
----                             6059    ; [section entry]
----                             6060  tkpkgDebugCliManifestPipelineOk  ; [section entry]
0512    48 E7 07 18              6061          MOVEM.L D5-D7/A3-A4, -(SP)  ; [section entry]
0516    22 3C 00 00 0A 2D        6062          MOVE.L #manifestPipelineOkText, D1  ; [section entry]
051C    61 00 FD 18              6063          BSR.W tkpkg_debug_cli_put_str_v1  ; [section entry]
0520    4C DF 18 E0              6064          MOVEM.L (SP)+, D5-D7/A3-A4  ; [section entry]
0524    43 EB 00 01              6065          LEA 1(A3), A1  ; [section entry]
0528    20 07                    6066          MOVE.L D7, D0  ; [section entry]
052A    90 85                    6067          SUB.L D5, D0  ; [section entry]
052C    53 80                    6068          SUBQ.L #1, D0  ; [section entry]
052E    61 00 00 36              6069          BSR.W tkpkg_debug_cli_copy_manifest_path_v1  ; [section entry]
0532    4A 80                    6070          TST.L D0  ; [section entry]
0534    67 28                    6071          BEQ.S tkpkgDebugCliManifestPrepareOk  ; [section entry]
0536    22 3C 00 00 09 13        6072          MOVE.L #manifestPathTooLongText, D1  ; [section entry]
053C    61 00 FC F8              6073          BSR.W tkpkg_debug_cli_put_str_v1  ; [section entry]
0540    70 FF                    6074          MOVEQ #-1, D0  ; [section entry]
0542    60 1C                    6075          BRA.S tkpkgDebugCliManifestPrepareDone  ; [section entry]
----                             6076    ; [section entry]
----                             6077  tkpkgDebugCliManifestNoPipeline  ; [section entry]
0544    22 4C                    6078          MOVEA.L A4, A1  ; [section entry]
0546    20 07                    6079          MOVE.L D7, D0  ; [section entry]
0548    61 00 00 1C              6080          BSR.W tkpkg_debug_cli_copy_manifest_path_v1  ; [section entry]
054C    4A 80                    6081          TST.L D0  ; [section entry]
054E    67 0E                    6082          BEQ.S tkpkgDebugCliManifestPrepareOk  ; [section entry]
0550    22 3C 00 00 09 13        6083          MOVE.L #manifestPathTooLongText, D1  ; [section entry]
0556    61 00 FC DE              6084          BSR.W tkpkg_debug_cli_put_str_v1  ; [section entry]
055A    70 FF                    6085          MOVEQ #-1, D0  ; [section entry]
055C    60 02                    6086          BRA.S tkpkgDebugCliManifestPrepareDone  ; [section entry]
----                             6087    ; [section entry]
----                             6088  tkpkgDebugCliManifestPrepareOk  ; [section entry]
055E    70 00                    6089          MOVEQ #0, D0  ; [section entry]
----                             6090    ; [section entry]
----                             6091  tkpkgDebugCliManifestPrepareDone  ; [section entry]
0560    4C DF 7C FC              6092          MOVEM.L (SP)+, D2-D7/A2-A6  ; [section entry]
0564    4E 75                    6093          RTS  ; [section entry]
----                             6094    ; [section entry]
----                             6095  tkpkg_debug_cli_copy_manifest_path_v1  ; [section entry]
0566    48 E7 70 E0              6096          MOVEM.L D1-D3/A0-A2, -(SP)  ; [section entry]
056A    B0 BC 00 00 00 FF        6097          CMP.L #PATH_BUFFER_CAPACITY - 1, D0  ; [section entry]
0570    63 04                    6098          BLS.S tkpkgDebugCliManifestCopyFits  ; [section entry]
0572    70 FF                    6099          MOVEQ #-1, D0  ; [section entry]
0574    60 18                    6100          BRA.S tkpkgDebugCliManifestCopyDone  ; [section entry]
----                             6101    ; [section entry]
----                             6102  tkpkgDebugCliManifestCopyFits  ; [section entry]
0576    41 F9 00 00 28 13        6103          LEA debugCliInputPathBuffer, A0  ; [section entry]
057C    24 49                    6104          MOVEA.L A1, A2  ; [section entry]
057E    24 00                    6105          MOVE.L D0, D2  ; [section entry]
----                             6106    ; [section entry]
----                             6107  tkpkgDebugCliManifestCopyLoop  ; [section entry]
0580    4A 82                    6108          TST.L D2  ; [section entry]
0582    67 06                    6109          BEQ.S tkpkgDebugCliManifestCopyTerminator  ; [section entry]
0584    10 DA                    6110          MOVE.B (A2)+, (A0)+  ; [section entry]
0586    53 82                    6111          SUBQ.L #1, D2  ; [section entry]
0588    60 F6                    6112          BRA.S tkpkgDebugCliManifestCopyLoop  ; [section entry]
----                             6113    ; [section entry]
----                             6114  tkpkgDebugCliManifestCopyTerminator  ; [section entry]
058A    42 10                    6115          CLR.B (A0)  ; [section entry]
058C    70 00                    6116          MOVEQ #0, D0  ; [section entry]
----                             6117    ; [section entry]
----                             6118  tkpkgDebugCliManifestCopyDone  ; [section entry]
058E    4C DF 07 0E              6119          MOVEM.L (SP)+, D1-D3/A0-A2  ; [section entry]
0592    4E 75                    6120          RTS  ; [section entry]
----                             6121    ; [section entry]
----                             6122  tkpkg_debug_cli_set_pipeline_from_last_error_v1  ; [section entry]
0594    48 E7 40 80              6123          MOVEM.L D1/A0, -(SP)  ; [section entry]
0598    41 F9 00 00 00 00        6124          LEA controlBlockV1, A0  ; [section entry]
059E    32 00                    6125          MOVE.W D0, D1  ; [section entry]
05A0    30 3C 00 20              6126          MOVE.W #LAST_ERROR_BUFFER_PTR_V1, D0  ; [section entry]
05A4    61 00 01 FA              6127          BSR.W tkpkg_debug_cli_write_input_window_v1  ; [section entry]
05A8    70 02                    6128          MOVEQ #ENTRY_ORD_SET_PIPELINE, D0  ; [section entry]
05AA    61 00 FC 76              6129          BSR.W tkpkg_debug_cli_dispatch_service_v1  ; [section entry]
05AE    61 00 02 18              6130          BSR.W tkpkg_debug_cli_read_status_v1  ; [section entry]
05B2    4C DF 01 02              6131          MOVEM.L (SP)+, D1/A0  ; [section entry]
05B6    4E 75                    6132          RTS  ; [section entry]
----                             6133    ; [section entry]
----                             6134  tkpkg_debug_cli_tokenize_file_v1  ; [section entry]
05B8    48 E7 3F 3E              6135          MOVEM.L D2-D7/A2-A6, -(SP)  ; [section entry]
05BC    41 F9 00 00 28 13        6136          LEA debugCliInputPathBuffer, A0  ; [section entry]
05C2    61 00 01 8E              6137          BSR.W tkpkg_debug_cli_open_input_v1  ; [section entry]
05C6    4A 80                    6138          TST.L D0  ; [section entry]
05C8    66 10                    6139          BNE.S tkpkgDebugCliFileOpenOk  ; [section entry]
05CA    22 3C 00 00 08 27        6140          MOVE.L #inputOpenFailureText, D1  ; [section entry]
05D0    61 00 FC 64              6141          BSR.W tkpkg_debug_cli_put_str_v1  ; [section entry]
05D4    70 FF                    6142          MOVEQ #-1, D0  ; [section entry]
05D6    60 00 00 7E              6143          BRA.W tkpkgDebugCliTokenizeFileDone  ; [section entry]
----                             6144    ; [section entry]
----                             6145  tkpkgDebugCliFileOpenOk  ; [section entry]
05DA    2A 00                    6146          MOVE.L D0, D5  ; [section entry]
05DC    41 F9 00 00 29 13        6147          LEA debugCliSourceFileBuffer, A0  ; [section entry]
05E2    20 3C 00 00 40 00        6148          MOVE.L #DEBUG_CLI_SOURCE_BUFFER_CAPACITY, D0  ; [section entry]
05E8    22 05                    6149          MOVE.L D5, D1  ; [section entry]
05EA    61 00 01 7A              6150          BSR.W tkpkg_debug_cli_read_input_v1  ; [section entry]
05EE    B0 BC FF FF FF FF        6151          CMP.L #-1, D0  ; [section entry]
05F4    66 16                    6152          BNE.S tkpkgDebugCliFileReadOk  ; [section entry]
05F6    22 05                    6153          MOVE.L D5, D1  ; [section entry]
05F8    61 00 01 7C              6154          BSR.W tkpkg_debug_cli_close_input_v1  ; [section entry]
05FC    22 3C 00 00 08 7E        6155          MOVE.L #inputReadFailureText, D1  ; [section entry]
0602    61 00 FC 32              6156          BSR.W tkpkg_debug_cli_put_str_v1  ; [section entry]
0606    70 FF                    6157          MOVEQ #-1, D0  ; [section entry]
0608    60 00 00 4C              6158          BRA.W tkpkgDebugCliTokenizeFileDone  ; [section entry]
----                             6159    ; [section entry]
----                             6160  tkpkgDebugCliFileReadOk  ; [section entry]
060C    2C 00                    6161          MOVE.L D0, D6  ; [section entry]
060E    41 F9 00 00 89 13        6162          LEA debugCliSourceFileProbeByte, A0  ; [section entry]
0614    70 01                    6163          MOVEQ #1, D0  ; [section entry]
0616    22 05                    6164          MOVE.L D5, D1  ; [section entry]
0618    61 00 01 4C              6165          BSR.W tkpkg_debug_cli_read_input_v1  ; [section entry]
061C    2E 00                    6166          MOVE.L D0, D7  ; [section entry]
061E    22 05                    6167          MOVE.L D5, D1  ; [section entry]
0620    61 00 01 54              6168          BSR.W tkpkg_debug_cli_close_input_v1  ; [section entry]
0624    BE BC FF FF FF FF        6169          CMP.L #-1, D7  ; [section entry]
062A    66 10                    6170          BNE.S tkpkgDebugCliFileProbeOk  ; [section entry]
062C    22 3C 00 00 08 7E        6171          MOVE.L #inputReadFailureText, D1  ; [section entry]
0632    61 00 FC 02              6172          BSR.W tkpkg_debug_cli_put_str_v1  ; [section entry]
0636    70 FF                    6173          MOVEQ #-1, D0  ; [section entry]
0638    60 00 00 1C              6174          BRA.W tkpkgDebugCliTokenizeFileDone  ; [section entry]
----                             6175    ; [section entry]
----                             6176  tkpkgDebugCliFileProbeOk  ; [section entry]
063C    4A 87                    6177          TST.L D7  ; [section entry]
063E    67 10                    6178          BEQ.S tkpkgDebugCliFileFitsBuffer  ; [section entry]
0640    22 3C 00 00 08 A8        6179          MOVE.L #fileTooLargeText, D1  ; [section entry]
0646    61 00 FB EE              6180          BSR.W tkpkg_debug_cli_put_str_v1  ; [section entry]
064A    70 FF                    6181          MOVEQ #-1, D0  ; [section entry]
064C    60 00 00 08              6182          BRA.W tkpkgDebugCliTokenizeFileDone  ; [section entry]
----                             6183    ; [section entry]
----                             6184  tkpkgDebugCliFileFitsBuffer  ; [section entry]
0650    20 06                    6185          MOVE.L D6, D0  ; [section entry]
0652    61 00 00 08              6186          BSR.W tkpkg_debug_cli_tokenize_source_buffer_v1  ; [section entry]
----                             6187    ; [section entry]
----                             6188  tkpkgDebugCliTokenizeFileDone  ; [section entry]
0656    4C DF 7C FC              6189          MOVEM.L (SP)+, D2-D7/A2-A6  ; [section entry]
065A    4E 75                    6190          RTS  ; [section entry]
----                             6191    ; [section entry]
----                             6192  tkpkg_debug_cli_tokenize_source_buffer_v1  ; [section entry]
065C    48 E7 3F 3E              6193          MOVEM.L D2-D7/A2-A6, -(SP)  ; [section entry]
0660    47 F9 00 00 29 13        6194          LEA debugCliSourceFileBuffer, A3  ; [section entry]
0666    2E 00                    6195          MOVE.L D0, D7  ; [section entry]
0668    7C 01                    6196          MOVEQ #1, D6  ; [section entry]
----                             6197    ; [section entry]
----                             6198  tkpkgDebugCliSourceLineLoop  ; [section entry]
066A    4A 87                    6199          TST.L D7  ; [section entry]
066C    67 3E                    6200          BEQ.S tkpkgDebugCliSourceDone  ; [section entry]
066E    22 4B                    6201          MOVEA.L A3, A1  ; [section entry]
0670    70 00                    6202          MOVEQ #0, D0  ; [section entry]
----                             6203    ; [section entry]
----                             6204  tkpkgDebugCliFindLineEnd  ; [section entry]
0672    4A 87                    6205          TST.L D7  ; [section entry]
0674    67 12                    6206          BEQ.S tkpkgDebugCliLineReady  ; [section entry]
0676    0C 13 00 0A              6207          CMPI.B #10, (A3)  ; [section entry]
067A    67 08                    6208          BEQ.S tkpkgDebugCliConsumeLf  ; [section entry]
067C    52 8B                    6209          ADDQ.L #1, A3  ; [section entry]
067E    52 80                    6210          ADDQ.L #1, D0  ; [section entry]
0680    53 87                    6211          SUBQ.L #1, D7  ; [section entry]
0682    60 EE                    6212          BRA.S tkpkgDebugCliFindLineEnd  ; [section entry]
----                             6213    ; [section entry]
----                             6214  tkpkgDebugCliConsumeLf  ; [section entry]
0684    52 8B                    6215          ADDQ.L #1, A3  ; [section entry]
0686    53 87                    6216          SUBQ.L #1, D7  ; [section entry]
----                             6217    ; [section entry]
----                             6218  tkpkgDebugCliLineReady  ; [section entry]
0688    4A 80                    6219          TST.L D0  ; [section entry]
068A    67 0E                    6220          BEQ.S tkpkgDebugCliLineDispatch  ; [section entry]
068C    45 F1 08 00              6221          LEA 0(A1, D0.L), A2  ; [section entry]
0690    53 8A                    6222          SUBQ.L #1, A2  ; [section entry]
0692    0C 12 00 0D              6223          CMPI.B #13, (A2)  ; [section entry]
0696    66 02                    6224          BNE.S tkpkgDebugCliLineDispatch  ; [section entry]
0698    53 80                    6225          SUBQ.L #1, D0  ; [section entry]
----                             6226    ; [section entry]
----                             6227  tkpkgDebugCliLineDispatch  ; [section entry]
069A    22 06                    6228          MOVE.L D6, D1  ; [section entry]
069C    61 00 00 16              6229          BSR.W tkpkg_debug_cli_tokenize_line_slice_v1  ; [section entry]
06A0    4A 80                    6230          TST.L D0  ; [section entry]
06A2    66 00 00 0A              6231          BNE.W tkpkgDebugCliSourceReturn  ; [section entry]
06A6    52 86                    6232          ADDQ.L #1, D6  ; [section entry]
06A8    60 00 FF C0              6233          BRA.W tkpkgDebugCliSourceLineLoop  ; [section entry]
----                             6234    ; [section entry]
----                             6235  tkpkgDebugCliSourceDone  ; [section entry]
06AC    70 00                    6236          MOVEQ #0, D0  ; [section entry]
----                             6237    ; [section entry]
----                             6238  tkpkgDebugCliSourceReturn  ; [section entry]
06AE    4C DF 7C FC              6239          MOVEM.L (SP)+, D2-D7/A2-A6  ; [section entry]
06B2    4E 75                    6240          RTS  ; [section entry]
----                             6241    ; [section entry]
----                             6242  tkpkg_debug_cli_tokenize_line_slice_v1  ; [section entry]
06B4    48 E7 3F 3E              6243          MOVEM.L D2-D7/A2-A6, -(SP)  ; [section entry]
06B8    4A 80                    6244          TST.L D0  ; [section entry]
06BA    67 00 00 88              6245          BEQ.W tkpkgDebugCliSliceOk  ; [section entry]
06BE    0C 80 00 00 0F FC        6246          CMPI.L #DEBUG_CLI_MAX_LINE_BYTES, D0  ; [section entry]
06C4    63 00 00 12              6247          BLS.W tkpkgDebugCliSliceFits  ; [section entry]
06C8    22 3C 00 00 0A 92        6248          MOVE.L #lineTooLongText, D1  ; [section entry]
06CE    61 00 FB 66              6249          BSR.W tkpkg_debug_cli_put_str_v1  ; [section entry]
06D2    70 FF                    6250          MOVEQ #-1, D0  ; [section entry]
06D4    60 00 00 76              6251          BRA.W tkpkgDebugCliSliceDone  ; [section entry]
----                             6252    ; [section entry]
----                             6253  tkpkgDebugCliSliceFits  ; [section entry]
06D8    26 49                    6254          MOVEA.L A1, A3  ; [section entry]
06DA    2E 00                    6255          MOVE.L D0, D7  ; [section entry]
06DC    45 F9 00 00 00 20        6256          LEA lastErrorBuffer, A2  ; [section entry]
06E2    24 01                    6257          MOVE.L D1, D2  ; [section entry]
06E4    14 C2                    6258          MOVE.B D2, (A2)+  ; [section entry]
06E6    E0 8A                    6259          LSR.L #8, D2  ; [section entry]
06E8    14 C2                    6260          MOVE.B D2, (A2)+  ; [section entry]
06EA    E0 8A                    6261          LSR.L #8, D2  ; [section entry]
06EC    14 C2                    6262          MOVE.B D2, (A2)+  ; [section entry]
06EE    E0 8A                    6263          LSR.L #8, D2  ; [section entry]
06F0    14 C2                    6264          MOVE.B D2, (A2)+  ; [section entry]
06F2    22 4B                    6265          MOVEA.L A3, A1  ; [section entry]
06F4    20 07                    6266          MOVE.L D7, D0  ; [section entry]
06F6    61 00 00 9A              6267          BSR.W tkpkg_debug_cli_copy_bytes_v1  ; [section entry]
----                             6268    ; [section entry]
06FA    41 F9 00 00 00 00        6269          LEA controlBlockV1, A0  ; [section entry]
0700    30 3C 00 20              6270          MOVE.W #LAST_ERROR_BUFFER_PTR_V1, D0  ; [section entry]
0704    32 07                    6271          MOVE.W D7, D1  ; [section entry]
0706    58 41                    6272          ADDQ.W #4, D1  ; [section entry]
0708    61 00 00 96              6273          BSR.W tkpkg_debug_cli_write_input_window_v1  ; [section entry]
070C    70 03                    6274          MOVEQ #ENTRY_ORD_TOKENIZE_LINE, D0  ; [section entry]
070E    61 00 FB 12              6275          BSR.W tkpkg_debug_cli_dispatch_service_v1  ; [section entry]
0712    61 00 00 B4              6276          BSR.W tkpkg_debug_cli_read_status_v1  ; [section entry]
0716    4A 00                    6277          TST.B D0  ; [section entry]
0718    66 00 00 30              6278          BNE.W tkpkgDebugCliSliceRuntimeFailure  ; [section entry]
071C    61 00 00 B2              6279          BSR.W tkpkg_debug_cli_read_output_len_v1  ; [section entry]
0720    4A 40                    6280          TST.W D0  ; [section entry]
0722    67 00 00 20              6281          BEQ.W tkpkgDebugCliSliceOk  ; [section entry]
0726    43 F9 00 00 00 20        6282          LEA lastErrorBuffer, A1  ; [section entry]
072C    42 31 08 00              6283          CLR.B 0(A1,D0.L)  ; [section entry]
0730    22 3C 00 00 00 20        6284          MOVE.L #lastErrorBuffer, D1  ; [section entry]
0736    61 00 FA FE              6285          BSR.W tkpkg_debug_cli_put_str_v1  ; [section entry]
073A    22 3C 00 00 0A D2        6286          MOVE.L #newlineText, D1  ; [section entry]
0740    61 00 FA F4              6287          BSR.W tkpkg_debug_cli_put_str_v1  ; [section entry]
----                             6288    ; [section entry]
----                             6289  tkpkgDebugCliSliceOk  ; [section entry]
0744    70 00                    6290          MOVEQ #0, D0  ; [section entry]
0746    60 00 00 04              6291          BRA.W tkpkgDebugCliSliceDone  ; [section entry]
----                             6292    ; [section entry]
----                             6293  tkpkgDebugCliSliceRuntimeFailure  ; [section entry]
074A    70 01                    6294          MOVEQ #1, D0  ; [section entry]
----                             6295    ; [section entry]
----                             6296  tkpkgDebugCliSliceDone  ; [section entry]
074C    4C DF 7C FC              6297          MOVEM.L (SP)+, D2-D7/A2-A6  ; [section entry]
0750    4E 75                    6298          RTS  ; [section entry]
----                             6299    ; [section entry]
----                             6300  tkpkg_debug_cli_open_input_v1  ; [section entry]
0752    22 08                    6301          MOVE.L A0, D1  ; [section entry]
0754    24 3C 00 00 03 ED        6302          MOVE.L #MODE_OLDFILE, D2  ; [section entry]
075A    2C 79 00 00 0A D4        6303          MOVEA.L debugCliDosBase, A6  ; [section entry]
0760    4E AE FF E2              6304          JSR Open(A6)  ; [section entry]
0764    4E 75                    6305          RTS  ; [section entry]
----                             6306    ; [section entry]
----                             6307  tkpkg_debug_cli_read_input_v1  ; [section entry]
0766    24 08                    6308          MOVE.L A0, D2  ; [section entry]
0768    26 00                    6309          MOVE.L D0, D3  ; [section entry]
076A    2C 79 00 00 0A D4        6310          MOVEA.L debugCliDosBase, A6  ; [section entry]
0770    4E AE FF D6              6311          JSR Read(A6)  ; [section entry]
0774    4E 75                    6312          RTS  ; [section entry]
----                             6313    ; [section entry]
----                             6314  tkpkg_debug_cli_close_input_v1  ; [section entry]
0776    2C 79 00 00 0A D4        6315          MOVEA.L debugCliDosBase, A6  ; [section entry]
077C    4E AE FF DC              6316          JSR Close(A6)  ; [section entry]
0780    4E 75                    6317          RTS  ; [section entry]
----                             6318    ; [section entry]
----                             6319  tkpkg_debug_cli_close_dos_v1  ; [section entry]
0782    22 79 00 00 0A D4        6320          MOVEA.L debugCliDosBase, A1  ; [section entry]
0788    2C 78 00 04              6321          MOVEA.L SysBase.W, A6  ; [section entry]
078C    4E AE FE 62              6322          JSR CloseLibrary(A6)  ; [section entry]
0790    4E 75                    6323          RTS  ; [section entry]
----                             6324    ; [section entry]
----                             6325  tkpkg_debug_cli_copy_bytes_v1  ; [section entry]
0792    34 00                    6326          MOVE.W D0, D2  ; [section entry]
0794    4A 42                    6327          TST.W D2  ; [section entry]
0796    67 06                    6328          BEQ.S tkpkgDebugCliCopyDone  ; [section entry]
----                             6329    ; [section entry]
----                             6330  tkpkgDebugCliCopyLoop  ; [section entry]
0798    14 D9                    6331          MOVE.B (A1)+, (A2)+  ; [section entry]
079A    53 42                    6332          SUBQ.W #1, D2  ; [section entry]
079C    66 FA                    6333          BNE.S tkpkgDebugCliCopyLoop  ; [section entry]
----                             6334    ; [section entry]
----                             6335  tkpkgDebugCliCopyDone  ; [section entry]
079E    4E 75                    6336          RTS  ; [section entry]
----                             6337    ; [section entry]
----                             6338  tkpkg_debug_cli_write_input_window_v1  ; [section entry]
07A0    11 40 00 10              6339          MOVE.B D0, CB_INPUT_PTR(A0)  ; [section entry]
07A4    E0 48                    6340          LSR.W #8, D0  ; [section entry]
07A6    11 40 00 11              6341          MOVE.B D0, 17(A0)  ; [section entry]
07AA    11 41 00 12              6342          MOVE.B D1, CB_INPUT_LEN(A0)  ; [section entry]
07AE    E0 49                    6343          LSR.W #8, D1  ; [section entry]
07B0    11 41 00 13              6344          MOVE.B D1, 19(A0)  ; [section entry]
07B4    4E 75                    6345          RTS  ; [section entry]
----                             6346    ; [section entry]
----                             6347  tkpkg_debug_cli_clear_input_window_v1  ; [section entry]
07B6    42 28 00 10              6348          CLR.B CB_INPUT_PTR(A0)  ; [section entry]
07BA    42 28 00 11              6349          CLR.B 17(A0)  ; [section entry]
07BE    42 28 00 12              6350          CLR.B CB_INPUT_LEN(A0)  ; [section entry]
07C2    42 28 00 13              6351          CLR.B 19(A0)  ; [section entry]
07C6    4E 75                    6352          RTS  ; [section entry]
----                             6353    ; [section entry]
----                             6354  tkpkg_debug_cli_read_status_v1  ; [section entry]
07C8    70 00                    6355          MOVEQ #0, D0  ; [section entry]
07CA    10 28 00 0A              6356          MOVE.B CB_STATUS_CODE(A0), D0  ; [section entry]
07CE    4E 75                    6357          RTS  ; [section entry]
----                             6358    ; [section entry]
----                             6359  tkpkg_debug_cli_read_output_len_v1  ; [section entry]
07D0    70 00                    6360          MOVEQ #0, D0  ; [section entry]
07D2    10 28 00 16              6361          MOVE.B CB_OUTPUT_LEN(A0), D0  ; [section entry]
07D6    72 00                    6362          MOVEQ #0, D1  ; [section entry]
07D8    12 28 00 17              6363          MOVE.B 23(A0), D1  ; [section entry]
07DC    E1 49                    6364          LSL.W #8, D1  ; [section entry]
07DE    80 41                    6365          OR.W D1, D0  ; [section entry]
07E0    4E 75                    6366          RTS  ; [section entry]
----                             6367    ; [section entry]
----                             6368  tkpkg_debug_cli_run_last_error_v1  ; [section entry]
07E2    61 00 FF D2              6369          BSR.W tkpkg_debug_cli_clear_input_window_v1  ; [section entry]
07E6    70 06                    6370          MOVEQ #ENTRY_ORD_LAST_ERROR, D0  ; [section entry]
07E8    4E B9 00 00 27 4A        6371          JSR tkpkg_service_dispatch_v1  ; [section entry]
07EE    61 00 FF D8              6372          BSR.W tkpkg_debug_cli_read_status_v1  ; [section entry]
07F2    4E 75                    6373          RTS  ; [section entry]
----                             6374    ; [section entry]
----                             6375          .endsection
----                             6376  
----                             6377          .section data, kind=data  ; [section data]
----                             6378    ; [section data]
----                             6379  dosName  ; [section data]
06BD    64 6F 73 2E 6C 69 62 72 61 72 79 00  6380          .byte "dos.library", 0  ; [section data]
----                             6381    ; [section data]
----                             6382  debugCliMarker  ; [section data]
06C9    54 4B 50 4B 47 2D 44 45 42 55 47 2D 43 4C 49 2D 56 31 00  6383          .byte "TKPKG-DEBUG-CLI-V1", 0  ; [section data]
----                             6384    ; [section data]
----                             6385  failurePrefixText  ; [section data]
06DC    74 6B 70 6B 67 20 66 61 69 6C 75 72 65 3A 20 00  6386          .byte "tkpkg failure: ", 0  ; [section data]
----                             6387    ; [section data]
----                             6388  dosVersionFailureText  ; [section data]
06EC    74 6B 70 6B 67 5F 64 65 62 75 67 5F 63 6C 69 20 72 65 71 75 69 72 65 73 20 64 6F 73 2E 6C 69 62 72 61 72 79 20 76 33 36 2B 0A 00  6389          .byte "tkpkg_debug_cli requires dos.library v36+", 10, 0  ; [section data]
----                             6390    ; [section data]
----                             6391  startedText  ; [section data]
0717    74 6B 70 6B 67 5F 64 65 62 75 67 5F 63 6C 69 20 73 74 61 72 74 65 64 0A 00  6392          .byte "tkpkg_debug_cli started", 10, 0  ; [section data]
----                             6393    ; [section data]
----                             6394    ; [section data]
----                             6395    ; [section data]
----                             6396  usageText  ; [section data]
0730    55 73 61 67 65 3A 20 74 6B 70 6B 67 5F 64 65 62 75 67 5F 63 6C 69 20 5B 69 6E 70 75 74 2D 70 61 74 68 5D 0A 00  6397          .byte "Usage: tkpkg_debug_cli [input-path]", 10, 0  ; [section data]
----                             6398    ; [section data]
----                             6399  quotedPathFailureText  ; [section data]
0755    74 6B 70 6B 67 5F 64 65 62 75 67 5F 63 6C 69 3A 20 71 75 6F 74 65 64 20 70 61 74 68 73 20 61 72 65 20 6E 6F 74 20 73 75 70 70 6F 72 74 65 64 0A 00  6400          .byte "tkpkg_debug_cli: quoted paths are not supported", 10, 0  ; [section data]
----                             6401    ; [section data]
----                             6402  packageLoadedText  ; [section data]
0786    74 6B 70 6B 67 20 70 61 63 6B 61 67 65 20 6C 6F 61 64 65 64 0A 00  6403          .byte "tkpkg package loaded", 10, 0  ; [section data]
----                             6404    ; [section data]
----                             6405  pipelineSuccessText  ; [section data]
079C    54 4B 50 4B 47 20 6C 6F 61 64 5F 70 61 63 6B 61 67 65 2F 73 65 74 5F 70 69 70 65 6C 69 6E 65 20 4F 4B 0A 00  6406          .byte "TKPKG load_package/set_pipeline OK", 10, 0  ; [section data]
----                             6407    ; [section data]
----                             6408  tokenizeSuccessText  ; [section data]
07C0    54 4B 50 4B 47 20 74 6F 6B 65 6E 69 7A 65 5F 6C 69 6E 65 20 4F 4B 0A 00  6409          .byte "TKPKG tokenize_line OK", 10, 0  ; [section data]
----                             6410    ; [section data]
----                             6411  lastErrorClearText  ; [section data]
07D8    54 4B 50 4B 47 20 6C 61 73 74 5F 65 72 72 6F 72 20 63 6C 65 61 72 20 4F 4B 0A 00  6412          .byte "TKPKG last_error clear OK", 10, 0  ; [section data]
----                             6413    ; [section data]
----                             6414  emptyTokenizeOutputText  ; [section data]
07F3    74 6B 70 6B 67 20 66 61 69 6C 75 72 65 3A 20 74 6F 6B 65 6E 69 7A 65 5F 6C 69 6E 65 20 72 65 74 75 72 6E 65 64 20 65 6D 70 74 79 20 6F 75 74 70 75 74 0A 00  6415          .byte "tkpkg failure: tokenize_line returned empty output", 10, 0  ; [section data]
----                             6416    ; [section data]
----                             6417  inputOpenFailureText  ; [section data]
0827    74 6B 70 6B 67 20 66 61 69 6C 75 72 65 3A 20 66 61 69 6C 65 64 20 74 6F 20 6F 70 65 6E 20 69 6E 70 75 74 20 66 69 6C 65 0A 00  6418          .byte "tkpkg failure: failed to open input file", 10, 0  ; [section data]
----                             6419    ; [section data]
----                             6420  manifestOpenFailureText  ; [section data]
0851    74 6B 70 6B 67 20 66 61 69 6C 75 72 65 3A 20 66 61 69 6C 65 64 20 74 6F 20 6F 70 65 6E 20 6D 61 6E 69 66 65 73 74 20 66 69 6C 65 0A 00  6421          .byte "tkpkg failure: failed to open manifest file", 10, 0  ; [section data]
----                             6422    ; [section data]
----                             6423  inputReadFailureText  ; [section data]
087E    74 6B 70 6B 67 20 66 61 69 6C 75 72 65 3A 20 66 61 69 6C 65 64 20 74 6F 20 72 65 61 64 20 69 6E 70 75 74 20 66 69 6C 65 0A 00  6424          .byte "tkpkg failure: failed to read input file", 10, 0  ; [section data]
----                             6425    ; [section data]
----                             6426  fileTooLargeText  ; [section data]
08A8    74 6B 70 6B 67 20 66 61 69 6C 75 72 65 3A 20 69 6E 70 75 74 20 66 69 6C 65 20 65 78 63 65 65 64 73 20 64 65 62 75 67 2D 63 6C 69 20 62 75 66 66 65 72 0A 00  6427          .byte "tkpkg failure: input file exceeds debug-cli buffer", 10, 0  ; [section data]
----                             6428    ; [section data]
----                             6429  manifestTooLargeText  ; [section data]
08DC    74 6B 70 6B 67 20 66 61 69 6C 75 72 65 3A 20 6D 61 6E 69 66 65 73 74 20 66 69 6C 65 20 65 78 63 65 65 64 73 20 64 65 62 75 67 2D 63 6C 69 20 62 75 66 66 65 72 0A 00  6430          .byte "tkpkg failure: manifest file exceeds debug-cli buffer", 10, 0  ; [section data]
----                             6431    ; [section data]
----                             6432  manifestPathTooLongText  ; [section data]
0913    74 6B 70 6B 67 20 66 61 69 6C 75 72 65 3A 20 6D 61 6E 69 66 65 73 74 20 70 61 74 68 20 65 78 63 65 65 64 73 20 64 65 62 75 67 2D 63 6C 69 20 70 61 74 68 20 62 75 66 66 65 72 0A 00  6433          .byte "tkpkg failure: manifest path exceeds debug-cli path buffer", 10, 0  ; [section data]
----                             6434    ; [section data]
----                             6435  manifestPipelineTooLongText  ; [section data]
094F    74 6B 70 6B 67 20 66 61 69 6C 75 72 65 3A 20 6D 61 6E 69 66 65 73 74 20 70 69 70 65 6C 69 6E 65 20 65 78 63 65 65 64 73 20 64 65 62 75 67 2D 63 6C 69 20 62 75 66 66 65 72 0A 00  6436          .byte "tkpkg failure: manifest pipeline exceeds debug-cli buffer", 10, 0  ; [section data]
----                             6437    ; [section data]
----                             6438  manifestFormatFailureText  ; [section data]
098A    74 6B 70 6B 67 20 66 61 69 6C 75 72 65 3A 20 6D 61 6E 69 66 65 73 74 20 65 6E 74 72 79 20 72 65 71 75 69 72 65 73 20 63 70 75 2C 20 74 61 62 2C 20 61 6E 64 20 70 61 74 68 0A 00  6439          .byte "tkpkg failure: manifest entry requires cpu, tab, and path", 10, 0  ; [section data]
----                             6440    ; [section data]
----                             6441  manifestFileText  ; [section data]
09C5    54 4B 50 4B 47 20 6D 61 6E 69 66 65 73 74 20 66 69 6C 65 20 00  6442          .byte "TKPKG manifest file ", 0  ; [section data]
----                             6443    ; [section data]
----                             6444  manifestOpenOkText  ; [section data]
09DA    54 4B 50 4B 47 20 6D 61 6E 69 66 65 73 74 20 6F 70 65 6E 20 4F 4B 0A 00  6445          .byte "TKPKG manifest open OK", 10, 0  ; [section data]
----                             6446    ; [section data]
----                             6447  manifestReadOkText  ; [section data]
09F2    54 4B 50 4B 47 20 6D 61 6E 69 66 65 73 74 20 72 65 61 64 20 4F 4B 0A 00  6448          .byte "TKPKG manifest read OK", 10, 0  ; [section data]
----                             6449    ; [section data]
----                             6450  manifestPipelineBeginText  ; [section data]
0A0A    54 4B 50 4B 47 20 6D 61 6E 69 66 65 73 74 20 73 65 74 5F 70 69 70 65 6C 69 6E 65 20 62 65 67 69 6E 20 00  6451          .byte "TKPKG manifest set_pipeline begin ", 0  ; [section data]
----                             6452    ; [section data]
----                             6453  manifestPipelineOkText  ; [section data]
0A2D    54 4B 50 4B 47 20 6D 61 6E 69 66 65 73 74 20 73 65 74 5F 70 69 70 65 6C 69 6E 65 20 4F 4B 0A 00  6454          .byte "TKPKG manifest set_pipeline OK", 10, 0  ; [section data]
----                             6455    ; [section data]
----                             6456  manifestTokenizeBeginText  ; [section data]
0A4D    54 4B 50 4B 47 20 6D 61 6E 69 66 65 73 74 20 74 6F 6B 65 6E 69 7A 65 5F 66 69 6C 65 20 62 65 67 69 6E 0A 00  6457          .byte "TKPKG manifest tokenize_file begin", 10, 0  ; [section data]
----                             6458    ; [section data]
----                             6459  manifestTokenizeOkText  ; [section data]
0A71    54 4B 50 4B 47 20 6D 61 6E 69 66 65 73 74 20 74 6F 6B 65 6E 69 7A 65 5F 66 69 6C 65 20 4F 4B 0A 00  6460          .byte "TKPKG manifest tokenize_file OK", 10, 0  ; [section data]
----                             6461    ; [section data]
----                             6462  lineTooLongText  ; [section data]
0A92    74 6B 70 6B 67 20 66 61 69 6C 75 72 65 3A 20 69 6E 70 75 74 20 6C 69 6E 65 20 65 78 63 65 65 64 73 20 74 6F 6B 65 6E 69 7A 65 5F 6C 69 6E 65 20 70 61 79 6C 6F 61 64 20 62 75 64 67 65 74 0A 00  6463          .byte "tkpkg failure: input line exceeds tokenize_line payload budget", 10, 0  ; [section data]
----                             6464    ; [section data]
----                             6465  newlineText  ; [section data]
0AD2    0A 00                    6466          .byte 10, 0  ; [section data]
----                             6467    ; [section data]
0AD4    +0000                    6468          .align 2  ; [section data]
----                             6469    ; [section data]
----                             6470  debugCliDosBase  ; [section data]
0AD4    00 00 00 00              6471          .long 0  ; [section data]
----                             6472    ; [section data]
----                             6473  debugCliReturnCode  ; [section data]
0AD8    00 00 00 14              6474          .long RETURN_FAIL  ; [section data]
----                             6475    ; [section data]
----                             6476  debugCliFileModeEnabled  ; [section data]
0ADC    00 00 00 00              6477          .long 0  ; [section data]
----                             6478    ; [section data]
----                             6479  tkpkgDebugCliPackageLen  ; [section data]
0AE0    0F B9                    6480          .word TKPKG_DEBUG_CLI_PACKAGE_LEN  ; [section data]
----                             6481    ; [section data]
----                             6482  setPipelineRequest  ; [section data]
0AE2    6D 36 38 30 32 30 00 6D 6F 74 6F 72 6F 6C 61 36 38 6B  6483          .byte "m68020", 0, "motorola68k"  ; [section data]
----                             6484  setPipelineRequestEnd  ; [section data]
----                             6485    ; [section data]
----                             6486  tokenizeLineRequest  ; [section data]
0AF4    2A 00 00 00              6487          .byte TOKENIZE_LINE_SAMPLE_LINE_NUM, 0, 0, 0  ; [section data]
0AF8    6D 6F 76 65 2E 62 20 64 30 2C 64 31  6488          .byte "move.b d0,d1"  ; [section data]
----                             6489  tokenizeLineRequestEnd  ; [section data]
----                             6490    ; [section data]
0B04    +0000                    6491          .align 2  ; [section data]
----                             6492  tkpkgDebugCliPackageData  ; [section data]
0B04    4F 50 43 50 01 00 34 12 10 00 00 00 4D 45 54 41  6493  .byte $4F, $50, $43, $50, $01, $00, $34, $12, $10, $00, $00, $00, $4D, $45, $54, $41  ; [section data]
0B14    CC 00 00 00 22 00 00 00 53 54 52 53 EE 00 00 00  6494  .byte $CC, $00, $00, $00, $22, $00, $00, $00, $53, $54, $52, $53, $EE, $00, $00, $00  ; [section data]
0B24    04 00 00 00 44 49 41 47 F2 00 00 00 6E 05 00 00  6495  .byte $04, $00, $00, $00, $44, $49, $41, $47, $F2, $00, $00, $00, $6E, $05, $00, $00  ; [section data]
0B34    54 4F 4B 53 60 06 00 00 C2 00 00 00 54 4B 56 4D  6496  .byte $54, $4F, $4B, $53, $60, $06, $00, $00, $C2, $00, $00, $00, $54, $4B, $56, $4D  ; [section data]
0B44    22 07 00 00 B8 00 00 00 50 41 52 53 DA 07 00 00  6497  .byte $22, $07, $00, $00, $B8, $00, $00, $00, $50, $41, $52, $53, $DA, $07, $00, $00  ; [section data]
0B54    6E 00 00 00 50 52 56 4D 48 08 00 00 57 00 00 00  6498  .byte $6E, $00, $00, $00, $50, $52, $56, $4D, $48, $08, $00, $00, $57, $00, $00, $00  ; [section data]
0B64    45 58 50 52 9F 08 00 00 78 00 00 00 45 58 50 50  6499  .byte $45, $58, $50, $52, $9F, $08, $00, $00, $78, $00, $00, $00, $45, $58, $50, $50  ; [section data]
0B74    17 09 00 00 22 00 00 00 46 41 4D 53 39 09 00 00  6500  .byte $17, $09, $00, $00, $22, $00, $00, $00, $46, $41, $4D, $53, $39, $09, $00, $00  ; [section data]
0B84    24 00 00 00 43 50 55 53 5D 09 00 00 06 01 00 00  6501  .byte $24, $00, $00, $00, $43, $50, $55, $53, $5D, $09, $00, $00, $06, $01, $00, $00  ; [section data]
0B94    44 49 41 4C 63 0A 00 00 25 00 00 00 52 45 47 53  6502  .byte $44, $49, $41, $4C, $63, $0A, $00, $00, $25, $00, $00, $00, $52, $45, $47, $53  ; [section data]
0BA4    88 0A 00 00 25 05 00 00 46 4F 52 4D AD 0F 00 00  6503  .byte $88, $0A, $00, $00, $25, $05, $00, $00, $46, $4F, $52, $4D, $AD, $0F, $00, $00  ; [section data]
0BB4    04 00 00 00 54 41 42 4C B1 0F 00 00 04 00 00 00  6504  .byte $04, $00, $00, $00, $54, $41, $42, $4C, $B1, $0F, $00, $00, $04, $00, $00, $00  ; [section data]
0BC4    4D 53 45 4C B5 0F 00 00 04 00 00 00 11 00 00 00  6505  .byte $4D, $53, $45, $4C, $B5, $0F, $00, $00, $04, $00, $00, $00, $11, $00, $00, $00  ; [section data]
0BD4    6F 70 66 6F 72 67 65 2E 67 65 6E 65 72 61 74 65  6506  .byte $6F, $70, $66, $6F, $72, $67, $65, $2E, $67, $65, $6E, $65, $72, $61, $74, $65  ; [section data]
0BE4    64 05 00 00 00 30 2E 31 2E 30 00 00 00 00 00 00  6507  .byte $64, $05, $00, $00, $00, $30, $2E, $31, $2E, $30, $00, $00, $00, $00, $00, $00  ; [section data]
0BF4    00 00 1F 00 00 00 06 00 00 00 61 73 6D 30 30 31  6508  .byte $00, $00, $1F, $00, $00, $00, $06, $00, $00, $00, $61, $73, $6D, $30, $30, $31  ; [section data]
0C04    2D 00 00 00 65 72 72 6F 72 73 20 64 65 74 65 63  6509  .byte $2D, $00, $00, $00, $65, $72, $72, $6F, $72, $73, $20, $64, $65, $74, $65, $63  ; [section data]
0C14    74 65 64 20 69 6E 20 73 6F 75 72 63 65 3B 20 6F  6510  .byte $74, $65, $64, $20, $69, $6E, $20, $73, $6F, $75, $72, $63, $65, $3B, $20, $6F  ; [section data]
0C24    75 74 70 75 74 20 6E 6F 74 20 63 72 65 61 74 65  6511  .byte $75, $74, $70, $75, $74, $20, $6E, $6F, $74, $20, $63, $72, $65, $61, $74, $65  ; [section data]
0C34    64 06 00 00 00 61 73 6D 31 30 31 1A 00 00 00 69  6512  .byte $64, $06, $00, $00, $00, $61, $73, $6D, $31, $30, $31, $1A, $00, $00, $00, $69  ; [section data]
0C44    6E 76 61 6C 69 64 20 63 6F 6D 6D 61 6E 64 2D 6C  6513  .byte $6E, $76, $61, $6C, $69, $64, $20, $63, $6F, $6D, $6D, $61, $6E, $64, $2D, $6C  ; [section data]
0C54    69 6E 65 20 75 73 61 67 65 06 00 00 00 61 73 6D  6514  .byte $69, $6E, $65, $20, $75, $73, $61, $67, $65, $06, $00, $00, $00, $61, $73, $6D  ; [section data]
0C64    31 30 32 27 00 00 00 70 72 65 70 72 6F 63 65 73  6515  .byte $31, $30, $32, $27, $00, $00, $00, $70, $72, $65, $70, $72, $6F, $63, $65, $73  ; [section data]
0C74    73 6F 72 20 6F 72 20 6D 61 63 72 6F 20 65 78 70  6516  .byte $73, $6F, $72, $20, $6F, $72, $20, $6D, $61, $63, $72, $6F, $20, $65, $78, $70  ; [section data]
0C84    61 6E 73 69 6F 6E 20 66 61 69 6C 75 72 65 06 00  6517  .byte $61, $6E, $73, $69, $6F, $6E, $20, $66, $61, $69, $6C, $75, $72, $65, $06, $00  ; [section data]
0C94    00 00 61 73 6D 32 30 31 1B 00 00 00 63 6F 6E 64  6518  .byte $00, $00, $61, $73, $6D, $32, $30, $31, $1B, $00, $00, $00, $63, $6F, $6E, $64  ; [section data]
0CA4    69 74 69 6F 6E 61 6C 20 73 74 72 75 63 74 75 72  6519  .byte $69, $74, $69, $6F, $6E, $61, $6C, $20, $73, $74, $72, $75, $63, $74, $75, $72  ; [section data]
0CB4    65 20 65 72 72 6F 72 06 00 00 00 61 73 6D 32 30  6520  .byte $65, $20, $65, $72, $72, $6F, $72, $06, $00, $00, $00, $61, $73, $6D, $32, $30  ; [section data]
0CC4    32 19 00 00 00 64 69 72 65 63 74 69 76 65 20 73  6521  .byte $32, $19, $00, $00, $00, $64, $69, $72, $65, $63, $74, $69, $76, $65, $20, $73  ; [section data]
0CD4    74 72 75 63 74 75 72 65 20 65 72 72 6F 72 06 00  6522  .byte $74, $72, $75, $63, $74, $75, $72, $65, $20, $65, $72, $72, $6F, $72, $06, $00  ; [section data]
0CE4    00 00 61 73 6D 33 30 31 17 00 00 00 73 79 6D 62  6523  .byte $00, $00, $61, $73, $6D, $33, $30, $31, $17, $00, $00, $00, $73, $79, $6D, $62  ; [section data]
0CF4    6F 6C 20 72 65 73 6F 6C 75 74 69 6F 6E 20 65 72  6524  .byte $6F, $6C, $20, $72, $65, $73, $6F, $6C, $75, $74, $69, $6F, $6E, $20, $65, $72  ; [section data]
0D04    72 6F 72 06 00 00 00 61 73 6D 34 30 31 1B 00 00  6525  .byte $72, $6F, $72, $06, $00, $00, $00, $61, $73, $6D, $34, $30, $31, $1B, $00, $00  ; [section data]
0D14    00 65 78 70 72 65 73 73 69 6F 6E 20 65 76 61 6C  6526  .byte $00, $65, $78, $70, $72, $65, $73, $73, $69, $6F, $6E, $20, $65, $76, $61, $6C  ; [section data]
0D24    75 61 74 69 6F 6E 20 65 72 72 6F 72 06 00 00 00  6527  .byte $75, $61, $74, $69, $6F, $6E, $20, $65, $72, $72, $6F, $72, $06, $00, $00, $00  ; [section data]
0D34    61 73 6D 34 30 32 1A 00 00 00 69 6E 73 74 72 75  6528  .byte $61, $73, $6D, $34, $30, $32, $1A, $00, $00, $00, $69, $6E, $73, $74, $72, $75  ; [section data]
0D44    63 74 69 6F 6E 20 65 6E 63 6F 64 69 6E 67 20 65  6529  .byte $63, $74, $69, $6F, $6E, $20, $65, $6E, $63, $6F, $64, $69, $6E, $67, $20, $65  ; [section data]
0D54    72 72 6F 72 06 00 00 00 61 73 6D 35 30 31 12 00  6530  .byte $72, $72, $6F, $72, $06, $00, $00, $00, $61, $73, $6D, $35, $30, $31, $12, $00  ; [section data]
0D64    00 00 69 6E 70 75 74 2F 6F 75 74 70 75 74 20 65  6531  .byte $00, $00, $69, $6E, $70, $75, $74, $2F, $6F, $75, $74, $70, $75, $74, $20, $65  ; [section data]
0D74    72 72 6F 72 06 00 00 00 6F 70 65 30 30 31 1C 00  6532  .byte $72, $72, $6F, $72, $06, $00, $00, $00, $6F, $70, $65, $30, $30, $31, $1C, $00  ; [section data]
0D84    00 00 69 6E 76 61 6C 69 64 20 65 78 70 72 65 73  6533  .byte $00, $00, $69, $6E, $76, $61, $6C, $69, $64, $20, $65, $78, $70, $72, $65, $73  ; [section data]
0D94    73 69 6F 6E 20 56 4D 20 6F 70 63 6F 64 65 06 00  6534  .byte $73, $69, $6F, $6E, $20, $56, $4D, $20, $6F, $70, $63, $6F, $64, $65, $06, $00  ; [section data]
0DA4    00 00 6F 70 65 30 30 32 1D 00 00 00 65 78 70 72  6535  .byte $00, $00, $6F, $70, $65, $30, $30, $32, $1D, $00, $00, $00, $65, $78, $70, $72  ; [section data]
0DB4    65 73 73 69 6F 6E 20 56 4D 20 73 74 61 63 6B 20  6536  .byte $65, $73, $73, $69, $6F, $6E, $20, $56, $4D, $20, $73, $74, $61, $63, $6B, $20  ; [section data]
0DC4    75 6E 64 65 72 66 6C 6F 77 06 00 00 00 6F 70 65  6537  .byte $75, $6E, $64, $65, $72, $66, $6C, $6F, $77, $06, $00, $00, $00, $6F, $70, $65  ; [section data]
0DD4    30 30 33 22 00 00 00 65 78 70 72 65 73 73 69 6F  6538  .byte $30, $30, $33, $22, $00, $00, $00, $65, $78, $70, $72, $65, $73, $73, $69, $6F  ; [section data]
0DE4    6E 20 56 4D 20 73 74 61 63 6B 20 64 65 70 74 68  6539  .byte $6E, $20, $56, $4D, $20, $73, $74, $61, $63, $6B, $20, $64, $65, $70, $74, $68  ; [section data]
0DF4    20 65 78 63 65 65 64 65 64 06 00 00 00 6F 70 65  6540  .byte $20, $65, $78, $63, $65, $65, $64, $65, $64, $06, $00, $00, $00, $6F, $70, $65  ; [section data]
0E04    30 30 34 1B 00 00 00 75 6E 64 65 66 69 6E 65 64  6541  .byte $30, $30, $34, $1B, $00, $00, $00, $75, $6E, $64, $65, $66, $69, $6E, $65, $64  ; [section data]
0E14    20 65 78 70 72 65 73 73 69 6F 6E 20 73 79 6D 62  6542  .byte $20, $65, $78, $70, $72, $65, $73, $73, $69, $6F, $6E, $20, $73, $79, $6D, $62  ; [section data]
0E24    6F 6C 06 00 00 00 6F 70 65 30 30 35 20 00 00 00  6543  .byte $6F, $6C, $06, $00, $00, $00, $6F, $70, $65, $30, $30, $35, $20, $00, $00, $00  ; [section data]
0E34    65 78 70 72 65 73 73 69 6F 6E 20 56 4D 20 65 76  6544  .byte $65, $78, $70, $72, $65, $73, $73, $69, $6F, $6E, $20, $56, $4D, $20, $65, $76  ; [section data]
0E44    61 6C 75 61 74 69 6F 6E 20 66 61 69 6C 75 72 65  6545  .byte $61, $6C, $75, $61, $74, $69, $6F, $6E, $20, $66, $61, $69, $6C, $75, $72, $65  ; [section data]
0E54    06 00 00 00 6F 70 65 30 30 36 21 00 00 00 65 78  6546  .byte $06, $00, $00, $00, $6F, $70, $65, $30, $30, $36, $21, $00, $00, $00, $65, $78  ; [section data]
0E64    70 72 65 73 73 69 6F 6E 20 56 4D 20 75 6E 73 75  6547  .byte $70, $72, $65, $73, $73, $69, $6F, $6E, $20, $56, $4D, $20, $75, $6E, $73, $75  ; [section data]
0E74    70 70 6F 72 74 65 64 20 66 65 61 74 75 72 65 06  6548  .byte $70, $70, $6F, $72, $74, $65, $64, $20, $66, $65, $61, $74, $75, $72, $65, $06  ; [section data]
0E84    00 00 00 6F 70 65 30 30 37 1D 00 00 00 65 78 70  6549  .byte $00, $00, $00, $6F, $70, $65, $30, $30, $37, $1D, $00, $00, $00, $65, $78, $70  ; [section data]
0E94    72 65 73 73 69 6F 6E 20 56 4D 20 62 75 64 67 65  6550  .byte $72, $65, $73, $73, $69, $6F, $6E, $20, $56, $4D, $20, $62, $75, $64, $67, $65  ; [section data]
0EA4    74 20 65 78 63 65 65 64 65 64 06 00 00 00 6F 70  6551  .byte $74, $20, $65, $78, $63, $65, $65, $64, $65, $64, $06, $00, $00, $00, $6F, $70  ; [section data]
0EB4    65 30 30 38 20 00 00 00 65 78 70 72 65 73 73 69  6552  .byte $65, $30, $30, $38, $20, $00, $00, $00, $65, $78, $70, $72, $65, $73, $73, $69  ; [section data]
0EC4    6F 6E 20 56 4D 20 70 72 6F 67 72 61 6D 20 69 73  6553  .byte $6F, $6E, $20, $56, $4D, $20, $70, $72, $6F, $67, $72, $61, $6D, $20, $69, $73  ; [section data]
0ED4    20 69 6E 76 61 6C 69 64 06 00 00 00 6F 74 70 30  6554  .byte $20, $69, $6E, $76, $61, $6C, $69, $64, $06, $00, $00, $00, $6F, $74, $70, $30  ; [section data]
0EE4    30 31 10 00 00 00 75 6E 65 78 70 65 63 74 65 64  6555  .byte $30, $31, $10, $00, $00, $00, $75, $6E, $65, $78, $70, $65, $63, $74, $65, $64  ; [section data]
0EF4    20 74 6F 6B 65 6E 06 00 00 00 6F 74 70 30 30 32  6556  .byte $20, $74, $6F, $6B, $65, $6E, $06, $00, $00, $00, $6F, $74, $70, $30, $30, $32  ; [section data]
0F04    13 00 00 00 65 78 70 65 63 74 65 64 20 65 78 70  6557  .byte $13, $00, $00, $00, $65, $78, $70, $65, $63, $74, $65, $64, $20, $65, $78, $70  ; [section data]
0F14    72 65 73 73 69 6F 6E 06 00 00 00 6F 74 70 30 30  6558  .byte $72, $65, $73, $73, $69, $6F, $6E, $06, $00, $00, $00, $6F, $74, $70, $30, $30  ; [section data]
0F24    33 10 00 00 00 65 78 70 65 63 74 65 64 20 6F 70  6559  .byte $33, $10, $00, $00, $00, $65, $78, $70, $65, $63, $74, $65, $64, $20, $6F, $70  ; [section data]
0F34    65 72 61 6E 64 06 00 00 00 6F 74 70 30 30 34 11  6560  .byte $65, $72, $61, $6E, $64, $06, $00, $00, $00, $6F, $74, $70, $30, $30, $34, $11  ; [section data]
0F44    00 00 00 69 6E 76 61 6C 69 64 20 73 74 61 74 65  6561  .byte $00, $00, $00, $69, $6E, $76, $61, $6C, $69, $64, $20, $73, $74, $61, $74, $65  ; [section data]
0F54    6D 65 6E 74 06 00 00 00 4F 54 52 30 30 31 21 00  6562  .byte $6D, $65, $6E, $74, $06, $00, $00, $00, $4F, $54, $52, $30, $30, $31, $21, $00  ; [section data]
0F64    00 00 6D 69 73 73 69 6E 67 20 56 4D 20 70 72 6F  6563  .byte $00, $00, $6D, $69, $73, $73, $69, $6E, $67, $20, $56, $4D, $20, $70, $72, $6F  ; [section data]
0F74    67 72 61 6D 20 66 6F 72 20 7B 6D 6E 65 6D 6F 6E  6564  .byte $67, $72, $61, $6D, $20, $66, $6F, $72, $20, $7B, $6D, $6E, $65, $6D, $6F, $6E  ; [section data]
0F84    69 63 7D 06 00 00 00 4F 54 52 30 30 32 42 00 00  6565  .byte $69, $63, $7D, $06, $00, $00, $00, $4F, $54, $52, $30, $30, $32, $42, $00, $00  ; [section data]
0F94    00 45 78 70 6C 69 63 69 74 20 61 64 64 72 65 73  6566  .byte $00, $45, $78, $70, $6C, $69, $63, $69, $74, $20, $61, $64, $64, $72, $65, $73  ; [section data]
0FA4    73 69 6E 67 20 6F 76 65 72 72 69 64 65 20 27 2C  6567  .byte $73, $69, $6E, $67, $20, $6F, $76, $65, $72, $72, $69, $64, $65, $20, $27, $2C  ; [section data]
0FB4    7B 66 6F 72 63 65 7D 27 20 69 73 20 6E 6F 74 20  6568  .byte $7B, $66, $6F, $72, $63, $65, $7D, $27, $20, $69, $73, $20, $6E, $6F, $74, $20  ; [section data]
0FC4    76 61 6C 69 64 20 66 6F 72 20 7B 63 6F 6E 74 65  6569  .byte $76, $61, $6C, $69, $64, $20, $66, $6F, $72, $20, $7B, $63, $6F, $6E, $74, $65  ; [section data]
0FD4    78 74 7D 06 00 00 00 4F 54 52 30 30 33 31 00 00  6570  .byte $78, $74, $7D, $06, $00, $00, $00, $4F, $54, $52, $30, $30, $33, $31, $00, $00  ; [section data]
0FE4    00 36 35 38 31 36 2D 6F 6E 6C 79 20 61 64 64 72  6571  .byte $00, $36, $35, $38, $31, $36, $2D, $6F, $6E, $6C, $79, $20, $61, $64, $64, $72  ; [section data]
0FF4    65 73 73 69 6E 67 20 6D 6F 64 65 20 6E 6F 74 20  6572  .byte $65, $73, $73, $69, $6E, $67, $20, $6D, $6F, $64, $65, $20, $6E, $6F, $74, $20  ; [section data]
1004    73 75 70 70 6F 72 74 65 64 20 6F 6E 20 36 35 43  6573  .byte $73, $75, $70, $70, $6F, $72, $74, $65, $64, $20, $6F, $6E, $20, $36, $35, $43  ; [section data]
1014    30 32 06 00 00 00 4F 54 52 30 30 34 35 00 00 00  6574  .byte $30, $32, $06, $00, $00, $00, $4F, $54, $52, $30, $30, $34, $35, $00, $00, $00  ; [section data]
1024    36 35 38 31 36 2D 6F 6E 6C 79 20 61 64 64 72 65  6575  .byte $36, $35, $38, $31, $36, $2D, $6F, $6E, $6C, $79, $20, $61, $64, $64, $72, $65  ; [section data]
1034    73 73 69 6E 67 20 6D 6F 64 65 20 6E 6F 74 20 73  6576  .byte $73, $73, $69, $6E, $67, $20, $6D, $6F, $64, $65, $20, $6E, $6F, $74, $20, $73  ; [section data]
1044    75 70 70 6F 72 74 65 64 20 6F 6E 20 62 61 73 65  6577  .byte $75, $70, $70, $6F, $72, $74, $65, $64, $20, $6F, $6E, $20, $62, $61, $73, $65  ; [section data]
1054    20 36 35 30 32 06 00 00 00 6F 74 74 30 30 31 1B  6578  .byte $20, $36, $35, $30, $32, $06, $00, $00, $00, $6F, $74, $74, $30, $30, $31, $1B  ; [section data]
1064    00 00 00 69 6E 76 61 6C 69 64 20 74 6F 6B 65 6E  6579  .byte $00, $00, $00, $69, $6E, $76, $61, $6C, $69, $64, $20, $74, $6F, $6B, $65, $6E  ; [section data]
1074    69 7A 65 72 20 63 68 61 72 61 63 74 65 72 06 00  6580  .byte $69, $7A, $65, $72, $20, $63, $68, $61, $72, $61, $63, $74, $65, $72, $06, $00  ; [section data]
1084    00 00 6F 74 74 30 30 32 1B 00 00 00 75 6E 74 65  6581  .byte $00, $00, $6F, $74, $74, $30, $30, $32, $1B, $00, $00, $00, $75, $6E, $74, $65  ; [section data]
1094    72 6D 69 6E 61 74 65 64 20 73 74 72 69 6E 67 20  6582  .byte $72, $6D, $69, $6E, $61, $74, $65, $64, $20, $73, $74, $72, $69, $6E, $67, $20  ; [section data]
10A4    6C 69 74 65 72 61 6C 06 00 00 00 6F 74 74 30 30  6583  .byte $6C, $69, $74, $65, $72, $61, $6C, $06, $00, $00, $00, $6F, $74, $74, $30, $30  ; [section data]
10B4    33 1E 00 00 00 74 6F 6B 65 6E 69 7A 65 72 20 73  6584  .byte $33, $1E, $00, $00, $00, $74, $6F, $6B, $65, $6E, $69, $7A, $65, $72, $20, $73  ; [section data]
10C4    74 65 70 20 62 75 64 67 65 74 20 65 78 63 65 65  6585  .byte $74, $65, $70, $20, $62, $75, $64, $67, $65, $74, $20, $65, $78, $63, $65, $65  ; [section data]
10D4    64 65 64 06 00 00 00 6F 74 74 30 30 34 1F 00 00  6586  .byte $64, $65, $64, $06, $00, $00, $00, $6F, $74, $74, $30, $30, $34, $1F, $00, $00  ; [section data]
10E4    00 74 6F 6B 65 6E 69 7A 65 72 20 74 6F 6B 65 6E  6587  .byte $00, $74, $6F, $6B, $65, $6E, $69, $7A, $65, $72, $20, $74, $6F, $6B, $65, $6E  ; [section data]
10F4    20 62 75 64 67 65 74 20 65 78 63 65 65 64 65 64  6588  .byte $20, $62, $75, $64, $67, $65, $74, $20, $65, $78, $63, $65, $65, $64, $65, $64  ; [section data]
1104    06 00 00 00 6F 74 74 30 30 35 20 00 00 00 74 6F  6589  .byte $06, $00, $00, $00, $6F, $74, $74, $30, $30, $35, $20, $00, $00, $00, $74, $6F  ; [section data]
1114    6B 65 6E 69 7A 65 72 20 6C 65 78 65 6D 65 20 62  6590  .byte $6B, $65, $6E, $69, $7A, $65, $72, $20, $6C, $65, $78, $65, $6D, $65, $20, $62  ; [section data]
1124    75 64 67 65 74 20 65 78 63 65 65 64 65 64 06 00  6591  .byte $75, $64, $67, $65, $74, $20, $65, $78, $63, $65, $65, $64, $65, $64, $06, $00  ; [section data]
1134    00 00 6F 74 74 30 30 36 24 00 00 00 74 6F 6B 65  6592  .byte $00, $00, $6F, $74, $74, $30, $30, $36, $24, $00, $00, $00, $74, $6F, $6B, $65  ; [section data]
1144    6E 69 7A 65 72 20 64 69 61 67 6E 6F 73 74 69 63  6593  .byte $6E, $69, $7A, $65, $72, $20, $64, $69, $61, $67, $6E, $6F, $73, $74, $69, $63  ; [section data]
1154    20 62 75 64 67 65 74 20 65 78 63 65 65 64 65 64  6594  .byte $20, $62, $75, $64, $67, $65, $74, $20, $65, $78, $63, $65, $65, $64, $65, $64  ; [section data]
1164    01 00 00 00 00 0D 00 00 00 6D 6F 74 6F 72 6F 6C  6595  .byte $01, $00, $00, $00, $00, $0D, $00, $00, $00, $6D, $6F, $74, $6F, $72, $6F, $6C  ; [section data]
1174    61 36 38 30 30 30 01 25 00 00 00 3F 00 00 00 18  6596  .byte $61, $36, $38, $30, $30, $30, $01, $25, $00, $00, $00, $3F, $00, $00, $00, $18  ; [section data]
1184    00 00 00 21 23 25 26 28 29 2A 2B 2C 2D 2E 2F 3A  6597  .byte $00, $00, $00, $21, $23, $25, $26, $28, $29, $2A, $2B, $2C, $2D, $2E, $2F, $3A  ; [section data]
1194    3B 3C 3D 3E 5B 5D 5E 7B 7C 7D 7E FF 01 00 00 00  6598  .byte $3B, $3C, $3D, $3E, $5B, $5D, $5E, $7B, $7C, $7D, $7E, $FF, $01, $00, $00, $00  ; [section data]
11A4    3B 02 00 00 00 22 27 01 5C 03 00 00 00 24 25 40  6599  .byte $3B, $02, $00, $00, $00, $22, $27, $01, $5C, $03, $00, $00, $00, $24, $25, $40  ; [section data]
11B4    02 00 00 00 42 62 04 00 00 00 4F 51 6F 71 02 00  6600  .byte $02, $00, $00, $00, $42, $62, $04, $00, $00, $00, $4F, $51, $6F, $71, $02, $00  ; [section data]
11C4    00 00 44 64 02 00 00 00 48 68 0E 00 00 00 21 25  6601  .byte $00, $00, $44, $64, $02, $00, $00, $00, $48, $68, $0E, $00, $00, $00, $21, $25  ; [section data]
11D4    26 2A 2B 2D 2F 3C 3D 3E 3F 5E 7C 7E 0B 00 00 00  6602  .byte $26, $2A, $2B, $2D, $2F, $3C, $3D, $3E, $3F, $5E, $7C, $7E, $0B, $00, $00, $00  ; [section data]
11E4    02 00 00 00 21 3D 02 00 00 00 26 26 02 00 00 00  6603  .byte $02, $00, $00, $00, $21, $3D, $02, $00, $00, $00, $26, $26, $02, $00, $00, $00  ; [section data]
11F4    2A 2A 02 00 00 00 3C 3C 02 00 00 00 3C 3D 02 00  6604  .byte $2A, $2A, $02, $00, $00, $00, $3C, $3C, $02, $00, $00, $00, $3C, $3D, $02, $00  ; [section data]
1204    00 00 3C 3E 02 00 00 00 3D 3D 02 00 00 00 3E 3D  6605  .byte $00, $00, $3C, $3E, $02, $00, $00, $00, $3D, $3D, $02, $00, $00, $00, $3E, $3D  ; [section data]
1214    02 00 00 00 3E 3E 02 00 00 00 5E 5E 02 00 00 00  6606  .byte $02, $00, $00, $00, $3E, $3E, $02, $00, $00, $00, $5E, $5E, $02, $00, $00, $00  ; [section data]
1224    7C 7C 01 00 00 00 00 0D 00 00 00 6D 6F 74 6F 72  6607  .byte $7C, $7C, $01, $00, $00, $00, $00, $0D, $00, $00, $00, $6D, $6F, $74, $6F, $72  ; [section data]
1234    6F 6C 61 36 38 30 30 30 01 00 00 00 01 00 00 00  6608  .byte $6F, $6C, $61, $36, $38, $30, $30, $30, $01, $00, $00, $00, $01, $00, $00, $00  ; [section data]
1244    00 00 00 00 01 00 01 00 08 00 00 00 01 00 00 00  6609  .byte $00, $00, $00, $00, $01, $00, $01, $00, $08, $00, $00, $00, $01, $00, $00, $00  ; [section data]
1254    04 00 00 10 00 00 00 06 00 00 00 6F 74 74 30 30  6610  .byte $04, $00, $00, $10, $00, $00, $00, $06, $00, $00, $00, $6F, $74, $74, $30, $30  ; [section data]
1264    31 06 00 00 00 6F 74 74 30 30 32 06 00 00 00 6F  6611  .byte $31, $06, $00, $00, $00, $6F, $74, $74, $30, $30, $32, $06, $00, $00, $00, $6F  ; [section data]
1274    74 74 30 30 33 06 00 00 00 6F 74 74 30 30 34 06  6612  .byte $74, $74, $30, $30, $33, $06, $00, $00, $00, $6F, $74, $74, $30, $30, $34, $06  ; [section data]
1284    00 00 00 6F 74 74 30 30 35 06 00 00 00 6F 74 74  6613  .byte $00, $00, $00, $6F, $74, $74, $30, $30, $35, $06, $00, $00, $00, $6F, $74, $74  ; [section data]
1294    30 30 36 43 00 00 00 01 08 42 00 00 00 0A 01 2A  6614  .byte $30, $30, $36, $43, $00, $00, $00, $01, $08, $42, $00, $00, $00, $0A, $01, $2A  ; [section data]
12A4    00 00 00 09 2E 24 00 00 00 0A 02 30 00 00 00 0A  6615  .byte $00, $00, $00, $09, $2E, $24, $00, $00, $00, $0A, $02, $30, $00, $00, $00, $0A  ; [section data]
12B4    04 36 00 00 00 0A 05 3C 00 00 00 12 07 00 00 00  6616  .byte $04, $36, $00, $00, $00, $0A, $05, $3C, $00, $00, $00, $12, $07, $00, $00, $00  ; [section data]
12C4    00 02 07 00 00 00 00 0F 07 00 00 00 00 10 07 00  6617  .byte $00, $02, $07, $00, $00, $00, $00, $0F, $07, $00, $00, $00, $00, $10, $07, $00  ; [section data]
12D4    00 00 00 11 07 00 00 00 00 00 01 00 00 00 00 0D  6618  .byte $00, $00, $00, $11, $07, $00, $00, $00, $00, $00, $01, $00, $00, $00, $00, $0D  ; [section data]
12E4    00 00 00 6D 6F 74 6F 72 6F 6C 61 36 38 30 30 30  6619  .byte $00, $00, $00, $6D, $6F, $74, $6F, $72, $6F, $6C, $61, $36, $38, $30, $30, $30  ; [section data]
12F4    0F 00 00 00 6F 70 66 6F 72 67 65 2E 6C 69 6E 65  6620  .byte $0F, $00, $00, $00, $6F, $70, $66, $6F, $72, $67, $65, $2E, $6C, $69, $6E, $65  ; [section data]
1304    2E 76 31 13 00 00 00 6F 70 66 6F 72 67 65 2E 61  6621  .byte $2E, $76, $31, $13, $00, $00, $00, $6F, $70, $66, $6F, $72, $67, $65, $2E, $61  ; [section data]
1314    73 74 2E 6C 69 6E 65 2E 76 31 02 00 00 04 00 00  6622  .byte $73, $74, $2E, $6C, $69, $6E, $65, $2E, $76, $31, $02, $00, $00, $04, $00, $00  ; [section data]
1324    06 00 00 00 6F 74 70 30 30 31 06 00 00 00 6F 74  6623  .byte $06, $00, $00, $00, $6F, $74, $70, $30, $30, $31, $06, $00, $00, $00, $6F, $74  ; [section data]
1334    70 30 30 32 06 00 00 00 6F 74 70 30 30 33 06 00  6624  .byte $70, $30, $30, $32, $06, $00, $00, $00, $6F, $74, $70, $30, $30, $33, $06, $00  ; [section data]
1344    00 00 6F 74 70 30 30 34 01 00 00 00 00 0D 00 00  6625  .byte $00, $00, $6F, $74, $70, $30, $30, $34, $01, $00, $00, $00, $00, $0D, $00, $00  ; [section data]
1354    00 6D 6F 74 6F 72 6F 6C 61 36 38 30 30 30 02 00  6626  .byte $00, $6D, $6F, $74, $6F, $72, $6F, $6C, $61, $36, $38, $30, $30, $30, $02, $00  ; [section data]
1364    3B 00 00 00 60 40 13 03 08 00 64 00 14 03 0E 00  6627  .byte $3B, $00, $00, $00, $60, $40, $13, $03, $08, $00, $64, $00, $14, $03, $0E, $00  ; [section data]
1374    66 00 15 03 24 00 33 04 2E 6F 72 67 62 20 22 02  6628  .byte $66, $00, $15, $03, $24, $00, $33, $04, $2E, $6F, $72, $67, $62, $20, $22, $02  ; [section data]
1384    41 50 FF FF FF FF 64 00 10 03 03 30 00 20 30 65  6629  .byte $41, $50, $FF, $FF, $FF, $FF, $64, $00, $10, $03, $03, $30, $00, $20, $30, $65  ; [section data]
1394    20 01 33 00 30 62 20 41 50 FF FF FF FF 64 00 01  6630  .byte $20, $01, $33, $00, $30, $62, $20, $41, $50, $FF, $FF, $FF, $FF, $64, $00, $01  ; [section data]
13A4    00 00 00 00 0D 00 00 00 6D 6F 74 6F 72 6F 6C 61  6631  .byte $00, $00, $00, $00, $0D, $00, $00, $00, $6D, $6F, $74, $6F, $72, $6F, $6C, $61  ; [section data]
13B4    36 38 30 30 30 01 00 00 08 00 00 40 00 00 00 80  6632  .byte $36, $38, $30, $30, $30, $01, $00, $00, $08, $00, $00, $40, $00, $00, $00, $80  ; [section data]
13C4    00 00 00 00 08 00 00 06 00 00 00 6F 70 65 30 30  6633  .byte $00, $00, $00, $00, $08, $00, $00, $06, $00, $00, $00, $6F, $70, $65, $30, $30  ; [section data]
13D4    31 06 00 00 00 6F 70 65 30 30 32 06 00 00 00 6F  6634  .byte $31, $06, $00, $00, $00, $6F, $70, $65, $30, $30, $32, $06, $00, $00, $00, $6F  ; [section data]
13E4    70 65 30 30 33 06 00 00 00 6F 70 65 30 30 34 06  6635  .byte $70, $65, $30, $30, $33, $06, $00, $00, $00, $6F, $70, $65, $30, $30, $34, $06  ; [section data]
13F4    00 00 00 6F 70 65 30 30 35 06 00 00 00 6F 70 65  6636  .byte $00, $00, $00, $6F, $70, $65, $30, $30, $35, $06, $00, $00, $00, $6F, $70, $65  ; [section data]
1404    30 30 36 06 00 00 00 6F 70 65 30 30 37 06 00 00  6637  .byte $30, $30, $36, $06, $00, $00, $00, $6F, $70, $65, $30, $30, $37, $06, $00, $00  ; [section data]
1414    00 6F 70 65 30 30 38 01 00 00 00 00 0D 00 00 00  6638  .byte $00, $6F, $70, $65, $30, $30, $38, $01, $00, $00, $00, $00, $0D, $00, $00, $00  ; [section data]
1424    6D 6F 74 6F 72 6F 6C 61 36 38 30 30 30 01 00 06  6639  .byte $6D, $6F, $74, $6F, $72, $6F, $6C, $61, $36, $38, $30, $30, $30, $01, $00, $06  ; [section data]
1434    00 00 00 6F 74 70 30 30 34 01 00 00 00 0D 00 00  6640  .byte $00, $00, $00, $6F, $74, $70, $30, $30, $34, $01, $00, $00, $00, $0D, $00, $00  ; [section data]
1444    00 6D 6F 74 6F 72 6F 6C 61 36 38 30 30 30 0B 00  6641  .byte $00, $6D, $6F, $74, $6F, $72, $6F, $6C, $61, $36, $38, $30, $30, $30, $0B, $00  ; [section data]
1454    00 00 6D 6F 74 6F 72 6F 6C 61 36 38 6B 06 00 00  6642  .byte $00, $00, $6D, $6F, $74, $6F, $72, $6F, $6C, $61, $36, $38, $6B, $06, $00, $00  ; [section data]
1464    00 06 00 00 00 6D 36 38 30 30 30 0D 00 00 00 6D  6643  .byte $00, $06, $00, $00, $00, $6D, $36, $38, $30, $30, $30, $0D, $00, $00, $00, $6D  ; [section data]
1474    6F 74 6F 72 6F 6C 61 36 38 30 30 30 01 0B 00 00  6644  .byte $6F, $74, $6F, $72, $6F, $6C, $61, $36, $38, $30, $30, $30, $01, $0B, $00, $00  ; [section data]
1484    00 6D 6F 74 6F 72 6F 6C 61 36 38 6B 06 00 00 00  6645  .byte $00, $6D, $6F, $74, $6F, $72, $6F, $6C, $61, $36, $38, $6B, $06, $00, $00, $00  ; [section data]
1494    6D 36 38 30 31 30 0D 00 00 00 6D 6F 74 6F 72 6F  6646  .byte $6D, $36, $38, $30, $31, $30, $0D, $00, $00, $00, $6D, $6F, $74, $6F, $72, $6F  ; [section data]
14A4    6C 61 36 38 30 30 30 01 0B 00 00 00 6D 6F 74 6F  6647  .byte $6C, $61, $36, $38, $30, $30, $30, $01, $0B, $00, $00, $00, $6D, $6F, $74, $6F  ; [section data]
14B4    72 6F 6C 61 36 38 6B 06 00 00 00 6D 36 38 30 32  6648  .byte $72, $6F, $6C, $61, $36, $38, $6B, $06, $00, $00, $00, $6D, $36, $38, $30, $32  ; [section data]
14C4    30 0D 00 00 00 6D 6F 74 6F 72 6F 6C 61 36 38 30  6649  .byte $30, $0D, $00, $00, $00, $6D, $6F, $74, $6F, $72, $6F, $6C, $61, $36, $38, $30  ; [section data]
14D4    30 30 01 0B 00 00 00 6D 6F 74 6F 72 6F 6C 61 36  6650  .byte $30, $30, $01, $0B, $00, $00, $00, $6D, $6F, $74, $6F, $72, $6F, $6C, $61, $36  ; [section data]
14E4    38 6B 06 00 00 00 6D 36 38 30 33 30 0D 00 00 00  6651  .byte $38, $6B, $06, $00, $00, $00, $6D, $36, $38, $30, $33, $30, $0D, $00, $00, $00  ; [section data]
14F4    6D 6F 74 6F 72 6F 6C 61 36 38 30 30 30 01 0B 00  6652  .byte $6D, $6F, $74, $6F, $72, $6F, $6C, $61, $36, $38, $30, $30, $30, $01, $0B, $00  ; [section data]
1504    00 00 6D 6F 74 6F 72 6F 6C 61 36 38 6B 06 00 00  6653  .byte $00, $00, $6D, $6F, $74, $6F, $72, $6F, $6C, $61, $36, $38, $6B, $06, $00, $00  ; [section data]
1514    00 6D 36 38 30 34 30 0D 00 00 00 6D 6F 74 6F 72  6654  .byte $00, $6D, $36, $38, $30, $34, $30, $0D, $00, $00, $00, $6D, $6F, $74, $6F, $72  ; [section data]
1524    6F 6C 61 36 38 30 30 30 01 0B 00 00 00 6D 6F 74  6655  .byte $6F, $6C, $61, $36, $38, $30, $30, $30, $01, $0B, $00, $00, $00, $6D, $6F, $74  ; [section data]
1534    6F 72 6F 6C 61 36 38 6B 06 00 00 00 6D 36 38 30  6656  .byte $6F, $72, $6F, $6C, $61, $36, $38, $6B, $06, $00, $00, $00, $6D, $36, $38, $30  ; [section data]
1544    38 30 0D 00 00 00 6D 6F 74 6F 72 6F 6C 61 36 38  6657  .byte $38, $30, $0D, $00, $00, $00, $6D, $6F, $74, $6F, $72, $6F, $6C, $61, $36, $38  ; [section data]
1554    30 30 30 01 0B 00 00 00 6D 6F 74 6F 72 6F 6C 61  6658  .byte $30, $30, $30, $01, $0B, $00, $00, $00, $6D, $6F, $74, $6F, $72, $6F, $6C, $61  ; [section data]
1564    36 38 6B 01 00 00 00 0B 00 00 00 6D 6F 74 6F 72  6659  .byte $36, $38, $6B, $01, $00, $00, $00, $0B, $00, $00, $00, $6D, $6F, $74, $6F, $72  ; [section data]
1574    6F 6C 61 36 38 6B 0D 00 00 00 6D 6F 74 6F 72 6F  6660  .byte $6F, $6C, $61, $36, $38, $6B, $0D, $00, $00, $00, $6D, $6F, $74, $6F, $72, $6F  ; [section data]
1584    6C 61 36 38 30 30 30 00 36 00 00 00 00 0D 00 00  6661  .byte $6C, $61, $36, $38, $30, $30, $30, $00, $36, $00, $00, $00, $00, $0D, $00, $00  ; [section data]
1594    00 6D 6F 74 6F 72 6F 6C 61 36 38 30 30 30 02 00  6662  .byte $00, $6D, $6F, $74, $6F, $72, $6F, $6C, $61, $36, $38, $30, $30, $30, $02, $00  ; [section data]
15A4    00 00 61 30 00 0D 00 00 00 6D 6F 74 6F 72 6F 6C  6663  .byte $00, $00, $61, $30, $00, $0D, $00, $00, $00, $6D, $6F, $74, $6F, $72, $6F, $6C  ; [section data]
15B4    61 36 38 30 30 30 02 00 00 00 61 31 00 0D 00 00  6664  .byte $61, $36, $38, $30, $30, $30, $02, $00, $00, $00, $61, $31, $00, $0D, $00, $00  ; [section data]
15C4    00 6D 6F 74 6F 72 6F 6C 61 36 38 30 30 30 02 00  6665  .byte $00, $6D, $6F, $74, $6F, $72, $6F, $6C, $61, $36, $38, $30, $30, $30, $02, $00  ; [section data]
15D4    00 00 61 32 00 0D 00 00 00 6D 6F 74 6F 72 6F 6C  6666  .byte $00, $00, $61, $32, $00, $0D, $00, $00, $00, $6D, $6F, $74, $6F, $72, $6F, $6C  ; [section data]
15E4    61 36 38 30 30 30 02 00 00 00 61 33 00 0D 00 00  6667  .byte $61, $36, $38, $30, $30, $30, $02, $00, $00, $00, $61, $33, $00, $0D, $00, $00  ; [section data]
15F4    00 6D 6F 74 6F 72 6F 6C 61 36 38 30 30 30 02 00  6668  .byte $00, $6D, $6F, $74, $6F, $72, $6F, $6C, $61, $36, $38, $30, $30, $30, $02, $00  ; [section data]
1604    00 00 61 34 00 0D 00 00 00 6D 6F 74 6F 72 6F 6C  6669  .byte $00, $00, $61, $34, $00, $0D, $00, $00, $00, $6D, $6F, $74, $6F, $72, $6F, $6C  ; [section data]
1614    61 36 38 30 30 30 02 00 00 00 61 35 00 0D 00 00  6670  .byte $61, $36, $38, $30, $30, $30, $02, $00, $00, $00, $61, $35, $00, $0D, $00, $00  ; [section data]
1624    00 6D 6F 74 6F 72 6F 6C 61 36 38 30 30 30 02 00  6671  .byte $00, $6D, $6F, $74, $6F, $72, $6F, $6C, $61, $36, $38, $30, $30, $30, $02, $00  ; [section data]
1634    00 00 61 36 00 0D 00 00 00 6D 6F 74 6F 72 6F 6C  6672  .byte $00, $00, $61, $36, $00, $0D, $00, $00, $00, $6D, $6F, $74, $6F, $72, $6F, $6C  ; [section data]
1644    61 36 38 30 30 30 02 00 00 00 61 37 00 0D 00 00  6673  .byte $61, $36, $38, $30, $30, $30, $02, $00, $00, $00, $61, $37, $00, $0D, $00, $00  ; [section data]
1654    00 6D 6F 74 6F 72 6F 6C 61 36 38 30 30 30 02 00  6674  .byte $00, $6D, $6F, $74, $6F, $72, $6F, $6C, $61, $36, $38, $30, $30, $30, $02, $00  ; [section data]
1664    00 00 62 30 00 0D 00 00 00 6D 6F 74 6F 72 6F 6C  6675  .byte $00, $00, $62, $30, $00, $0D, $00, $00, $00, $6D, $6F, $74, $6F, $72, $6F, $6C  ; [section data]
1674    61 36 38 30 30 30 02 00 00 00 62 31 00 0D 00 00  6676  .byte $61, $36, $38, $30, $30, $30, $02, $00, $00, $00, $62, $31, $00, $0D, $00, $00  ; [section data]
1684    00 6D 6F 74 6F 72 6F 6C 61 36 38 30 30 30 02 00  6677  .byte $00, $6D, $6F, $74, $6F, $72, $6F, $6C, $61, $36, $38, $30, $30, $30, $02, $00  ; [section data]
1694    00 00 62 32 00 0D 00 00 00 6D 6F 74 6F 72 6F 6C  6678  .byte $00, $00, $62, $32, $00, $0D, $00, $00, $00, $6D, $6F, $74, $6F, $72, $6F, $6C  ; [section data]
16A4    61 36 38 30 30 30 02 00 00 00 62 33 00 0D 00 00  6679  .byte $61, $36, $38, $30, $30, $30, $02, $00, $00, $00, $62, $33, $00, $0D, $00, $00  ; [section data]
16B4    00 6D 6F 74 6F 72 6F 6C 61 36 38 30 30 30 02 00  6680  .byte $00, $6D, $6F, $74, $6F, $72, $6F, $6C, $61, $36, $38, $30, $30, $30, $02, $00  ; [section data]
16C4    00 00 62 34 00 0D 00 00 00 6D 6F 74 6F 72 6F 6C  6681  .byte $00, $00, $62, $34, $00, $0D, $00, $00, $00, $6D, $6F, $74, $6F, $72, $6F, $6C  ; [section data]
16D4    61 36 38 30 30 30 02 00 00 00 62 35 00 0D 00 00  6682  .byte $61, $36, $38, $30, $30, $30, $02, $00, $00, $00, $62, $35, $00, $0D, $00, $00  ; [section data]
16E4    00 6D 6F 74 6F 72 6F 6C 61 36 38 30 30 30 02 00  6683  .byte $00, $6D, $6F, $74, $6F, $72, $6F, $6C, $61, $36, $38, $30, $30, $30, $02, $00  ; [section data]
16F4    00 00 62 36 00 0D 00 00 00 6D 6F 74 6F 72 6F 6C  6684  .byte $00, $00, $62, $36, $00, $0D, $00, $00, $00, $6D, $6F, $74, $6F, $72, $6F, $6C  ; [section data]
1704    61 36 38 30 30 30 02 00 00 00 62 37 00 0D 00 00  6685  .byte $61, $36, $38, $30, $30, $30, $02, $00, $00, $00, $62, $37, $00, $0D, $00, $00  ; [section data]
1714    00 6D 6F 74 6F 72 6F 6C 61 36 38 30 30 30 03 00  6686  .byte $00, $6D, $6F, $74, $6F, $72, $6F, $6C, $61, $36, $38, $30, $30, $30, $03, $00  ; [section data]
1724    00 00 63 63 72 00 0D 00 00 00 6D 6F 74 6F 72 6F  6687  .byte $00, $00, $63, $63, $72, $00, $0D, $00, $00, $00, $6D, $6F, $74, $6F, $72, $6F  ; [section data]
1734    6C 61 36 38 30 30 30 02 00 00 00 64 30 00 0D 00  6688  .byte $6C, $61, $36, $38, $30, $30, $30, $02, $00, $00, $00, $64, $30, $00, $0D, $00  ; [section data]
1744    00 00 6D 6F 74 6F 72 6F 6C 61 36 38 30 30 30 02  6689  .byte $00, $00, $6D, $6F, $74, $6F, $72, $6F, $6C, $61, $36, $38, $30, $30, $30, $02  ; [section data]
1754    00 00 00 64 31 00 0D 00 00 00 6D 6F 74 6F 72 6F  6690  .byte $00, $00, $00, $64, $31, $00, $0D, $00, $00, $00, $6D, $6F, $74, $6F, $72, $6F  ; [section data]
1764    6C 61 36 38 30 30 30 02 00 00 00 64 32 00 0D 00  6691  .byte $6C, $61, $36, $38, $30, $30, $30, $02, $00, $00, $00, $64, $32, $00, $0D, $00  ; [section data]
1774    00 00 6D 6F 74 6F 72 6F 6C 61 36 38 30 30 30 02  6692  .byte $00, $00, $6D, $6F, $74, $6F, $72, $6F, $6C, $61, $36, $38, $30, $30, $30, $02  ; [section data]
1784    00 00 00 64 33 00 0D 00 00 00 6D 6F 74 6F 72 6F  6693  .byte $00, $00, $00, $64, $33, $00, $0D, $00, $00, $00, $6D, $6F, $74, $6F, $72, $6F  ; [section data]
1794    6C 61 36 38 30 30 30 02 00 00 00 64 34 00 0D 00  6694  .byte $6C, $61, $36, $38, $30, $30, $30, $02, $00, $00, $00, $64, $34, $00, $0D, $00  ; [section data]
17A4    00 00 6D 6F 74 6F 72 6F 6C 61 36 38 30 30 30 02  6695  .byte $00, $00, $6D, $6F, $74, $6F, $72, $6F, $6C, $61, $36, $38, $30, $30, $30, $02  ; [section data]
17B4    00 00 00 64 35 00 0D 00 00 00 6D 6F 74 6F 72 6F  6696  .byte $00, $00, $00, $64, $35, $00, $0D, $00, $00, $00, $6D, $6F, $74, $6F, $72, $6F  ; [section data]
17C4    6C 61 36 38 30 30 30 02 00 00 00 64 36 00 0D 00  6697  .byte $6C, $61, $36, $38, $30, $30, $30, $02, $00, $00, $00, $64, $36, $00, $0D, $00  ; [section data]
17D4    00 00 6D 6F 74 6F 72 6F 6C 61 36 38 30 30 30 02  6698  .byte $00, $00, $6D, $6F, $74, $6F, $72, $6F, $6C, $61, $36, $38, $30, $30, $30, $02  ; [section data]
17E4    00 00 00 64 37 00 0D 00 00 00 6D 6F 74 6F 72 6F  6699  .byte $00, $00, $00, $64, $37, $00, $0D, $00, $00, $00, $6D, $6F, $74, $6F, $72, $6F  ; [section data]
17F4    6C 61 36 38 30 30 30 02 00 00 00 65 30 00 0D 00  6700  .byte $6C, $61, $36, $38, $30, $30, $30, $02, $00, $00, $00, $65, $30, $00, $0D, $00  ; [section data]
1804    00 00 6D 6F 74 6F 72 6F 6C 61 36 38 30 30 30 02  6701  .byte $00, $00, $6D, $6F, $74, $6F, $72, $6F, $6C, $61, $36, $38, $30, $30, $30, $02  ; [section data]
1814    00 00 00 65 31 00 0D 00 00 00 6D 6F 74 6F 72 6F  6702  .byte $00, $00, $00, $65, $31, $00, $0D, $00, $00, $00, $6D, $6F, $74, $6F, $72, $6F  ; [section data]
1824    6C 61 36 38 30 30 30 03 00 00 00 65 31 30 00 0D  6703  .byte $6C, $61, $36, $38, $30, $30, $30, $03, $00, $00, $00, $65, $31, $30, $00, $0D  ; [section data]
1834    00 00 00 6D 6F 74 6F 72 6F 6C 61 36 38 30 30 30  6704  .byte $00, $00, $00, $6D, $6F, $74, $6F, $72, $6F, $6C, $61, $36, $38, $30, $30, $30  ; [section data]
1844    03 00 00 00 65 31 31 00 0D 00 00 00 6D 6F 74 6F  6705  .byte $03, $00, $00, $00, $65, $31, $31, $00, $0D, $00, $00, $00, $6D, $6F, $74, $6F  ; [section data]
1854    72 6F 6C 61 36 38 30 30 30 03 00 00 00 65 31 32  6706  .byte $72, $6F, $6C, $61, $36, $38, $30, $30, $30, $03, $00, $00, $00, $65, $31, $32  ; [section data]
1864    00 0D 00 00 00 6D 6F 74 6F 72 6F 6C 61 36 38 30  6707  .byte $00, $0D, $00, $00, $00, $6D, $6F, $74, $6F, $72, $6F, $6C, $61, $36, $38, $30  ; [section data]
1874    30 30 03 00 00 00 65 31 33 00 0D 00 00 00 6D 6F  6708  .byte $30, $30, $03, $00, $00, $00, $65, $31, $33, $00, $0D, $00, $00, $00, $6D, $6F  ; [section data]
1884    74 6F 72 6F 6C 61 36 38 30 30 30 03 00 00 00 65  6709  .byte $74, $6F, $72, $6F, $6C, $61, $36, $38, $30, $30, $30, $03, $00, $00, $00, $65  ; [section data]
1894    31 34 00 0D 00 00 00 6D 6F 74 6F 72 6F 6C 61 36  6710  .byte $31, $34, $00, $0D, $00, $00, $00, $6D, $6F, $74, $6F, $72, $6F, $6C, $61, $36  ; [section data]
18A4    38 30 30 30 03 00 00 00 65 31 35 00 0D 00 00 00  6711  .byte $38, $30, $30, $30, $03, $00, $00, $00, $65, $31, $35, $00, $0D, $00, $00, $00  ; [section data]
18B4    6D 6F 74 6F 72 6F 6C 61 36 38 30 30 30 03 00 00  6712  .byte $6D, $6F, $74, $6F, $72, $6F, $6C, $61, $36, $38, $30, $30, $30, $03, $00, $00  ; [section data]
18C4    00 65 31 36 00 0D 00 00 00 6D 6F 74 6F 72 6F 6C  6713  .byte $00, $65, $31, $36, $00, $0D, $00, $00, $00, $6D, $6F, $74, $6F, $72, $6F, $6C  ; [section data]
18D4    61 36 38 30 30 30 03 00 00 00 65 31 37 00 0D 00  6714  .byte $61, $36, $38, $30, $30, $30, $03, $00, $00, $00, $65, $31, $37, $00, $0D, $00  ; [section data]
18E4    00 00 6D 6F 74 6F 72 6F 6C 61 36 38 30 30 30 03  6715  .byte $00, $00, $6D, $6F, $74, $6F, $72, $6F, $6C, $61, $36, $38, $30, $30, $30, $03  ; [section data]
18F4    00 00 00 65 31 38 00 0D 00 00 00 6D 6F 74 6F 72  6716  .byte $00, $00, $00, $65, $31, $38, $00, $0D, $00, $00, $00, $6D, $6F, $74, $6F, $72  ; [section data]
1904    6F 6C 61 36 38 30 30 30 03 00 00 00 65 31 39 00  6717  .byte $6F, $6C, $61, $36, $38, $30, $30, $30, $03, $00, $00, $00, $65, $31, $39, $00  ; [section data]
1914    0D 00 00 00 6D 6F 74 6F 72 6F 6C 61 36 38 30 30  6718  .byte $0D, $00, $00, $00, $6D, $6F, $74, $6F, $72, $6F, $6C, $61, $36, $38, $30, $30  ; [section data]
1924    30 02 00 00 00 65 32 00 0D 00 00 00 6D 6F 74 6F  6719  .byte $30, $02, $00, $00, $00, $65, $32, $00, $0D, $00, $00, $00, $6D, $6F, $74, $6F  ; [section data]
1934    72 6F 6C 61 36 38 30 30 30 03 00 00 00 65 32 30  6720  .byte $72, $6F, $6C, $61, $36, $38, $30, $30, $30, $03, $00, $00, $00, $65, $32, $30  ; [section data]
1944    00 0D 00 00 00 6D 6F 74 6F 72 6F 6C 61 36 38 30  6721  .byte $00, $0D, $00, $00, $00, $6D, $6F, $74, $6F, $72, $6F, $6C, $61, $36, $38, $30  ; [section data]
1954    30 30 03 00 00 00 65 32 31 00 0D 00 00 00 6D 6F  6722  .byte $30, $30, $03, $00, $00, $00, $65, $32, $31, $00, $0D, $00, $00, $00, $6D, $6F  ; [section data]
1964    74 6F 72 6F 6C 61 36 38 30 30 30 03 00 00 00 65  6723  .byte $74, $6F, $72, $6F, $6C, $61, $36, $38, $30, $30, $30, $03, $00, $00, $00, $65  ; [section data]
1974    32 32 00 0D 00 00 00 6D 6F 74 6F 72 6F 6C 61 36  6724  .byte $32, $32, $00, $0D, $00, $00, $00, $6D, $6F, $74, $6F, $72, $6F, $6C, $61, $36  ; [section data]
1984    38 30 30 30 03 00 00 00 65 32 33 00 0D 00 00 00  6725  .byte $38, $30, $30, $30, $03, $00, $00, $00, $65, $32, $33, $00, $0D, $00, $00, $00  ; [section data]
1994    6D 6F 74 6F 72 6F 6C 61 36 38 30 30 30 02 00 00  6726  .byte $6D, $6F, $74, $6F, $72, $6F, $6C, $61, $36, $38, $30, $30, $30, $02, $00, $00  ; [section data]
19A4    00 65 33 00 0D 00 00 00 6D 6F 74 6F 72 6F 6C 61  6727  .byte $00, $65, $33, $00, $0D, $00, $00, $00, $6D, $6F, $74, $6F, $72, $6F, $6C, $61  ; [section data]
19B4    36 38 30 30 30 02 00 00 00 65 34 00 0D 00 00 00  6728  .byte $36, $38, $30, $30, $30, $02, $00, $00, $00, $65, $34, $00, $0D, $00, $00, $00  ; [section data]
19C4    6D 6F 74 6F 72 6F 6C 61 36 38 30 30 30 02 00 00  6729  .byte $6D, $6F, $74, $6F, $72, $6F, $6C, $61, $36, $38, $30, $30, $30, $02, $00, $00  ; [section data]
19D4    00 65 35 00 0D 00 00 00 6D 6F 74 6F 72 6F 6C 61  6730  .byte $00, $65, $35, $00, $0D, $00, $00, $00, $6D, $6F, $74, $6F, $72, $6F, $6C, $61  ; [section data]
19E4    36 38 30 30 30 02 00 00 00 65 36 00 0D 00 00 00  6731  .byte $36, $38, $30, $30, $30, $02, $00, $00, $00, $65, $36, $00, $0D, $00, $00, $00  ; [section data]
19F4    6D 6F 74 6F 72 6F 6C 61 36 38 30 30 30 02 00 00  6732  .byte $6D, $6F, $74, $6F, $72, $6F, $6C, $61, $36, $38, $30, $30, $30, $02, $00, $00  ; [section data]
1A04    00 65 37 00 0D 00 00 00 6D 6F 74 6F 72 6F 6C 61  6733  .byte $00, $65, $37, $00, $0D, $00, $00, $00, $6D, $6F, $74, $6F, $72, $6F, $6C, $61  ; [section data]
1A14    36 38 30 30 30 02 00 00 00 65 38 00 0D 00 00 00  6734  .byte $36, $38, $30, $30, $30, $02, $00, $00, $00, $65, $38, $00, $0D, $00, $00, $00  ; [section data]
1A24    6D 6F 74 6F 72 6F 6C 61 36 38 30 30 30 02 00 00  6735  .byte $6D, $6F, $74, $6F, $72, $6F, $6C, $61, $36, $38, $30, $30, $30, $02, $00, $00  ; [section data]
1A34    00 65 39 00 0D 00 00 00 6D 6F 74 6F 72 6F 6C 61  6736  .byte $00, $65, $39, $00, $0D, $00, $00, $00, $6D, $6F, $74, $6F, $72, $6F, $6C, $61  ; [section data]
1A44    36 38 30 30 30 02 00 00 00 70 63 00 0D 00 00 00  6737  .byte $36, $38, $30, $30, $30, $02, $00, $00, $00, $70, $63, $00, $0D, $00, $00, $00  ; [section data]
1A54    6D 6F 74 6F 72 6F 6C 61 36 38 30 30 30 02 00 00  6738  .byte $6D, $6F, $74, $6F, $72, $6F, $6C, $61, $36, $38, $30, $30, $30, $02, $00, $00  ; [section data]
1A64    00 73 70 00 0D 00 00 00 6D 6F 74 6F 72 6F 6C 61  6739  .byte $00, $73, $70, $00, $0D, $00, $00, $00, $6D, $6F, $74, $6F, $72, $6F, $6C, $61  ; [section data]
1A74    36 38 30 30 30 02 00 00 00 73 72 00 0D 00 00 00  6740  .byte $36, $38, $30, $30, $30, $02, $00, $00, $00, $73, $72, $00, $0D, $00, $00, $00  ; [section data]
1A84    6D 6F 74 6F 72 6F 6C 61 36 38 30 30 30 03 00 00  6741  .byte $6D, $6F, $74, $6F, $72, $6F, $6C, $61, $36, $38, $30, $30, $30, $03, $00, $00  ; [section data]
1A94    00 73 73 70 00 0D 00 00 00 6D 6F 74 6F 72 6F 6C  6742  .byte $00, $73, $73, $70, $00, $0D, $00, $00, $00, $6D, $6F, $74, $6F, $72, $6F, $6C  ; [section data]
1AA4    61 36 38 30 30 30 03 00 00 00 75 73 70 00 00 00  6743  .byte $61, $36, $38, $30, $30, $30, $03, $00, $00, $00, $75, $73, $70, $00, $00, $00  ; [section data]
1AB4    00 00 00 00 00 00 00 00 00  6744  .byte $00, $00, $00, $00, $00, $00, $00, $00, $00  ; [section data]
----                             6745  tkpkgDebugCliPackageDataEnd  ; [section data]
----                             6746    ; [section data]
----    EQU 0012                 6747  SET_PIPELINE_REQUEST_LEN = setPipelineRequestEnd - setPipelineRequest  ; [section data]
----    EQU 0010                 6748  TOKENIZE_LINE_REQUEST_LEN = tokenizeLineRequestEnd - tokenizeLineRequest  ; [section data]
----    EQU 0FB9                 6749  TKPKG_DEBUG_CLI_PACKAGE_LEN = tkpkgDebugCliPackageDataEnd - tkpkgDebugCliPackageData  ; [section data]
----                             6750    ; [section data]
----                             6751          .endsection
----                             6752          .section bss, kind=bss  ; [section bss]
----                             6753    ; [section bss]
----                             6754  debugCliInputPathBuffer  ; [section bss]
2813    +0100                    6755          .res byte, PATH_BUFFER_CAPACITY  ; [section bss]
----                             6756    ; [section bss]
----                             6757  debugCliSourceFileBuffer  ; [section bss]
2913    +4000                    6758          .res byte, DEBUG_CLI_SOURCE_BUFFER_CAPACITY  ; [section bss]
----                             6759    ; [section bss]
----                             6760  debugCliManifestBuffer  ; [section bss]
6913    +2000                    6761          .res byte, DEBUG_CLI_MANIFEST_BUFFER_CAPACITY  ; [section bss]
----                             6762    ; [section bss]
----                             6763  debugCliSourceFileProbeByte  ; [section bss]
8913    +0001                    6764          .res byte, 1  ; [section bss]
----                             6765    ; [section bss]
----                             6766          .endsection
----                             6767          .output "build/tkpkg_debug_cli.hunk", format=hunk, sections=entry,code,data,bss
----                             6768          .endmodule

Lines: 6768  Errors: 0  Warnings: 0

SYMBOL TABLE

NAME             VALUE     VIS  KIND
---------------  --------  ---  ----
main.Close       FFFFFFDC  prv  lbl 
main.CloseLibrary  FFFFFE62  prv  lbl 
main.debugCliDosBase  0AD4      prv  lbl 
main.debugCliFileModeEnabled  0ADC      prv  lbl 
main.debugCliInputPathBuffer  2813      prv  lbl 
main.debugCliManifestBuffer  6913      prv  lbl 
main.debugCliMarker  06C9      prv  lbl 
main.debugCliReturnCode  0AD8      prv  lbl 
main.debugCliSourceFileBuffer  2913      prv  lbl 
main.debugCliSourceFileProbeByte  8913      prv  lbl 
main.DEBUG_CLI_FILE_MODE_MANIFEST  0002      prv  lbl 
main.DEBUG_CLI_FILE_MODE_SINGLE  0001      prv  lbl 
main.DEBUG_CLI_MANIFEST_BUFFER_CAPACITY  2000      prv  lbl 
main.DEBUG_CLI_MAX_LINE_BYTES  0FFC      prv  lbl 
main.DEBUG_CLI_SOURCE_BUFFER_CAPACITY  4000      prv  lbl 
main.dosName     06BD      prv  lbl 
main.dosVersionFailureText  06EC      prv  lbl 
main.emptyTokenizeOutputText  07F3      prv  lbl 
main.failurePrefixText  06DC      prv  lbl 
main.fileTooLargeText  08A8      prv  lbl 
main.GetArgStr   FFFFFDEA  prv  lbl 
main.inputOpenFailureText  0827      prv  lbl 
main.inputReadFailureText  087E      prv  lbl 
main.lastErrorClearText  07D8      prv  lbl 
main.lineTooLongText  0A92      prv  lbl 
main.manifestFileText  09C5      prv  lbl 
main.manifestFormatFailureText  098A      prv  lbl 
main.manifestOpenFailureText  0851      prv  lbl 
main.manifestOpenOkText  09DA      prv  lbl 
main.manifestPathTooLongText  0913      prv  lbl 
main.manifestPipelineBeginText  0A0A      prv  lbl 
main.manifestPipelineOkText  0A2D      prv  lbl 
main.manifestPipelineTooLongText  094F      prv  lbl 
main.manifestReadOkText  09F2      prv  lbl 
main.manifestTokenizeBeginText  0A4D      prv  lbl 
main.manifestTokenizeOkText  0A71      prv  lbl 
main.manifestTooLargeText  08DC      prv  lbl 
main.MODE_OLDFILE  03ED      prv  lbl 
main.newlineText  0AD2      prv  lbl 
main.Open        FFFFFFE2  prv  lbl 
main.OpenLibrary  FFFFFDD8  prv  lbl 
main.packageLoadedText  0786      prv  lbl 
main.PACKAGE_INPUT_PTR_V1  1020      prv  lbl 
main.PATH_BUFFER_CAPACITY  0100      prv  lbl 
main.pipelineSuccessText  079C      prv  lbl 
main.PutStr      FFFFFC4C  prv  lbl 
main.quotedPathFailureText  0755      prv  lbl 
main.Read        FFFFFFD6  prv  lbl 
main.RETURN_FAIL  0014      prv  lbl 
main.RETURN_OK   0000      prv  lbl 
main.setPipelineRequest  0AE2      prv  lbl 
main.setPipelineRequestEnd  0AF4      prv  lbl 
main.SET_PIPELINE_REQUEST_LEN  0012      prv  lbl 
main.start       0000      prv  lbl 
main.startedText  0717      prv  lbl 
main.SysBase     0004      prv  lbl 
main.tkpkgDebugCliCheckLastErrorClear  01A8      prv  lbl 
main.tkpkgDebugCliCloseDos  0216      prv  lbl 
main.tkpkgDebugCliConsumeLf  0684      prv  lbl 
main.tkpkgDebugCliConsumeManifestLf  03DC      prv  lbl 
main.tkpkgDebugCliCopyDone  079E      prv  lbl 
main.tkpkgDebugCliCopyLoop  0798      prv  lbl 
main.tkpkgDebugCliCopyPathDone  02F2      prv  lbl 
main.tkpkgDebugCliCopyPathFail  02F8      prv  lbl 
main.tkpkgDebugCliCopyPathLoop  02C2      prv  lbl 
main.tkpkgDebugCliCopyPathToken  02BC      prv  lbl 
main.tkpkgDebugCliDone  021A      prv  lbl 
main.tkpkgDebugCliFileFitsBuffer  0650      prv  lbl 
main.tkpkgDebugCliFileOpenOk  05DA      prv  lbl 
main.tkpkgDebugCliFileProbeOk  063C      prv  lbl 
main.tkpkgDebugCliFileReadOk  060C      prv  lbl 
main.tkpkgDebugCliFindLineEnd  0672      prv  lbl 
main.tkpkgDebugCliFindManifestLineEnd  03CA      prv  lbl 
main.tkpkgDebugCliHaveDos  004A      prv  lbl 
main.tkpkgDebugCliLineDispatch  069A      prv  lbl 
main.tkpkgDebugCliLineReady  0688      prv  lbl 
main.tkpkgDebugCliManifestCopyDone  058E      prv  lbl 
main.tkpkgDebugCliManifestCopyFits  0576      prv  lbl 
main.tkpkgDebugCliManifestCopyLoop  0580      prv  lbl 
main.tkpkgDebugCliManifestCopyTerminator  058A      prv  lbl 
main.tkpkgDebugCliManifestCpuFits  04BE      prv  lbl 
main.tkpkgDebugCliManifestCpuPresent  048C      prv  lbl 
main.tkpkgDebugCliManifestDone  044E      prv  lbl 
main.tkpkgDebugCliManifestEntryOk  0410      prv  lbl 
main.tkpkgDebugCliManifestFindTab  0464      prv  lbl 
main.tkpkgDebugCliManifestFitsBuffer  039E      prv  lbl 
main.tkpkgDebugCliManifestHasPipeline  0478      prv  lbl 
main.tkpkgDebugCliManifestLineLoop  03C0      prv  lbl 
main.tkpkgDebugCliManifestLineReady  03E0      prv  lbl 
main.tkpkgDebugCliManifestLineTrimmed  03F4      prv  lbl 
main.tkpkgDebugCliManifestNoPipeline  0544      prv  lbl 
main.tkpkgDebugCliManifestOpenOk  031E      prv  lbl 
main.tkpkgDebugCliManifestPathPresent  04A6      prv  lbl 
main.tkpkgDebugCliManifestPipelineOk  0512      prv  lbl 
main.tkpkgDebugCliManifestPrepareDone  0560      prv  lbl 
main.tkpkgDebugCliManifestPrepareOk  055E      prv  lbl 
main.tkpkgDebugCliManifestProbeOk  038A      prv  lbl 
main.tkpkgDebugCliManifestReadOk  035A      prv  lbl 
main.tkpkgDebugCliManifestReturn  0450      prv  lbl 
main.tkpkgDebugCliManifestSkipLine  044A      prv  lbl 
main.tkpkgDebugCliNoInputPath  027A      prv  lbl 
main.tkpkgDebugCliPackageData  0B04      prv  lbl 
main.tkpkgDebugCliPackageDataEnd  1ABD      prv  lbl 
main.tkpkgDebugCliPackageLen  0AE0      prv  lbl 
main.tkpkgDebugCliParseArgsDone  0298      prv  lbl 
main.tkpkgDebugCliPipelineFileMode  0190      prv  lbl 
main.tkpkgDebugCliPipelineManifestMode  0174      prv  lbl 
main.tkpkgDebugCliQuotedPath  027E      prv  lbl 
main.tkpkgDebugCliReportEmptyTokenizeOutput  020C      prv  lbl 
main.tkpkgDebugCliReportFailure  01DA      prv  lbl 
main.tkpkgDebugCliReportLastErrorBuffer  01EA      prv  lbl 
main.tkpkgDebugCliSkipDone  02BA      prv  lbl 
main.tkpkgDebugCliSkipOne  02B6      prv  lbl 
main.tkpkgDebugCliSkipWhitespace  029E      prv  lbl 
main.tkpkgDebugCliSliceDone  074C      prv  lbl 
main.tkpkgDebugCliSliceFits  06D8      prv  lbl 
main.tkpkgDebugCliSliceOk  0744      prv  lbl 
main.tkpkgDebugCliSliceRuntimeFailure  074A      prv  lbl 
main.tkpkgDebugCliSourceDone  06AC      prv  lbl 
main.tkpkgDebugCliSourceLineLoop  066A      prv  lbl 
main.tkpkgDebugCliSourceReturn  06AE      prv  lbl 
main.tkpkgDebugCliTokenizeFileDone  0656      prv  lbl 
main.tkpkgDebugCliTokenizeManifestDone  03AE      prv  lbl 
main.tkpkgDebugCliUsagePath  028C      prv  lbl 
main.tkpkg_debug_cli_clear_input_window_v1  07B6      prv  lbl 
main.tkpkg_debug_cli_close_dos_v1  0782      prv  lbl 
main.tkpkg_debug_cli_close_input_v1  0776      prv  lbl 
main.tkpkg_debug_cli_copy_bytes_v1  0792      prv  lbl 
main.tkpkg_debug_cli_copy_manifest_path_v1  0566      prv  lbl 
main.tkpkg_debug_cli_dispatch_service_v1  0222      prv  lbl 
main.tkpkg_debug_cli_open_input_v1  0752      prv  lbl 
main.TKPKG_DEBUG_CLI_PACKAGE_LEN  0FB9      prv  lbl 
main.tkpkg_debug_cli_parse_optional_input_path_v1  0242      prv  lbl 
main.tkpkg_debug_cli_prepare_manifest_entry_v1  0456      prv  lbl 
main.tkpkg_debug_cli_put_str_v1  0236      prv  lbl 
main.tkpkg_debug_cli_read_input_v1  0766      prv  lbl 
main.tkpkg_debug_cli_read_output_len_v1  07D0      prv  lbl 
main.tkpkg_debug_cli_read_status_v1  07C8      prv  lbl 
main.tkpkg_debug_cli_run_last_error_v1  07E2      prv  lbl 
main.tkpkg_debug_cli_set_pipeline_from_last_error_v1  0594      prv  lbl 
main.tkpkg_debug_cli_tokenize_file_v1  05B8      prv  lbl 
main.tkpkg_debug_cli_tokenize_line_slice_v1  06B4      prv  lbl 
main.tkpkg_debug_cli_tokenize_manifest_buffer_v1  03B4      prv  lbl 
main.tkpkg_debug_cli_tokenize_manifest_v1  02FC      prv  lbl 
main.tkpkg_debug_cli_tokenize_source_buffer_v1  065C      prv  lbl 
main.tkpkg_debug_cli_write_input_window_v1  07A0      prv  lbl 
main.tokenizeLineRequest  0AF4      prv  lbl 
main.tokenizeLineRequestEnd  0B04      prv  lbl 
main.tokenizeSuccessText  07C0      prv  lbl 
main.TOKENIZE_LINE_REQUEST_LEN  0010      prv  lbl 
main.usageText   0730      prv  lbl 
tkpkg.amigaos.abi.abiMarker  0000      pub  lbl 
tkpkg.amigaos.abi.CAPABILITY_ENUM_TABLES_V1  0004      pub  lbl 
tkpkg.amigaos.abi.CAPABILITY_EXT_TLV_V1  0001      pub  lbl 
tkpkg.amigaos.abi.CAPABILITY_FLAGS_V1  0007      pub  lbl 
tkpkg.amigaos.abi.CAPABILITY_STRUCT_LAYOUTS_V1  0002      pub  lbl 
tkpkg.amigaos.abi.CB_ABI_VERSION  0004      pub  lbl 
tkpkg.amigaos.abi.CB_CAPABILITY_FLAGS  0008      pub  lbl 
tkpkg.amigaos.abi.CB_EXTENSION_LEN  001A      pub  lbl 
tkpkg.amigaos.abi.CB_EXTENSION_PTR  0018      pub  lbl 
tkpkg.amigaos.abi.CB_INPUT_LEN  0012      pub  lbl 
tkpkg.amigaos.abi.CB_INPUT_PTR  0010      pub  lbl 
tkpkg.amigaos.abi.CB_LAST_ERROR_LEN  001E      pub  lbl 
tkpkg.amigaos.abi.CB_LAST_ERROR_PTR  001C      pub  lbl 
tkpkg.amigaos.abi.CB_MAGIC  0000      pub  lbl 
tkpkg.amigaos.abi.CB_OUTPUT_LEN  0016      pub  lbl 
tkpkg.amigaos.abi.CB_OUTPUT_PTR  0014      pub  lbl 
tkpkg.amigaos.abi.CB_REQUEST_ID  000C      pub  lbl 
tkpkg.amigaos.abi.CB_RESERVED0  000E      pub  lbl 
tkpkg.amigaos.abi.CB_STATUS_CODE  000A      pub  lbl 
tkpkg.amigaos.abi.CB_STRUCT_SIZE  0006      pub  lbl 
tkpkg.amigaos.abi.ENTRY_ORD_COUNT_V1  0007      pub  lbl 
tkpkg.amigaos.abi.ENTRY_ORD_ENCODE_INSTRUCTION_RESERVED  0005      pub  lbl 
tkpkg.amigaos.abi.ENTRY_ORD_INIT  0000      pub  lbl 
tkpkg.amigaos.abi.ENTRY_ORD_LAST_ERROR  0006      pub  lbl 
tkpkg.amigaos.abi.ENTRY_ORD_LOAD_PACKAGE  0001      pub  lbl 
tkpkg.amigaos.abi.ENTRY_ORD_PARSE_LINE_RESERVED  0004      pub  lbl 
tkpkg.amigaos.abi.ENTRY_ORD_SET_PIPELINE  0002      pub  lbl 
tkpkg.amigaos.abi.ENTRY_ORD_TOKENIZE_LINE  0003      pub  lbl 
tkpkg.amigaos.abi.LAST_ERROR_REQUEST_LEN  0000      pub  lbl 
tkpkg.amigaos.abi.LINE_PAYLOAD_LINE_NUM_SIZE  0004      pub  lbl 
tkpkg.amigaos.abi.NATIVE_ABI_MAGIC_0  004F      pub  lbl 
tkpkg.amigaos.abi.NATIVE_ABI_MAGIC_1  0054      pub  lbl 
tkpkg.amigaos.abi.NATIVE_ABI_MAGIC_2  0036      pub  lbl 
tkpkg.amigaos.abi.NATIVE_ABI_MAGIC_3  0035      pub  lbl 
tkpkg.amigaos.abi.NATIVE_ABI_VERSION_V1  0001      pub  lbl 
tkpkg.amigaos.abi.NATIVE_CONTROL_BLOCK_SIZE_V1  0020      pub  lbl 
tkpkg.amigaos.abi.SET_PIPELINE_PAYLOAD_SEPARATOR  0000      pub  lbl 
tkpkg.amigaos.abi.SET_PIPELINE_SAMPLE_CPU_LEN  0005      pub  lbl 
tkpkg.amigaos.abi.SET_PIPELINE_SAMPLE_DIALECT_LEN  0007      pub  lbl 
tkpkg.amigaos.abi.STATUS_BAD_CONTROL_BLOCK_V1  0001      pub  lbl 
tkpkg.amigaos.abi.STATUS_BAD_REQUEST_V1  0002      pub  lbl 
tkpkg.amigaos.abi.STATUS_OK_V1  0000      pub  lbl 
tkpkg.amigaos.abi.STATUS_RUNTIME_ERROR_V1  0003      pub  lbl 
tkpkg.amigaos.abi.TOKENIZE_LINE_SAMPLE_LINE_NUM  002A      pub  lbl 
tkpkg.amigaos.abi.wireContractMarker  0015      pub  lbl 
tkpkg.amigaos.abi.wireSetPipelineExample  002C      pub  lbl 
tkpkg.amigaos.abi.wireTokenizeLineExample  0039      pub  lbl 
tkpkg.amigaos.buffers.activeCpuBuffer  2638      pub  lbl 
tkpkg.amigaos.buffers.activeDialectBuffer  2658      pub  lbl 
tkpkg.amigaos.buffers.activeFamilyBuffer  2678      pub  lbl 
tkpkg.amigaos.buffers.activeTokenizerVmErrorLimitDiagCode  27D0      pub  lbl 
tkpkg.amigaos.buffers.activeTokenizerVmErrorLimitDiagLen  27CF      pub  lbl 
tkpkg.amigaos.buffers.activeTokenizerVmInvalidCharDiagCode  272B      pub  lbl 
tkpkg.amigaos.buffers.activeTokenizerVmInvalidCharDiagLen  272A      pub  lbl 
tkpkg.amigaos.buffers.activeTokenizerVmLenHi  26A0      pub  lbl 
tkpkg.amigaos.buffers.activeTokenizerVmLenLo  269F      pub  lbl 
tkpkg.amigaos.buffers.activeTokenizerVmLexemeLimitDiagCode  27AF      pub  lbl 
tkpkg.amigaos.buffers.activeTokenizerVmLexemeLimitDiagLen  27AE      pub  lbl 
tkpkg.amigaos.buffers.activeTokenizerVmMaxErrorsPerLine  2726      pub  lbl 
tkpkg.amigaos.buffers.activeTokenizerVmOffsetHi  269E      pub  lbl 
tkpkg.amigaos.buffers.activeTokenizerVmOffsetLo  269D      pub  lbl 
tkpkg.amigaos.buffers.activeTokenizerVmOwnerTag  26A1      pub  lbl 
tkpkg.amigaos.buffers.activeTokenizerVmStartStateHi  26A3      pub  lbl 
tkpkg.amigaos.buffers.activeTokenizerVmStartStateLo  26A2      pub  lbl 
tkpkg.amigaos.buffers.activeTokenizerVmStateCountHi  26A5      pub  lbl 
tkpkg.amigaos.buffers.activeTokenizerVmStateCountLo  26A4      pub  lbl 
tkpkg.amigaos.buffers.activeTokenizerVmStateTable  26A6      pub  lbl 
tkpkg.amigaos.buffers.activeTokenizerVmStepLimitDiagCode  276D      pub  lbl 
tkpkg.amigaos.buffers.activeTokenizerVmStepLimitDiagLen  276C      pub  lbl 
tkpkg.amigaos.buffers.activeTokenizerVmTokenLimitDiagCode  278E      pub  lbl 
tkpkg.amigaos.buffers.activeTokenizerVmTokenLimitDiagLen  278D      pub  lbl 
tkpkg.amigaos.buffers.activeTokenizerVmUnterminatedStringDiagCode  274C      pub  lbl 
tkpkg.amigaos.buffers.activeTokenizerVmUnterminatedStringDiagLen  274B      pub  lbl 
tkpkg.amigaos.buffers.activeTokenPolicyLenHi  269B      pub  lbl 
tkpkg.amigaos.buffers.activeTokenPolicyLenLo  269A      pub  lbl 
tkpkg.amigaos.buffers.activeTokenPolicyOffsetHi  2699      pub  lbl 
tkpkg.amigaos.buffers.activeTokenPolicyOffsetLo  2698      pub  lbl 
tkpkg.amigaos.buffers.activeTokenPolicyOwnerTag  269C      pub  lbl 
tkpkg.amigaos.buffers.badRequestText  0057      pub  lbl 
tkpkg.amigaos.buffers.BAD_REQUEST_TEXT_LEN  0013      pub  lbl 
tkpkg.amigaos.buffers.controlBlockErrorText  006B      pub  lbl 
tkpkg.amigaos.buffers.controlBlockV1  0000      pub  lbl 
tkpkg.amigaos.buffers.CONTROL_BLOCK_ERROR_TEXT_LEN  0014      pub  lbl 
tkpkg.amigaos.buffers.cpusChunkLenHi  262B      pub  lbl 
tkpkg.amigaos.buffers.cpusChunkLenLo  262A      pub  lbl 
tkpkg.amigaos.buffers.cpusChunkOffsetHi  2629      pub  lbl 
tkpkg.amigaos.buffers.cpusChunkOffsetLo  2628      pub  lbl 
tkpkg.amigaos.buffers.dialChunkLenHi  262F      pub  lbl 
tkpkg.amigaos.buffers.dialChunkLenLo  262E      pub  lbl 
tkpkg.amigaos.buffers.dialChunkOffsetHi  262D      pub  lbl 
tkpkg.amigaos.buffers.dialChunkOffsetLo  262C      pub  lbl 
tkpkg.amigaos.buffers.famsChunkLenHi  2627      pub  lbl 
tkpkg.amigaos.buffers.famsChunkLenLo  2626      pub  lbl 
tkpkg.amigaos.buffers.famsChunkOffsetHi  2625      pub  lbl 
tkpkg.amigaos.buffers.famsChunkOffsetLo  2624      pub  lbl 
tkpkg.amigaos.buffers.lastErrorBuffer  0020      pub  lbl 
tkpkg.amigaos.buffers.LAST_ERROR_BUFFER_CAPACITY  1000      pub  lbl 
tkpkg.amigaos.buffers.LAST_ERROR_BUFFER_PTR_V1  0020      pub  lbl 
tkpkg.amigaos.buffers.LAST_ERROR_KIND_BAD_CONTROL  0002      pub  lbl 
tkpkg.amigaos.buffers.LAST_ERROR_KIND_BAD_REQUEST  0001      pub  lbl 
tkpkg.amigaos.buffers.LAST_ERROR_KIND_NONE  0000      pub  lbl 
tkpkg.amigaos.buffers.LAST_ERROR_KIND_RUNTIME  0003      pub  lbl 
tkpkg.amigaos.buffers.nextRequestIdHi  2812      pub  lbl 
tkpkg.amigaos.buffers.nextRequestIdLo  2811      pub  lbl 
tkpkg.amigaos.buffers.packageChunkFlags  2621      pub  lbl 
tkpkg.amigaos.buffers.packageStateFlags  2620      pub  lbl 
tkpkg.amigaos.buffers.packageStorage  1020      pub  lbl 
tkpkg.amigaos.buffers.packageStorageLen  2622      pub  lbl 
tkpkg.amigaos.buffers.packageStorageLenHi  2623      pub  lbl 
tkpkg.amigaos.buffers.PACKAGE_CHUNK_CPUS  0002      pub  lbl 
tkpkg.amigaos.buffers.PACKAGE_CHUNK_DIAL  0004      pub  lbl 
tkpkg.amigaos.buffers.PACKAGE_CHUNK_FAMS  0001      pub  lbl 
tkpkg.amigaos.buffers.PACKAGE_CHUNK_TKVM  0010      pub  lbl 
tkpkg.amigaos.buffers.PACKAGE_CHUNK_TOKS  0008      pub  lbl 
tkpkg.amigaos.buffers.PACKAGE_REQUIRED_CHUNK_FLAGS  001F      pub  lbl 
tkpkg.amigaos.buffers.PACKAGE_STATE_LOADED  0001      pub  lbl 
tkpkg.amigaos.buffers.PACKAGE_STATE_PIPELINE_ACTIVE  0002      pub  lbl 
tkpkg.amigaos.buffers.PACKAGE_STORAGE_CAPACITY  1000      pub  lbl 
tkpkg.amigaos.buffers.pendingCanonicalDialectLenHi  2803      pub  lbl 
tkpkg.amigaos.buffers.pendingCanonicalDialectLenLo  2802      pub  lbl 
tkpkg.amigaos.buffers.pendingCanonicalDialectOffsetHi  2801      pub  lbl 
tkpkg.amigaos.buffers.pendingCanonicalDialectOffsetLo  2800      pub  lbl 
tkpkg.amigaos.buffers.pendingCpuLenHi  27F7      pub  lbl 
tkpkg.amigaos.buffers.pendingCpuLenLo  27F6      pub  lbl 
tkpkg.amigaos.buffers.pendingCpuOffsetHi  27F5      pub  lbl 
tkpkg.amigaos.buffers.pendingCpuOffsetLo  27F4      pub  lbl 
tkpkg.amigaos.buffers.pendingDefaultDialectLenHi  27FF      pub  lbl 
tkpkg.amigaos.buffers.pendingDefaultDialectLenLo  27FE      pub  lbl 
tkpkg.amigaos.buffers.pendingDefaultDialectOffsetHi  27FD      pub  lbl 
tkpkg.amigaos.buffers.pendingDefaultDialectOffsetLo  27FC      pub  lbl 
tkpkg.amigaos.buffers.pendingDialectLenHi  27FB      pub  lbl 
tkpkg.amigaos.buffers.pendingDialectLenLo  27FA      pub  lbl 
tkpkg.amigaos.buffers.pendingDialectOffsetHi  27F9      pub  lbl 
tkpkg.amigaos.buffers.pendingDialectOffsetLo  27F8      pub  lbl 
tkpkg.amigaos.buffers.pendingFamilyLenHi  27F3      pub  lbl 
tkpkg.amigaos.buffers.pendingFamilyLenLo  27F2      pub  lbl 
tkpkg.amigaos.buffers.pendingFamilyOffsetHi  27F1      pub  lbl 
tkpkg.amigaos.buffers.pendingFamilyOffsetLo  27F0      pub  lbl 
tkpkg.amigaos.buffers.pendingTokenizerVmLenHi  280C      pub  lbl 
tkpkg.amigaos.buffers.pendingTokenizerVmLenLo  280B      pub  lbl 
tkpkg.amigaos.buffers.pendingTokenizerVmOffsetHi  280A      pub  lbl 
tkpkg.amigaos.buffers.pendingTokenizerVmOffsetLo  2809      pub  lbl 
tkpkg.amigaos.buffers.pendingTokenizerVmOwnerTag  280D      pub  lbl 
tkpkg.amigaos.buffers.pendingTokenPolicyLenHi  2807      pub  lbl 
tkpkg.amigaos.buffers.pendingTokenPolicyLenLo  2806      pub  lbl 
tkpkg.amigaos.buffers.pendingTokenPolicyOffsetHi  2805      pub  lbl 
tkpkg.amigaos.buffers.pendingTokenPolicyOffsetLo  2804      pub  lbl 
tkpkg.amigaos.buffers.pendingTokenPolicyOwnerTag  2808      pub  lbl 
tkpkg.amigaos.buffers.PIPELINE_ID_BUFFER_CAPACITY  0020      pub  lbl 
tkpkg.amigaos.buffers.runtimeErrorText  007F      pub  lbl 
tkpkg.amigaos.buffers.runtimeStageMarker  0049      pub  lbl 
tkpkg.amigaos.buffers.RUNTIME_ERROR_TEXT_LEN  0014      pub  lbl 
tkpkg.amigaos.buffers.SCOPED_OWNER_CPU  0001      pub  lbl 
tkpkg.amigaos.buffers.SCOPED_OWNER_DIALECT  0002      pub  lbl 
tkpkg.amigaos.buffers.SCOPED_OWNER_FAMILY  0000      pub  lbl 
tkpkg.amigaos.buffers.storedLastErrorKind  2810      pub  lbl 
tkpkg.amigaos.buffers.storedLastErrorLen  280E      pub  lbl 
tkpkg.amigaos.buffers.storedLastErrorLenHi  280F      pub  lbl 
tkpkg.amigaos.buffers.tkvmChunkLenHi  2637      pub  lbl 
tkpkg.amigaos.buffers.tkvmChunkLenLo  2636      pub  lbl 
tkpkg.amigaos.buffers.tkvmChunkOffsetHi  2635      pub  lbl 
tkpkg.amigaos.buffers.tkvmChunkOffsetLo  2634      pub  lbl 
tkpkg.amigaos.buffers.TOKENIZER_VM_DIAG_CODE_CAPACITY  0020      pub  lbl 
tkpkg.amigaos.buffers.TOKENIZER_VM_STATE_TABLE_CAPACITY  0020      pub  lbl 
tkpkg.amigaos.buffers.tokenRecordBuffer  2020      pub  lbl 
tkpkg.amigaos.buffers.tokenScratchBuffer  2520      pub  lbl 
tkpkg.amigaos.buffers.TOKEN_BUFFER_CAPACITY  0040      pub  lbl 
tkpkg.amigaos.buffers.TOKEN_RECORD_SIZE  0014      pub  lbl 
tkpkg.amigaos.buffers.TOKEN_SCRATCH_CAPACITY  0100      pub  lbl 
tkpkg.amigaos.buffers.toksChunkLenHi  2633      pub  lbl 
tkpkg.amigaos.buffers.toksChunkLenLo  2632      pub  lbl 
tkpkg.amigaos.buffers.toksChunkOffsetHi  2631      pub  lbl 
tkpkg.amigaos.buffers.toksChunkOffsetLo  2630      pub  lbl 
tkpkg.amigaos.package_loader.chunkBoundsText  0159      pub  lbl 
tkpkg.amigaos.package_loader.CHUNK_BOUNDS_TEXT_LEN  001B      pub  lbl 
tkpkg.amigaos.package_loader.duplicateChunkText  0118      pub  lbl 
tkpkg.amigaos.package_loader.DUPLICATE_CHUNK_TEXT_LEN  0021      pub  lbl 
tkpkg.amigaos.package_loader.invalidEndianText  00D7      pub  lbl 
tkpkg.amigaos.package_loader.invalidMagicText  0095      pub  lbl 
tkpkg.amigaos.package_loader.INVALID_ENDIAN_TEXT_LEN  0021      pub  lbl 
tkpkg.amigaos.package_loader.INVALID_MAGIC_TEXT_LEN  001D      pub  lbl 
tkpkg.amigaos.package_loader.missingChunkText  013A      pub  lbl 
tkpkg.amigaos.package_loader.MISSING_CHUNK_TEXT_LEN  001E      pub  lbl 
tkpkg.amigaos.package_loader.OPASM_HEADER_SIZE  000C      pub  lbl 
tkpkg.amigaos.package_loader.OPASM_TOC_ENTRY_SIZE  000C      pub  lbl 
tkpkg.amigaos.package_loader.tkpkgPackageLoaderCheckCpus  01B2      pub  lbl 
tkpkg.amigaos.package_loader.tkpkgPackageLoaderCheckDial  01F2      pub  lbl 
tkpkg.amigaos.package_loader.tkpkgPackageLoaderCheckTkvm  0272      pub  lbl 
tkpkg.amigaos.package_loader.tkpkgPackageLoaderCheckToks  0232      pub  lbl 
tkpkg.amigaos.package_loader.tkpkgPackageLoaderChunkBounds  0340      pub  lbl 
tkpkg.amigaos.package_loader.tkpkgPackageLoaderClearLocatorLoop  0062      pub  lbl 
tkpkg.amigaos.package_loader.tkpkgPackageLoaderCopyDone  00AC      pub  lbl 
tkpkg.amigaos.package_loader.tkpkgPackageLoaderCopyLoop  00A6      pub  lbl 
tkpkg.amigaos.package_loader.tkpkgPackageLoaderDone  0056      pub  lbl 
tkpkg.amigaos.package_loader.tkpkgPackageLoaderDuplicateChunk  0328      pub  lbl 
tkpkg.amigaos.package_loader.tkpkgPackageLoaderInvalidEndian  0310      pub  lbl 
tkpkg.amigaos.package_loader.tkpkgPackageLoaderInvalidMagic  02F8      pub  lbl 
tkpkg.amigaos.package_loader.tkpkgPackageLoaderMissingChunk  0334      pub  lbl 
tkpkg.amigaos.package_loader.tkpkgPackageLoaderNextTocEntry  02AE      pub  lbl 
tkpkg.amigaos.package_loader.tkpkgPackageLoaderReadU32HighBits  02E6      pub  lbl 
tkpkg.amigaos.package_loader.tkpkgPackageLoaderTocLoop  0144      pub  lbl 
tkpkg.amigaos.package_loader.tkpkgPackageLoaderUnexpectedEof  031C      pub  lbl 
tkpkg.amigaos.package_loader.tkpkgPackageLoaderUnsupportedVersion  0304      pub  lbl 
tkpkg.amigaos.package_loader.tkpkg_package_loader_clear_loaded_state_v1  0058      pub  lbl 
tkpkg.amigaos.package_loader.tkpkg_package_loader_copy_input_bytes_v1  008E      pub  lbl 
tkpkg.amigaos.package_loader.tkpkg_package_loader_load_v1  0000      pub  lbl 
tkpkg.amigaos.package_loader.tkpkg_package_loader_read_input_len_v1  006A      pub  lbl 
tkpkg.amigaos.package_loader.tkpkg_package_loader_read_input_offset_v1  007C      pub  lbl 
tkpkg.amigaos.package_loader.tkpkg_package_loader_read_u32_le_low16_v1  02C8      pub  lbl 
tkpkg.amigaos.package_loader.tkpkg_package_loader_store_locator_v1  02EA      pub  lbl 
tkpkg.amigaos.package_loader.tkpkg_package_loader_validate_header_v1  00AE      pub  lbl 
tkpkg.amigaos.package_loader.tkpkg_package_loader_validate_toc_v1  00FE      pub  lbl 
tkpkg.amigaos.package_loader.unexpectedEofText  00F9      pub  lbl 
tkpkg.amigaos.package_loader.UNEXPECTED_EOF_TEXT_LEN  001E      pub  lbl 
tkpkg.amigaos.package_loader.unsupportedVersionText  00B3      pub  lbl 
tkpkg.amigaos.package_loader.UNSUPPORTED_VERSION_TEXT_LEN  0023      pub  lbl 
tkpkg.amigaos.pipeline.missingProgramText  0228      pub  lbl 
tkpkg.amigaos.pipeline.MISSING_PROGRAM_TEXT_LEN  0024      pub  lbl 
tkpkg.amigaos.pipeline.noPackageText  0196      pub  lbl 
tkpkg.amigaos.pipeline.NO_PACKAGE_TEXT_LEN  0029      pub  lbl 
tkpkg.amigaos.pipeline.tkpkgPipelineAllowLoop  08C2      pub  lbl 
tkpkg.amigaos.pipeline.tkpkgPipelineBadRequest  0638      pub  lbl 
tkpkg.amigaos.pipeline.tkpkgPipelineCanonicalDialect  07C2      pub  lbl 
tkpkg.amigaos.pipeline.tkpkgPipelineClearOptionalLocator  0AB2      pub  lbl 
tkpkg.amigaos.pipeline.tkpkgPipelineClearPendingLoop  0586      pub  lbl 
tkpkg.amigaos.pipeline.tkpkgPipelineCopyBufferDone  0A82      pub  lbl 
tkpkg.amigaos.pipeline.tkpkgPipelineCopyBufferLoop  0A7C      pub  lbl 
tkpkg.amigaos.pipeline.tkpkgPipelineCpuLoop  06AE      pub  lbl 
tkpkg.amigaos.pipeline.tkpkgPipelineCpuMissing  070E      pub  lbl 
tkpkg.amigaos.pipeline.tkpkgPipelineCpuUnresolved  065E      pub  lbl 
tkpkg.amigaos.pipeline.tkpkgPipelineDefaultDialect  07A6      pub  lbl 
tkpkg.amigaos.pipeline.tkpkgPipelineDialectAccept  0884      pub  lbl 
tkpkg.amigaos.pipeline.tkpkgPipelineDialectAllowed  08EC      pub  lbl 
tkpkg.amigaos.pipeline.tkpkgPipelineDialectDone  07D0      pub  lbl 
tkpkg.amigaos.pipeline.tkpkgPipelineDialectLoop  0814      pub  lbl 
tkpkg.amigaos.pipeline.tkpkgPipelineDialectMissing  07D4      pub  lbl 
tkpkg.amigaos.pipeline.tkpkgPipelineDialectNext  087C      pub  lbl 
tkpkg.amigaos.pipeline.tkpkgPipelineDialectNotFound  0880      pub  lbl 
tkpkg.amigaos.pipeline.tkpkgPipelineDialectRejected  08E8      pub  lbl 
tkpkg.amigaos.pipeline.tkpkgPipelineDialectUnresolved  0676      pub  lbl 
tkpkg.amigaos.pipeline.tkpkgPipelineDone  057C      pub  lbl 
tkpkg.amigaos.pipeline.tkpkgPipelineFamilyLoop  0744      pub  lbl 
tkpkg.amigaos.pipeline.tkpkgPipelineFamilyMissing  0782      pub  lbl 
tkpkg.amigaos.pipeline.tkpkgPipelineFamilyUnresolved  066A      pub  lbl 
tkpkg.amigaos.pipeline.tkpkgPipelineFindDialectEntryLoaded  07E2      pub  lbl 
tkpkg.amigaos.pipeline.tkpkgPipelineFoldDone  0BD4      pub  lbl 
tkpkg.amigaos.pipeline.tkpkgPipelineNoDialect  0626      pub  lbl 
tkpkg.amigaos.pipeline.tkpkgPipelineOptionalNone  0B58      pub  lbl 
tkpkg.amigaos.pipeline.tkpkgPipelineParseRequest  054E      pub  lbl 
tkpkg.amigaos.pipeline.tkpkgPipelineSeparatorFound  05D8      pub  lbl 
tkpkg.amigaos.pipeline.tkpkgPipelineSeparatorLoop  05C4      pub  lbl 
tkpkg.amigaos.pipeline.tkpkgPipelineSkipCpuEntry  0702      pub  lbl 
tkpkg.amigaos.pipeline.tkpkgPipelineSkipDialectAllowList  0876      pub  lbl 
tkpkg.amigaos.pipeline.tkpkgPipelineSkipDialectAllowListPayload  0878      pub  lbl 
tkpkg.amigaos.pipeline.tkpkgPipelineSkipDialectEntry  086E      pub  lbl 
tkpkg.amigaos.pipeline.tkpkgPipelineSkipFamilyEntry  077A      pub  lbl 
tkpkg.amigaos.pipeline.tkpkgPipelineSkipListDone  0B80      pub  lbl 
tkpkg.amigaos.pipeline.tkpkgPipelineSkipListLoop  0B78      pub  lbl 
tkpkg.amigaos.pipeline.tkpkgPipelineStringLoop  0B9E      pub  lbl 
tkpkg.amigaos.pipeline.tkpkgPipelineStringMatch  0BBC      pub  lbl 
tkpkg.amigaos.pipeline.tkpkgPipelineStringNoMatch  0BC0      pub  lbl 
tkpkg.amigaos.pipeline.tkpkgPipelineVmAfterOffsets  09D0      pub  lbl 
tkpkg.amigaos.pipeline.tkpkgPipelineVmFound  0996      pub  lbl 
tkpkg.amigaos.pipeline.tkpkgPipelineVmLoop  095E      pub  lbl 
tkpkg.amigaos.pipeline.tkpkgPipelineVmOffsetLoop  09CA      pub  lbl 
tkpkg.amigaos.pipeline.tkpkgPipelineVmOwnerMissing  0992      pub  lbl 
tkpkg.amigaos.pipeline.tkpkgPipelineVmResolved  092C      pub  lbl 
tkpkg.amigaos.pipeline.tkpkgPipelineVmSkipEntry  098A      pub  lbl 
tkpkg.amigaos.pipeline.tkpkg_pipeline_chunk_ptr_from_locator_v1  0B16      pub  lbl 
tkpkg.amigaos.pipeline.tkpkg_pipeline_commit_active_selection_v1  09FE      pub  lbl 
tkpkg.amigaos.pipeline.tkpkg_pipeline_copy_locator_to_buffer_v1  0A70      pub  lbl 
tkpkg.amigaos.pipeline.tkpkg_pipeline_copy_record_locator_v1  0A86      pub  lbl 
tkpkg.amigaos.pipeline.tkpkg_pipeline_dialect_allows_cpu_v1  0898      pub  lbl 
tkpkg.amigaos.pipeline.tkpkg_pipeline_find_cpu_entry_v1  0682      pub  lbl 
tkpkg.amigaos.pipeline.tkpkg_pipeline_find_dialect_entry_v1  07DE      pub  lbl 
tkpkg.amigaos.pipeline.tkpkg_pipeline_find_family_entry_v1  0712      pub  lbl 
tkpkg.amigaos.pipeline.tkpkg_pipeline_find_requested_dialect_entry_v1  07D8      pub  lbl 
tkpkg.amigaos.pipeline.tkpkg_pipeline_find_tokenizer_vm_owner_v1  0930      pub  lbl 
tkpkg.amigaos.pipeline.tkpkg_pipeline_fold_ascii_lower_v1  0BC4      pub  lbl 
tkpkg.amigaos.pipeline.tkpkg_pipeline_locate_optional_string_v1  0B4E      pub  lbl 
tkpkg.amigaos.pipeline.tkpkg_pipeline_locate_string_v1  0B3A      pub  lbl 
tkpkg.amigaos.pipeline.tkpkg_pipeline_parse_request_v1  057E      pub  lbl 
tkpkg.amigaos.pipeline.tkpkg_pipeline_placeholder  0BD6      pub  lbl 
tkpkg.amigaos.pipeline.tkpkg_pipeline_read_locator_ptr_len_v1  0AD4      pub  lbl 
tkpkg.amigaos.pipeline.tkpkg_pipeline_read_request_locator_ptr_len_v1  0AF8      pub  lbl 
tkpkg.amigaos.pipeline.tkpkg_pipeline_read_u32_le_low16_v1  0B82      pub  lbl 
tkpkg.amigaos.pipeline.tkpkg_pipeline_resolve_hierarchy_v1  063C      pub  lbl 
tkpkg.amigaos.pipeline.tkpkg_pipeline_resolve_selected_dialect_v1  0786      pub  lbl 
tkpkg.amigaos.pipeline.tkpkg_pipeline_resolve_tokenizer_vm_locator_v1  08F0      pub  lbl 
tkpkg.amigaos.pipeline.tkpkg_pipeline_set_active_v1  0538      pub  lbl 
tkpkg.amigaos.pipeline.tkpkg_pipeline_skip_optional_string_list_v1  0B64      pub  lbl 
tkpkg.amigaos.pipeline.tkpkg_pipeline_skip_optional_string_v1  0B5E      pub  lbl 
tkpkg.amigaos.pipeline.tkpkg_pipeline_skip_string_v1  0B48      pub  lbl 
tkpkg.amigaos.pipeline.tkpkg_pipeline_skip_tokenizer_vm_entry_v1  09B6      pub  lbl 
tkpkg.amigaos.pipeline.tkpkg_pipeline_store_optional_package_string_locator_v1  0AA8      pub  lbl 
tkpkg.amigaos.pipeline.tkpkg_pipeline_store_package_string_locator_v1  0A90      pub  lbl 
tkpkg.amigaos.pipeline.tkpkg_pipeline_store_record_locator_v1  0ABC      pub  lbl 
tkpkg.amigaos.pipeline.tkpkg_pipeline_string_eq_ascii_casefold_v1  0B92      pub  lbl 
tkpkg.amigaos.pipeline.unresolvedCpuText  01C1      pub  lbl 
tkpkg.amigaos.pipeline.unresolvedDialectText  0205      pub  lbl 
tkpkg.amigaos.pipeline.unresolvedFamilyText  01E3      pub  lbl 
tkpkg.amigaos.pipeline.UNRESOLVED_CPU_TEXT_LEN  0021      pub  lbl 
tkpkg.amigaos.pipeline.UNRESOLVED_DIALECT_TEXT_LEN  0022      pub  lbl 
tkpkg.amigaos.pipeline.UNRESOLVED_FAMILY_TEXT_LEN  0021      pub  lbl 
tkpkg.amigaos.service.tkpkgServiceBadControlBlock  28E6      pub  lbl 
tkpkg.amigaos.service.tkpkgServiceCopyLastErrorDone  2AB6      pub  lbl 
tkpkg.amigaos.service.tkpkgServiceCopyLastErrorLoop  2AB0      pub  lbl 
tkpkg.amigaos.service.tkpkgServiceDeferredRuntime  278C      pub  lbl 
tkpkg.amigaos.service.tkpkgServiceDispatchDone  27A0      pub  lbl 
tkpkg.amigaos.service.tkpkgServiceHandleInit  27A2      pub  lbl 
tkpkg.amigaos.service.tkpkgServiceHandleInitEntry  2792      pub  lbl 
tkpkg.amigaos.service.tkpkgServiceHandleLastError  27B4      pub  lbl 
tkpkg.amigaos.service.tkpkgServiceHandleLoadPackage  27F8      pub  lbl 
tkpkg.amigaos.service.tkpkgServiceHandleSetPipeline  2820      pub  lbl 
tkpkg.amigaos.service.tkpkgServiceHandleTokenizeLine  2854      pub  lbl 
tkpkg.amigaos.service.tkpkgServiceLastErrorBadRequest  27F2      pub  lbl 
tkpkg.amigaos.service.tkpkgServiceLastErrorDone  27E8      pub  lbl 
tkpkg.amigaos.service.tkpkgServiceLoadPackageError  281A      pub  lbl 
tkpkg.amigaos.service.tkpkgServiceRequestIdDone  294E      pub  lbl 
tkpkg.amigaos.service.tkpkgServiceSetPipelineBadRequest  2838      pub  lbl 
tkpkg.amigaos.service.tkpkgServiceSetPipelineOk  283E      pub  lbl 
tkpkg.amigaos.service.tkpkgServiceTokenizeLineBadRequest  286C      pub  lbl 
tkpkg.amigaos.service.tkpkgServiceTokenizeLineDone  2898      pub  lbl 
tkpkg.amigaos.service.tkpkgServiceTokenizeLineOk  2872      pub  lbl 
tkpkg.amigaos.service.tkpkg_service_bootstrap_v1  273C      pub  lbl 
tkpkg.amigaos.service.tkpkg_service_clear_stored_last_error_v1  2A2E      pub  lbl 
tkpkg.amigaos.service.tkpkg_service_copy_last_error_message_v1  2AA4      pub  lbl 
tkpkg.amigaos.service.tkpkg_service_dispatch_v1  274A      pub  lbl 
tkpkg.amigaos.service.tkpkg_service_increment_request_id_v1  2930      pub  lbl 
tkpkg.amigaos.service.tkpkg_service_prepare_request_v1  289A      pub  lbl 
tkpkg.amigaos.service.tkpkg_service_set_bad_control_block_v1  299A      pub  lbl 
tkpkg.amigaos.service.tkpkg_service_set_bad_request_v1  2960      pub  lbl 
tkpkg.amigaos.service.tkpkg_service_set_runtime_error_message_v1  2A00      pub  lbl 
tkpkg.amigaos.service.tkpkg_service_set_runtime_error_v1  29D4      pub  lbl 
tkpkg.amigaos.service.tkpkg_service_set_status_bad_control_block_v1  2AC4      pub  lbl 
tkpkg.amigaos.service.tkpkg_service_set_status_bad_request_v1  2AD0      pub  lbl 
tkpkg.amigaos.service.tkpkg_service_set_status_ok_v1  2ABA      pub  lbl 
tkpkg.amigaos.service.tkpkg_service_set_status_runtime_error_v1  2ADC      pub  lbl 
tkpkg.amigaos.service.tkpkg_service_validate_header_v1  28A8      pub  lbl 
tkpkg.amigaos.service.tkpkg_service_write_clear_extension_fields_v1  2A56      pub  lbl 
tkpkg.amigaos.service.tkpkg_service_write_clear_input_fields_v1  2A68      pub  lbl 
tkpkg.amigaos.service.tkpkg_service_write_clear_last_error_fields_v1  2A7A      pub  lbl 
tkpkg.amigaos.service.tkpkg_service_write_clear_output_fields_v1  2A44      pub  lbl 
tkpkg.amigaos.service.tkpkg_service_write_header_v1  28EE      pub  lbl 
tkpkg.amigaos.service.tkpkg_service_write_last_error_buffer_offset_v1  2A8C      pub  lbl 
tkpkg.amigaos.service.tkpkg_service_write_output_buffer_offset_v1  2A98      pub  lbl 
tkpkg.amigaos.tokenizer_vm.atSep  05A7      pub  lbl 
tkpkg.amigaos.tokenizer_vm.badPayloadText  031C      pub  lbl 
tkpkg.amigaos.tokenizer_vm.badProgramHeaderText  040B      pub  lbl 
tkpkg.amigaos.tokenizer_vm.BAD_PAYLOAD_TEXT_LEN  002A      pub  lbl 
tkpkg.amigaos.tokenizer_vm.BAD_PROGRAM_HEADER_TEXT_LEN  0024      pub  lbl 
tkpkg.amigaos.tokenizer_vm.closeParenText  05AB      pub  lbl 
tkpkg.amigaos.tokenizer_vm.colonSep  05A8      pub  lbl 
tkpkg.amigaos.tokenizer_vm.commaSpaceText  05AC      pub  lbl 
tkpkg.amigaos.tokenizer_vm.commaText  05AE      pub  lbl 
tkpkg.amigaos.tokenizer_vm.dashSep  05A9      pub  lbl 
tkpkg.amigaos.tokenizer_vm.decimalPowers  05BF      pub  lbl 
tkpkg.amigaos.tokenizer_vm.hexDigits  05AF      pub  lbl 
tkpkg.amigaos.tokenizer_vm.identifierPrefix  0561      pub  lbl 
tkpkg.amigaos.tokenizer_vm.invalidArgumentText  0431      pub  lbl 
tkpkg.amigaos.tokenizer_vm.invalidProgramText  03E6      pub  lbl 
tkpkg.amigaos.tokenizer_vm.INVALID_ARGUMENT_TEXT_LEN  0024      pub  lbl 
tkpkg.amigaos.tokenizer_vm.INVALID_PROGRAM_TEXT_LEN  0023      pub  lbl 
tkpkg.amigaos.tokenizer_vm.kindCloseBraceText  0626      pub  lbl 
tkpkg.amigaos.tokenizer_vm.kindCloseBracketText  0611      pub  lbl 
tkpkg.amigaos.tokenizer_vm.kindCloseParenText  0639      pub  lbl 
tkpkg.amigaos.tokenizer_vm.kindColonText  05EC      pub  lbl 
tkpkg.amigaos.tokenizer_vm.kindCommaText  05E7      pub  lbl 
tkpkg.amigaos.tokenizer_vm.kindDollarText  05F1      pub  lbl 
tkpkg.amigaos.tokenizer_vm.kindDotText  05F7      pub  lbl 
tkpkg.amigaos.tokenizer_vm.kindHashText  05FA      pub  lbl 
tkpkg.amigaos.tokenizer_vm.kindOpenBraceText  061D      pub  lbl 
tkpkg.amigaos.tokenizer_vm.kindOpenBracketText  0606      pub  lbl 
tkpkg.amigaos.tokenizer_vm.kindOpenParenText  0630      pub  lbl 
tkpkg.amigaos.tokenizer_vm.kindQuestionText  05FE      pub  lbl 
tkpkg.amigaos.tokenizer_vm.lexemeOverflowSuffixText  04B5      pub  lbl 
tkpkg.amigaos.tokenizer_vm.lexemeOverflowText  03C4      pub  lbl 
tkpkg.amigaos.tokenizer_vm.LEXEME_OVERFLOW_SUFFIX_LEN  001B      pub  lbl 
tkpkg.amigaos.tokenizer_vm.LEXEME_OVERFLOW_TEXT_LEN  0022      pub  lbl 
tkpkg.amigaos.tokenizer_vm.LOCAL_DECIMAL_EMITTED  000C      pub  lbl 
tkpkg.amigaos.tokenizer_vm.LOCAL_OUTPUT_LEN  0000      pub  lbl 
tkpkg.amigaos.tokenizer_vm.LOCAL_OUTPUT_OVERFLOW  0004      pub  lbl 
tkpkg.amigaos.tokenizer_vm.LOCAL_RENDER_LINE  0008      pub  lbl 
tkpkg.amigaos.tokenizer_vm.LOCAL_SIZE  0010      pub  lbl 
tkpkg.amigaos.tokenizer_vm.newlineSep  05AA      pub  lbl 
tkpkg.amigaos.tokenizer_vm.newlineText  0350      pub  lbl 
tkpkg.amigaos.tokenizer_vm.NEWLINE_TEXT_LEN  0026      pub  lbl 
tkpkg.amigaos.tokenizer_vm.noPipelineText  02F0      pub  lbl 
tkpkg.amigaos.tokenizer_vm.NO_PIPELINE_TEXT_LEN  0028      pub  lbl 
tkpkg.amigaos.tokenizer_vm.numberBasePrefix  057B      pub  lbl 
tkpkg.amigaos.tokenizer_vm.numberPrefix  056C      pub  lbl 
tkpkg.amigaos.tokenizer_vm.opBitAndText  0689      pub  lbl 
tkpkg.amigaos.tokenizer_vm.opBitNotText  067B      pub  lbl 
tkpkg.amigaos.tokenizer_vm.opBitOrText  068F      pub  lbl 
tkpkg.amigaos.tokenizer_vm.opBitXorText  0694      pub  lbl 
tkpkg.amigaos.tokenizer_vm.opDivideText  066C      pub  lbl 
tkpkg.amigaos.tokenizer_vm.opEqText  06B1      pub  lbl 
tkpkg.amigaos.tokenizer_vm.operatorPrefix  059E      pub  lbl 
tkpkg.amigaos.tokenizer_vm.opGeText  06B5      pub  lbl 
tkpkg.amigaos.tokenizer_vm.opGtText  06B7      pub  lbl 
tkpkg.amigaos.tokenizer_vm.opLeText  06B9      pub  lbl 
tkpkg.amigaos.tokenizer_vm.opLogicAndText  069A      pub  lbl 
tkpkg.amigaos.tokenizer_vm.opLogicNotText  0681      pub  lbl 
tkpkg.amigaos.tokenizer_vm.opLogicOrText  06A2      pub  lbl 
tkpkg.amigaos.tokenizer_vm.opLogicXorText  06A9      pub  lbl 
tkpkg.amigaos.tokenizer_vm.opLtText  06BB      pub  lbl 
tkpkg.amigaos.tokenizer_vm.opMinusText  065A      pub  lbl 
tkpkg.amigaos.tokenizer_vm.opModText  0672      pub  lbl 
tkpkg.amigaos.tokenizer_vm.opMultiplyText  065F      pub  lbl 
tkpkg.amigaos.tokenizer_vm.opNeText  06B3      pub  lbl 
tkpkg.amigaos.tokenizer_vm.opPlusText  0656      pub  lbl 
tkpkg.amigaos.tokenizer_vm.opPowerText  0667      pub  lbl 
tkpkg.amigaos.tokenizer_vm.opRangeInclusiveText  0648      pub  lbl 
tkpkg.amigaos.tokenizer_vm.opRangeText  0643      pub  lbl 
tkpkg.amigaos.tokenizer_vm.opShlText  0675      pub  lbl 
tkpkg.amigaos.tokenizer_vm.opShrText  0678      pub  lbl 
tkpkg.amigaos.tokenizer_vm.outputOverflowText  0459      pub  lbl 
tkpkg.amigaos.tokenizer_vm.OUTPUT_OVERFLOW_TEXT_LEN  0022      pub  lbl 
tkpkg.amigaos.tokenizer_vm.stepLimitSuffixText  047B      pub  lbl 
tkpkg.amigaos.tokenizer_vm.stepLimitText  037C      pub  lbl 
tkpkg.amigaos.tokenizer_vm.STEP_LIMIT_SUFFIX_LEN  0020      pub  lbl 
tkpkg.amigaos.tokenizer_vm.STEP_LIMIT_TEXT_LEN  0026      pub  lbl 
tkpkg.amigaos.tokenizer_vm.stringBytesPrefix  0591      pub  lbl 
tkpkg.amigaos.tokenizer_vm.stringPrefix  0583      pub  lbl 
tkpkg.amigaos.tokenizer_vm.stringSuffix  059B      pub  lbl 
tkpkg.amigaos.tokenizer_vm.tkpkgTokenizerAppendBareCloseBrace  2268      pub  lbl 
tkpkg.amigaos.tokenizer_vm.tkpkgTokenizerAppendBareCloseBracket  2250      pub  lbl 
tkpkg.amigaos.tokenizer_vm.tkpkgTokenizerAppendBareCloseParen  2280      pub  lbl 
tkpkg.amigaos.tokenizer_vm.tkpkgTokenizerAppendBareColon  2208      pub  lbl 
tkpkg.amigaos.tokenizer_vm.tkpkgTokenizerAppendBareComma  21FC      pub  lbl 
tkpkg.amigaos.tokenizer_vm.tkpkgTokenizerAppendBareDollar  2214      pub  lbl 
tkpkg.amigaos.tokenizer_vm.tkpkgTokenizerAppendBareDot  2220      pub  lbl 
tkpkg.amigaos.tokenizer_vm.tkpkgTokenizerAppendBareHash  222C      pub  lbl 
tkpkg.amigaos.tokenizer_vm.tkpkgTokenizerAppendBareOpenBrace  225C      pub  lbl 
tkpkg.amigaos.tokenizer_vm.tkpkgTokenizerAppendBareOpenBracket  2244      pub  lbl 
tkpkg.amigaos.tokenizer_vm.tkpkgTokenizerAppendBareOpenParen  2274      pub  lbl 
tkpkg.amigaos.tokenizer_vm.tkpkgTokenizerAppendBareQuestion  2238      pub  lbl 
tkpkg.amigaos.tokenizer_vm.tkpkgTokenizerAppendBytesDone  25E6      pub  lbl 
tkpkg.amigaos.tokenizer_vm.tkpkgTokenizerAppendBytesLoop  25DA      pub  lbl 
tkpkg.amigaos.tokenizer_vm.tkpkgTokenizerAppendCharStore  2600      pub  lbl 
tkpkg.amigaos.tokenizer_vm.tkpkgTokenizerAppendDigitCount  25A6      pub  lbl 
tkpkg.amigaos.tokenizer_vm.tkpkgTokenizerAppendDigitEmit  25BE      pub  lbl 
tkpkg.amigaos.tokenizer_vm.tkpkgTokenizerAppendDigitReady  25B0      pub  lbl 
tkpkg.amigaos.tokenizer_vm.tkpkgTokenizerAppendDigitSkip  25CC      pub  lbl 
tkpkg.amigaos.tokenizer_vm.tkpkgTokenizerAppendDigitStart  25BC      pub  lbl 
tkpkg.amigaos.tokenizer_vm.tkpkgTokenizerAppendIdentifier  2130      pub  lbl 
tkpkg.amigaos.tokenizer_vm.tkpkgTokenizerAppendNumber  2146      pub  lbl 
tkpkg.amigaos.tokenizer_vm.tkpkgTokenizerAppendNumberBaseDone  21B6      pub  lbl 
tkpkg.amigaos.tokenizer_vm.tkpkgTokenizerAppendNumberBin  21B4      pub  lbl 
tkpkg.amigaos.tokenizer_vm.tkpkgTokenizerAppendNumberHex  21B0      pub  lbl 
tkpkg.amigaos.tokenizer_vm.tkpkgTokenizerAppendNumberOct  21AC      pub  lbl 
tkpkg.amigaos.tokenizer_vm.tkpkgTokenizerAppendNumberSuffix  2194      pub  lbl 
tkpkg.amigaos.tokenizer_vm.tkpkgTokenizerAppendOperator  228C      pub  lbl 
tkpkg.amigaos.tokenizer_vm.tkpkgTokenizerAppendString  21CA      pub  lbl 
tkpkg.amigaos.tokenizer_vm.tkpkgTokenizerAppendU32Loop  25A2      pub  lbl 
tkpkg.amigaos.tokenizer_vm.tkpkgTokenizerBadPayload  1C02      pub  lbl 
tkpkg.amigaos.tokenizer_vm.tkpkgTokenizerByteListDone  2530      pub  lbl 
tkpkg.amigaos.tokenizer_vm.tkpkgTokenizerByteListLoop  2512      pub  lbl 
tkpkg.amigaos.tokenizer_vm.tkpkgTokenizerDebugBadProgramHeader  1D82      pub  lbl 
tkpkg.amigaos.tokenizer_vm.tkpkgTokenizerDiagErrorLimit  1F84      pub  lbl 
tkpkg.amigaos.tokenizer_vm.tkpkgTokenizerDiagLexemeLimit  1F74      pub  lbl 
tkpkg.amigaos.tokenizer_vm.tkpkgTokenizerDiagStepLimit  1F54      pub  lbl 
tkpkg.amigaos.tokenizer_vm.tkpkgTokenizerDiagTokenLimit  1F64      pub  lbl 
tkpkg.amigaos.tokenizer_vm.tkpkgTokenizerDiagUnterminatedString  1F44      pub  lbl 
tkpkg.amigaos.tokenizer_vm.tkpkgTokenizerDone  1BA4      pub  lbl 
tkpkg.amigaos.tokenizer_vm.tkpkgTokenizerEscapeBackslash  2558      pub  lbl 
tkpkg.amigaos.tokenizer_vm.tkpkgTokenizerEscapeCr  257C      pub  lbl 
tkpkg.amigaos.tokenizer_vm.tkpkgTokenizerEscapeLf  2570      pub  lbl 
tkpkg.amigaos.tokenizer_vm.tkpkgTokenizerEscapeQuote  2564      pub  lbl 
tkpkg.amigaos.tokenizer_vm.tkpkgTokenizerEscapeTab  2588      pub  lbl 
tkpkg.amigaos.tokenizer_vm.tkpkgTokenizerFinishStatusOverflow  1F04      pub  lbl 
tkpkg.amigaos.tokenizer_vm.tkpkgTokenizerInvalidProgram  1D76      pub  lbl 
tkpkg.amigaos.tokenizer_vm.tkpkgTokenizerNumberBaseBin  2666      pub  lbl 
tkpkg.amigaos.tokenizer_vm.tkpkgTokenizerNumberBaseDone  266C      pub  lbl 
tkpkg.amigaos.tokenizer_vm.tkpkgTokenizerNumberBaseHex  2662      pub  lbl 
tkpkg.amigaos.tokenizer_vm.tkpkgTokenizerNumberBaseOct  266A      pub  lbl 
tkpkg.amigaos.tokenizer_vm.tkpkgTokenizerNumberBaseSuffix  2648      pub  lbl 
tkpkg.amigaos.tokenizer_vm.tkpkgTokenizerOpBitAnd  23F8      pub  lbl 
tkpkg.amigaos.tokenizer_vm.tkpkgTokenizerOpBitNot  23E0      pub  lbl 
tkpkg.amigaos.tokenizer_vm.tkpkgTokenizerOpBitOr  2404      pub  lbl 
tkpkg.amigaos.tokenizer_vm.tkpkgTokenizerOpBitXor  2410      pub  lbl 
tkpkg.amigaos.tokenizer_vm.tkpkgTokenizerOpDivide  23B0      pub  lbl 
tkpkg.amigaos.tokenizer_vm.tkpkgTokenizerOpEq  2440      pub  lbl 
tkpkg.amigaos.tokenizer_vm.tkpkgTokenizerOpGe  2458      pub  lbl 
tkpkg.amigaos.tokenizer_vm.tkpkgTokenizerOpGt  2464      pub  lbl 
tkpkg.amigaos.tokenizer_vm.tkpkgTokenizerOpLe  2470      pub  lbl 
tkpkg.amigaos.tokenizer_vm.tkpkgTokenizerOpLogicAnd  241C      pub  lbl 
tkpkg.amigaos.tokenizer_vm.tkpkgTokenizerOpLogicNot  23EC      pub  lbl 
tkpkg.amigaos.tokenizer_vm.tkpkgTokenizerOpLogicOr  2428      pub  lbl 
tkpkg.amigaos.tokenizer_vm.tkpkgTokenizerOpLogicXor  2434      pub  lbl 
tkpkg.amigaos.tokenizer_vm.tkpkgTokenizerOpMinus  238C      pub  lbl 
tkpkg.amigaos.tokenizer_vm.tkpkgTokenizerOpMod  23BC      pub  lbl 
tkpkg.amigaos.tokenizer_vm.tkpkgTokenizerOpMultiply  2398      pub  lbl 
tkpkg.amigaos.tokenizer_vm.tkpkgTokenizerOpNe  244C      pub  lbl 
tkpkg.amigaos.tokenizer_vm.tkpkgTokenizerOpPlus  2380      pub  lbl 
tkpkg.amigaos.tokenizer_vm.tkpkgTokenizerOpPower  23A4      pub  lbl 
tkpkg.amigaos.tokenizer_vm.tkpkgTokenizerOpRange  2368      pub  lbl 
tkpkg.amigaos.tokenizer_vm.tkpkgTokenizerOpRangeInclusive  2374      pub  lbl 
tkpkg.amigaos.tokenizer_vm.tkpkgTokenizerOpShl  23C8      pub  lbl 
tkpkg.amigaos.tokenizer_vm.tkpkgTokenizerOpShr  23D4      pub  lbl 
tkpkg.amigaos.tokenizer_vm.tkpkgTokenizerPipelineReady  1AF4      pub  lbl 
tkpkg.amigaos.tokenizer_vm.tkpkgTokenizerQuotedClose  2496      pub  lbl 
tkpkg.amigaos.tokenizer_vm.tkpkgTokenizerQuotedLoop  248A      pub  lbl 
tkpkg.amigaos.tokenizer_vm.tkpkgTokenizerReadStringCopyDone  26F4      pub  lbl 
tkpkg.amigaos.tokenizer_vm.tkpkgTokenizerReadStringCopyLoop  26EA      pub  lbl 
tkpkg.amigaos.tokenizer_vm.tkpkgTokenizerReadStringLenReady  26E4      pub  lbl 
tkpkg.amigaos.tokenizer_vm.tkpkgTokenizerRender  1B96      pub  lbl 
tkpkg.amigaos.tokenizer_vm.tkpkgTokenizerRenderDone  208C      pub  lbl 
tkpkg.amigaos.tokenizer_vm.tkpkgTokenizerRenderLoop  2036      pub  lbl 
tkpkg.amigaos.tokenizer_vm.tkpkgTokenizerRenderOverflow  209E      pub  lbl 
tkpkg.amigaos.tokenizer_vm.tkpkgTokenizerSkipStateOffsets  1CA0      pub  lbl 
tkpkg.amigaos.tokenizer_vm.tkpkgTokenizerStatusCheckInvalidArgument  1DB0      pub  lbl 
tkpkg.amigaos.tokenizer_vm.tkpkgTokenizerStatusFallbackInvalidProgram  1DBA      pub  lbl 
tkpkg.amigaos.tokenizer_vm.tkpkgTokenizerStatusInvalidArgument  1EC0      pub  lbl 
tkpkg.amigaos.tokenizer_vm.tkpkgTokenizerStatusLexemeOverflow  1E0E      pub  lbl 
tkpkg.amigaos.tokenizer_vm.tkpkgTokenizerStatusNewline  1DC6      pub  lbl 
tkpkg.amigaos.tokenizer_vm.tkpkgTokenizerStatusStepLimit  1DD2      pub  lbl 
tkpkg.amigaos.tokenizer_vm.tkpkgTokenizerStatusTokenOverflow  1DF0      pub  lbl 
tkpkg.amigaos.tokenizer_vm.tkpkgTokenizerStatusVmDiagBudgetExceeded  1EA2      pub  lbl 
tkpkg.amigaos.tokenizer_vm.tkpkgTokenizerStatusVmEmitDiag  1E74      pub  lbl 
tkpkg.amigaos.tokenizer_vm.tkpkgTokenizerStatusVmFailReason  1E4E      pub  lbl 
tkpkg.amigaos.tokenizer_vm.tkpkgTokenizerStatusVmFailure  1E2C      pub  lbl 
tkpkg.amigaos.tokenizer_vm.tkpkgTokenizerStringRawClose  24F8      pub  lbl 
tkpkg.amigaos.tokenizer_vm.tkpkgTokenizerStringRawLoop  24EC      pub  lbl 
tkpkg.amigaos.tokenizer_vm.tkpkgTokenizerUpperQuotedClose  24CC      pub  lbl 
tkpkg.amigaos.tokenizer_vm.tkpkgTokenizerUpperQuotedEmit  24C4      pub  lbl 
tkpkg.amigaos.tokenizer_vm.tkpkgTokenizerUpperQuotedLoop  24B0      pub  lbl 
tkpkg.amigaos.tokenizer_vm.tkpkgTokenizerValidateInvalid  200A      pub  lbl 
tkpkg.amigaos.tokenizer_vm.tkpkgTokenizerValidateLoop  1FB4      pub  lbl 
tkpkg.amigaos.tokenizer_vm.tkpkgTokenizerValidateOk  2002      pub  lbl 
tkpkg.amigaos.tokenizer_vm.tkpkg_tokenizer_vm_append_bytes_v1  25D6      pub  lbl 
tkpkg.amigaos.tokenizer_vm.tkpkg_tokenizer_vm_append_byte_list_v1  250A      pub  lbl 
tkpkg.amigaos.tokenizer_vm.tkpkg_tokenizer_vm_append_char_v1  25E8      pub  lbl 
tkpkg.amigaos.tokenizer_vm.tkpkg_tokenizer_vm_append_escaped_char_v1  2536      pub  lbl 
tkpkg.amigaos.tokenizer_vm.tkpkg_tokenizer_vm_append_kind_debug_v1  20B4      pub  lbl 
tkpkg.amigaos.tokenizer_vm.tkpkg_tokenizer_vm_append_literal_at_v1  268E      pub  lbl 
tkpkg.amigaos.tokenizer_vm.tkpkg_tokenizer_vm_append_literal_close_paren_v1  26BE      pub  lbl 
tkpkg.amigaos.tokenizer_vm.tkpkg_tokenizer_vm_append_literal_colon_v1  269A      pub  lbl 
tkpkg.amigaos.tokenizer_vm.tkpkg_tokenizer_vm_append_literal_dash_v1  26A6      pub  lbl 
tkpkg.amigaos.tokenizer_vm.tkpkg_tokenizer_vm_append_literal_newline_v1  26B2      pub  lbl 
tkpkg.amigaos.tokenizer_vm.tkpkg_tokenizer_vm_append_operator_name_v1  22A4      pub  lbl 
tkpkg.amigaos.tokenizer_vm.tkpkg_tokenizer_vm_append_quoted_v1  247C      pub  lbl 
tkpkg.amigaos.tokenizer_vm.tkpkg_tokenizer_vm_append_string_raw_v1  24D8      pub  lbl 
tkpkg.amigaos.tokenizer_vm.tkpkg_tokenizer_vm_append_u32_v1  2594      pub  lbl 
tkpkg.amigaos.tokenizer_vm.tkpkg_tokenizer_vm_append_upper_quoted_v1  24A2      pub  lbl 
tkpkg.amigaos.tokenizer_vm.tkpkg_tokenizer_vm_begin_status_buffer_v1  1ECC      pub  lbl 
tkpkg.amigaos.tokenizer_vm.tkpkg_tokenizer_vm_finish_status_buffer_v1  1EEA      pub  lbl 
tkpkg.amigaos.tokenizer_vm.tkpkg_tokenizer_vm_get_diag_code_v1  1F16      pub  lbl 
tkpkg.amigaos.tokenizer_vm.tkpkg_tokenizer_vm_number_base_v1  2618      pub  lbl 
tkpkg.amigaos.tokenizer_vm.tkpkg_tokenizer_vm_read_bytes_field_v1  26FC      pub  lbl 
tkpkg.amigaos.tokenizer_vm.tkpkg_tokenizer_vm_read_line_payload_v1  1BAA      pub  lbl 
tkpkg.amigaos.tokenizer_vm.tkpkg_tokenizer_vm_read_program_v1  1C0E      pub  lbl 
tkpkg.amigaos.tokenizer_vm.tkpkg_tokenizer_vm_read_string_into_slot_v1  26D4      pub  lbl 
tkpkg.amigaos.tokenizer_vm.tkpkg_tokenizer_vm_read_u16_le_v1  270A      pub  lbl 
tkpkg.amigaos.tokenizer_vm.tkpkg_tokenizer_vm_read_u32_le_v1  2718      pub  lbl 
tkpkg.amigaos.tokenizer_vm.tkpkg_tokenizer_vm_record_ptr_v1  266E      pub  lbl 
tkpkg.amigaos.tokenizer_vm.tkpkg_tokenizer_vm_render_output_v1  2012      pub  lbl 
tkpkg.amigaos.tokenizer_vm.tkpkg_tokenizer_vm_skip_string_v1  26CA      pub  lbl 
tkpkg.amigaos.tokenizer_vm.tkpkg_tokenizer_vm_status_message_v1  1D8E      pub  lbl 
tkpkg.amigaos.tokenizer_vm.tkpkg_tokenizer_vm_tokenize_line_v1  1AD8      pub  lbl 
tkpkg.amigaos.tokenizer_vm.tkpkg_tokenizer_vm_validate_result_v1  1F94      pub  lbl 
tkpkg.amigaos.tokenizer_vm.TKVM_OPCODE_VERSION_V1  0001      pub  lbl 
tkpkg.amigaos.tokenizer_vm.TKVM_STREAM_MODE_LINE  0001      pub  lbl 
tkpkg.amigaos.tokenizer_vm.TKVM_STREAM_VERSION_V1  0001      pub  lbl 
tkpkg.amigaos.tokenizer_vm.tokenOverflowSuffixText  049B      pub  lbl 
tkpkg.amigaos.tokenizer_vm.tokenOverflowText  03A3      pub  lbl 
tkpkg.amigaos.tokenizer_vm.TOKEN_OVERFLOW_SUFFIX_LEN  001A      pub  lbl 
tkpkg.amigaos.tokenizer_vm.TOKEN_OVERFLOW_TEXT_LEN  0021      pub  lbl 
tkpkg.amigaos.tokenizer_vm.vmDiagBudgetExceededText  0515      pub  lbl 
tkpkg.amigaos.tokenizer_vm.vmEmitDiagSuffixText  04EE      pub  lbl 
tkpkg.amigaos.tokenizer_vm.vmFailureFallbackText  0544      pub  lbl 
tkpkg.amigaos.tokenizer_vm.vmFailureReasonSuffixText  04D0      pub  lbl 
tkpkg.amigaos.tokenizer_vm.VM_DIAG_BUDGET_EXCEEDED_LEN  002F      pub  lbl 
tkpkg.amigaos.tokenizer_vm.VM_EMIT_DIAG_SUFFIX_LEN  0027      pub  lbl 
tkpkg.amigaos.tokenizer_vm.VM_FAILURE_FALLBACK_TEXT_LEN  001C      pub  lbl 
tkpkg.amigaos.tokenizer_vm.VM_FAILURE_REASON_SUFFIX_LEN  001E      pub  lbl 
tkpkg.amigaos.token_policy.missingPolicyText  0175      pub  lbl 
tkpkg.amigaos.token_policy.MISSING_POLICY_TEXT_LEN  0021      pub  lbl 
tkpkg.amigaos.token_policy.tkpkgTokenPolicyFoldDone  0534      pub  lbl 
tkpkg.amigaos.token_policy.tkpkgTokenPolicyFound  0400      pub  lbl 
tkpkg.amigaos.token_policy.tkpkgTokenPolicyOwnerLoop  03C4      pub  lbl 
tkpkg.amigaos.token_policy.tkpkgTokenPolicyOwnerMissing  03FC      pub  lbl 
tkpkg.amigaos.token_policy.tkpkgTokenPolicyResolveDone  0388      pub  lbl 
tkpkg.amigaos.token_policy.tkpkgTokenPolicySkipDone  046C      pub  lbl 
tkpkg.amigaos.token_policy.tkpkgTokenPolicySkipEntry  03F4      pub  lbl 
tkpkg.amigaos.token_policy.tkpkgTokenPolicySkipOperatorsLoop  0464      pub  lbl 
tkpkg.amigaos.token_policy.tkpkgTokenPolicySkipTailExt  0430      pub  lbl 
tkpkg.amigaos.token_policy.tkpkgTokenPolicySkipTailStrings  0440      pub  lbl 
tkpkg.amigaos.token_policy.tkpkgTokenPolicyStringLoop  04FE      pub  lbl 
tkpkg.amigaos.token_policy.tkpkgTokenPolicyStringMatch  051C      pub  lbl 
tkpkg.amigaos.token_policy.tkpkgTokenPolicyStringNoMatch  0520      pub  lbl 
tkpkg.amigaos.token_policy.tkpkg_token_policy_chunk_ptr_from_locator_v1  04AA      pub  lbl 
tkpkg.amigaos.token_policy.tkpkg_token_policy_find_owner_v1  038C      pub  lbl 
tkpkg.amigaos.token_policy.tkpkg_token_policy_fold_ascii_lower_v1  0524      pub  lbl 
tkpkg.amigaos.token_policy.tkpkg_token_policy_locate_string_v1  04CE      pub  lbl 
tkpkg.amigaos.token_policy.tkpkg_token_policy_placeholder  0536      pub  lbl 
tkpkg.amigaos.token_policy.tkpkg_token_policy_read_locator_ptr_len_v1  0486      pub  lbl 
tkpkg.amigaos.token_policy.tkpkg_token_policy_read_u32_le_low16_v1  04E2      pub  lbl 
tkpkg.amigaos.token_policy.tkpkg_token_policy_resolve_locator_v1  034C      pub  lbl 
tkpkg.amigaos.token_policy.tkpkg_token_policy_skip_string_v1  04DC      pub  lbl 
tkpkg.amigaos.token_policy.tkpkg_token_policy_skip_toks_entry_v1  0420      pub  lbl 
tkpkg.amigaos.token_policy.tkpkg_token_policy_store_record_locator_v1  046E      pub  lbl 
tkpkg.amigaos.token_policy.tkpkg_token_policy_string_eq_ascii_casefold_v1  04F2      pub  lbl 
tokvm.amigaos.tokenizer_vm.abiMarker  0263      pub  lbl 
tokvm.amigaos.tokenizer_vm.demoFinish  02BA      pub  lbl 
tokvm.amigaos.tokenizer_vm.demoProgram  0278      pub  lbl 
tokvm.amigaos.tokenizer_vm.demoProgramLen  02EC      pub  lbl 
tokvm.amigaos.tokenizer_vm.demoReadChar  0278      pub  lbl 
tokvm.amigaos.tokenizer_vm.demoScanIdentifier  02A8      pub  lbl 
tokvm.amigaos.tokenizer_vm.demoScanNumber  02AE      pub  lbl 
tokvm.amigaos.tokenizer_vm.demoScanString  02B4      pub  lbl 
tokvm.amigaos.tokenizer_vm.demoScanSymbol  029C      pub  lbl 
tokvm.amigaos.tokenizer_vm.demoSkipWhitespace  02A2      pub  lbl 
tokvm.amigaos.tokenizer_vm.demoStateEntryOffsets  0251      pub  lbl 
tokvm.amigaos.tokenizer_vm.DEMO_PC_FINISH  0042      pub  lbl 
tokvm.amigaos.tokenizer_vm.DEMO_PC_READ_CHAR  0000      pub  lbl 
tokvm.amigaos.tokenizer_vm.DEMO_PC_SCAN_IDENTIFIER  0030      pub  lbl 
tokvm.amigaos.tokenizer_vm.DEMO_PC_SCAN_NUMBER  0036      pub  lbl 
tokvm.amigaos.tokenizer_vm.DEMO_PC_SCAN_STRING  003C      pub  lbl 
tokvm.amigaos.tokenizer_vm.DEMO_PC_SCAN_SYMBOL  0024      pub  lbl 
tokvm.amigaos.tokenizer_vm.DEMO_PC_SKIP_WHITESPACE  002A      pub  lbl 
tokvm.amigaos.tokenizer_vm.lexBitAnd  02D3      pub  lbl 
tokvm.amigaos.tokenizer_vm.lexBitNot  02CD      pub  lbl 
tokvm.amigaos.tokenizer_vm.lexBitOr  02D4      pub  lbl 
tokvm.amigaos.tokenizer_vm.lexBitXor  02D9      pub  lbl 
tokvm.amigaos.tokenizer_vm.lexCloseBrace  02C2      pub  lbl 
tokvm.amigaos.tokenizer_vm.lexCloseBracket  02C0      pub  lbl 
tokvm.amigaos.tokenizer_vm.lexCloseParen  02C6      pub  lbl 
tokvm.amigaos.tokenizer_vm.lexColon  02C4      pub  lbl 
tokvm.amigaos.tokenizer_vm.lexComma  02C3      pub  lbl 
tokvm.amigaos.tokenizer_vm.lexDivide  02CC      pub  lbl 
tokvm.amigaos.tokenizer_vm.lexDollar  02BC      pub  lbl 
tokvm.amigaos.tokenizer_vm.lexDot  02BB      pub  lbl 
tokvm.amigaos.tokenizer_vm.lexEq  02CE      pub  lbl 
tokvm.amigaos.tokenizer_vm.lexGe  02E0      pub  lbl 
tokvm.amigaos.tokenizer_vm.lexGt  02DF      pub  lbl 
tokvm.amigaos.tokenizer_vm.lexHash  02BD      pub  lbl 
tokvm.amigaos.tokenizer_vm.lexLe  02DD      pub  lbl 
tokvm.amigaos.tokenizer_vm.lexLogicAnd  02D5      pub  lbl 
tokvm.amigaos.tokenizer_vm.lexLogicNot  02D2      pub  lbl 
tokvm.amigaos.tokenizer_vm.lexLogicOr  02D7      pub  lbl 
tokvm.amigaos.tokenizer_vm.lexLogicXor  02DA      pub  lbl 
tokvm.amigaos.tokenizer_vm.lexLt  02DC      pub  lbl 
tokvm.amigaos.tokenizer_vm.lexMinus  02C8      pub  lbl 
tokvm.amigaos.tokenizer_vm.lexMod  02E6      pub  lbl 
tokvm.amigaos.tokenizer_vm.lexMultiply  02C9      pub  lbl 
tokvm.amigaos.tokenizer_vm.lexNe  02D0      pub  lbl 
tokvm.amigaos.tokenizer_vm.lexOpenBrace  02C1      pub  lbl 
tokvm.amigaos.tokenizer_vm.lexOpenBracket  02BF      pub  lbl 
tokvm.amigaos.tokenizer_vm.lexOpenParen  02C5      pub  lbl 
tokvm.amigaos.tokenizer_vm.lexPlus  02C7      pub  lbl 
tokvm.amigaos.tokenizer_vm.lexPower  02CA      pub  lbl 
tokvm.amigaos.tokenizer_vm.lexQuestion  02BE      pub  lbl 
tokvm.amigaos.tokenizer_vm.lexRange  02E7      pub  lbl 
tokvm.amigaos.tokenizer_vm.lexRangeInclusive  02E9      pub  lbl 
tokvm.amigaos.tokenizer_vm.lexShl  02E2      pub  lbl 
tokvm.amigaos.tokenizer_vm.lexShr  02E4      pub  lbl 
tokvm.amigaos.tokenizer_vm.LOCAL_CURRENT_BYTE  0000      pub  lbl 
tokvm.amigaos.tokenizer_vm.LOCAL_PENDING_END  000C      pub  lbl 
tokvm.amigaos.tokenizer_vm.LOCAL_PENDING_KIND  0004      pub  lbl 
tokvm.amigaos.tokenizer_vm.LOCAL_PENDING_LEX_LEN  0010      pub  lbl 
tokvm.amigaos.tokenizer_vm.LOCAL_PENDING_START  0008      pub  lbl 
tokvm.amigaos.tokenizer_vm.LOCAL_PROGRAM_COUNTER  0018      pub  lbl 
tokvm.amigaos.tokenizer_vm.LOCAL_SIZE  0024      pub  lbl 
tokvm.amigaos.tokenizer_vm.LOCAL_STEP_COUNT  001C      pub  lbl 
tokvm.amigaos.tokenizer_vm.LOCAL_STEP_LIMIT  0020      pub  lbl 
tokvm.amigaos.tokenizer_vm.LOCAL_TEMP_U32  0014      pub  lbl 
tokvm.amigaos.tokenizer_vm.SCRATCH_BUFFER_CAPACITY  0400      pub  lbl 
tokvm.amigaos.tokenizer_vm.SOURCE_BUFFER_CAPACITY  0400      pub  lbl 
tokvm.amigaos.tokenizer_vm.TK_CLASS_DIGIT  0004      pub  lbl 
tokvm.amigaos.tokenizer_vm.TK_CLASS_IDENTIFIER_CONTINUE  0003      pub  lbl 
tokvm.amigaos.tokenizer_vm.TK_CLASS_IDENTIFIER_START  0002      pub  lbl 
tokvm.amigaos.tokenizer_vm.TK_CLASS_QUOTE  0005      pub  lbl 
tokvm.amigaos.tokenizer_vm.TK_CLASS_WHITESPACE  0001      pub  lbl 
tokvm.amigaos.tokenizer_vm.TK_KIND_CLOSE_BRACE  000D      pub  lbl 
tokvm.amigaos.tokenizer_vm.TK_KIND_CLOSE_BRACKET  000B      pub  lbl 
tokvm.amigaos.tokenizer_vm.TK_KIND_CLOSE_PAREN  000F      pub  lbl 
tokvm.amigaos.tokenizer_vm.TK_KIND_COLON  0005      pub  lbl 
tokvm.amigaos.tokenizer_vm.TK_KIND_COMMA  0004      pub  lbl 
tokvm.amigaos.tokenizer_vm.TK_KIND_DOLLAR  0006      pub  lbl 
tokvm.amigaos.tokenizer_vm.TK_KIND_DOT  0007      pub  lbl 
tokvm.amigaos.tokenizer_vm.TK_KIND_HASH  0008      pub  lbl 
tokvm.amigaos.tokenizer_vm.TK_KIND_IDENTIFIER  0000      pub  lbl 
tokvm.amigaos.tokenizer_vm.TK_KIND_NUMBER  0002      pub  lbl 
tokvm.amigaos.tokenizer_vm.TK_KIND_OPEN_BRACE  000C      pub  lbl 
tokvm.amigaos.tokenizer_vm.TK_KIND_OPEN_BRACKET  000A      pub  lbl 
tokvm.amigaos.tokenizer_vm.TK_KIND_OPEN_PAREN  000E      pub  lbl 
tokvm.amigaos.tokenizer_vm.TK_KIND_OP_BIT_AND  001C      pub  lbl 
tokvm.amigaos.tokenizer_vm.TK_KIND_OP_BIT_NOT  001A      pub  lbl 
tokvm.amigaos.tokenizer_vm.TK_KIND_OP_BIT_OR  001D      pub  lbl 
tokvm.amigaos.tokenizer_vm.TK_KIND_OP_BIT_XOR  001E      pub  lbl 
tokvm.amigaos.tokenizer_vm.TK_KIND_OP_DIVIDE  0016      pub  lbl 
tokvm.amigaos.tokenizer_vm.TK_KIND_OP_EQ  0022      pub  lbl 
tokvm.amigaos.tokenizer_vm.TK_KIND_OP_GE  0024      pub  lbl 
tokvm.amigaos.tokenizer_vm.TK_KIND_OP_GT  0025      pub  lbl 
tokvm.amigaos.tokenizer_vm.TK_KIND_OP_LE  0026      pub  lbl 
tokvm.amigaos.tokenizer_vm.TK_KIND_OP_LOGIC_AND  001F      pub  lbl 
tokvm.amigaos.tokenizer_vm.TK_KIND_OP_LOGIC_NOT  001B      pub  lbl 
tokvm.amigaos.tokenizer_vm.TK_KIND_OP_LOGIC_OR  0020      pub  lbl 
tokvm.amigaos.tokenizer_vm.TK_KIND_OP_LOGIC_XOR  0021      pub  lbl 
tokvm.amigaos.tokenizer_vm.TK_KIND_OP_LT  0027      pub  lbl 
tokvm.amigaos.tokenizer_vm.TK_KIND_OP_MINUS  0013      pub  lbl 
tokvm.amigaos.tokenizer_vm.TK_KIND_OP_MOD  0017      pub  lbl 
tokvm.amigaos.tokenizer_vm.TK_KIND_OP_MULTIPLY  0014      pub  lbl 
tokvm.amigaos.tokenizer_vm.TK_KIND_OP_NE  0023      pub  lbl 
tokvm.amigaos.tokenizer_vm.TK_KIND_OP_PLUS  0012      pub  lbl 
tokvm.amigaos.tokenizer_vm.TK_KIND_OP_POWER  0015      pub  lbl 
tokvm.amigaos.tokenizer_vm.TK_KIND_OP_RANGE  0010      pub  lbl 
tokvm.amigaos.tokenizer_vm.TK_KIND_OP_RANGE_INCLUSIVE  0011      pub  lbl 
tokvm.amigaos.tokenizer_vm.TK_KIND_OP_SHL  0018      pub  lbl 
tokvm.amigaos.tokenizer_vm.TK_KIND_OP_SHR  0019      pub  lbl 
tokvm.amigaos.tokenizer_vm.TK_KIND_QUESTION  0009      pub  lbl 
tokvm.amigaos.tokenizer_vm.TK_KIND_STRING  0003      pub  lbl 
tokvm.amigaos.tokenizer_vm.TK_OPCODE_ADVANCE  0002      pub  lbl 
tokvm.amigaos.tokenizer_vm.TK_OPCODE_EMIT_DIAG  000C      pub  lbl 
tokvm.amigaos.tokenizer_vm.TK_OPCODE_EMIT_TOKEN  0005      pub  lbl 
tokvm.amigaos.tokenizer_vm.TK_OPCODE_END  0000      pub  lbl 
tokvm.amigaos.tokenizer_vm.TK_OPCODE_FAIL  000B      pub  lbl 
tokvm.amigaos.tokenizer_vm.TK_OPCODE_JUMP  0007      pub  lbl 
tokvm.amigaos.tokenizer_vm.TK_OPCODE_JUMP_IF_BYTE_EQ  0009      pub  lbl 
tokvm.amigaos.tokenizer_vm.TK_OPCODE_JUMP_IF_CLASS  000A      pub  lbl 
tokvm.amigaos.tokenizer_vm.TK_OPCODE_JUMP_IF_EOL  0008      pub  lbl 
tokvm.amigaos.tokenizer_vm.TK_OPCODE_PUSH_CHAR  0004      pub  lbl 
tokvm.amigaos.tokenizer_vm.TK_OPCODE_READ_CHAR  0001      pub  lbl 
tokvm.amigaos.tokenizer_vm.TK_OPCODE_SCAN_CORE  000E      pub  lbl 
tokvm.amigaos.tokenizer_vm.TK_OPCODE_SCAN_IDENTIFIER  000F      pub  lbl 
tokvm.amigaos.tokenizer_vm.TK_OPCODE_SCAN_NUMBER  0010      pub  lbl 
tokvm.amigaos.tokenizer_vm.TK_OPCODE_SCAN_STRING  0011      pub  lbl 
tokvm.amigaos.tokenizer_vm.TK_OPCODE_SCAN_SYMBOL  0012      pub  lbl 
tokvm.amigaos.tokenizer_vm.TK_OPCODE_SET_STATE  0006      pub  lbl 
tokvm.amigaos.tokenizer_vm.TK_OPCODE_START_LEXEME  0003      pub  lbl 
tokvm.amigaos.tokenizer_vm.TK_STATUS_INVALID_ARGUMENT  0005      pub  lbl 
tokvm.amigaos.tokenizer_vm.TK_STATUS_INVALID_PROGRAM  0006      pub  lbl 
tokvm.amigaos.tokenizer_vm.TK_STATUS_LEXEME_OVERFLOW  0003      pub  lbl 
tokvm.amigaos.tokenizer_vm.TK_STATUS_NEWLINE_UNSUPPORTED  0001      pub  lbl 
tokvm.amigaos.tokenizer_vm.TK_STATUS_STEP_LIMIT_EXCEEDED  0007      pub  lbl 
tokvm.amigaos.tokenizer_vm.TK_STATUS_SUCCESS  0000      pub  lbl 
tokvm.amigaos.tokenizer_vm.TK_STATUS_TOKEN_OVERFLOW  0002      pub  lbl 
tokvm.amigaos.tokenizer_vm.TK_STATUS_VM_FAILURE  0004      pub  lbl 
tokvm.amigaos.tokenizer_vm.TK_VM_FAILURE_KIND_EMIT_DIAG  0002      pub  lbl 
tokvm.amigaos.tokenizer_vm.TK_VM_FAILURE_KIND_FAIL  0001      pub  lbl 
tokvm.amigaos.tokenizer_vm.TK_VM_FAILURE_KIND_NONE  0000      pub  lbl 
tokvm.amigaos.tokenizer_vm.TOKEN_BUFFER_CAPACITY  0040      pub  lbl 
tokvm.amigaos.tokenizer_vm.TOKEN_RECORD_SIZE  0014      pub  lbl 
tokvm.amigaos.tokenizer_vm.tokvmApplyClassJump  1026      pub  lbl 
tokvm.amigaos.tokenizer_vm.tokvmCheckIdentContinueDigit  18C0      pub  lbl 
tokvm.amigaos.tokenizer_vm.tokvmCheckIdentContinueLower  18B0      pub  lbl 
tokvm.amigaos.tokenizer_vm.tokvmCheckIdentExtra  18D0      pub  lbl 
tokvm.amigaos.tokenizer_vm.tokvmCheckIdentStartLower  187C      pub  lbl 
tokvm.amigaos.tokenizer_vm.tokvmCheckIdentStartPunct  188C      pub  lbl 
tokvm.amigaos.tokenizer_vm.tokvmCheckNumberExtra  1938      pub  lbl 
tokvm.amigaos.tokenizer_vm.tokvmCheckNumberLetters  1918      pub  lbl 
tokvm.amigaos.tokenizer_vm.tokvmCheckNumberLower  1928      pub  lbl 
tokvm.amigaos.tokenizer_vm.tokvmCheckProgramPointer  0CA2      pub  lbl 
tokvm.amigaos.tokenizer_vm.tokvmCheckScratchPointer  0C94      pub  lbl 
tokvm.amigaos.tokenizer_vm.tokvmCheckTokenPointer  0C86      pub  lbl 
tokvm.amigaos.tokenizer_vm.tokvmClassDigit  0FFE      pub  lbl 
tokvm.amigaos.tokenizer_vm.tokvmClassIdentContinue  0FEA      pub  lbl 
tokvm.amigaos.tokenizer_vm.tokvmClassIdentStart  0FD6      pub  lbl 
tokvm.amigaos.tokenizer_vm.tokvmClassQuote  1016      pub  lbl 
tokvm.amigaos.tokenizer_vm.tokvmClassWhitespace  0FC2      pub  lbl 
tokvm.amigaos.tokenizer_vm.tokvmCommitPendingToken  10BE      pub  lbl 
tokvm.amigaos.tokenizer_vm.tokvmCopyIdentifierByte  119C      pub  lbl 
tokvm.amigaos.tokenizer_vm.tokvmHexDigitValue  1978      pub  lbl 
tokvm.amigaos.tokenizer_vm.tokvmHexInvalid  19D4      pub  lbl 
tokvm.amigaos.tokenizer_vm.tokvmHexLower  19B4      pub  lbl 
tokvm.amigaos.tokenizer_vm.tokvmHexUpper  1994      pub  lbl 
tokvm.amigaos.tokenizer_vm.tokvmInvalidArgument  1098      pub  lbl 
tokvm.amigaos.tokenizer_vm.tokvmInvalidProgramAtCursor  10B0      pub  lbl 
tokvm.amigaos.tokenizer_vm.tokvmIsHexDigitOrUnderscore  195C      pub  lbl 
tokvm.amigaos.tokenizer_vm.tokvmIsIdentifierContinue  18A0      pub  lbl 
tokvm.amigaos.tokenizer_vm.tokvmIsIdentifierStart  186C      pub  lbl 
tokvm.amigaos.tokenizer_vm.tokvmIsNumberBody  1908      pub  lbl 
tokvm.amigaos.tokenizer_vm.tokvmIsQuoteChar  18F4      pub  lbl 
tokvm.amigaos.tokenizer_vm.tokvmIsWhitespace  1858      pub  lbl 
tokvm.amigaos.tokenizer_vm.tokvmLastFailureKind  025F      pub  lbl 
tokvm.amigaos.tokenizer_vm.tokvmLastFailureOperand  0261      pub  lbl 
tokvm.amigaos.tokenizer_vm.tokvmNewlineScanDone  0CDA      pub  lbl 
tokvm.amigaos.tokenizer_vm.tokvmNewlineScanLoop  0CB2      pub  lbl 
tokvm.amigaos.tokenizer_vm.tokvmNewlineUnsupported  0CD2      pub  lbl 
tokvm.amigaos.tokenizer_vm.tokvmOpcodeAdvance  0DBE      pub  lbl 
tokvm.amigaos.tokenizer_vm.tokvmOpcodeDispatchTable  0D4C      pub  lbl 
tokvm.amigaos.tokenizer_vm.tokvmOpcodeEmitDiag  0E9E      pub  lbl 
tokvm.amigaos.tokenizer_vm.tokvmOpcodeEmitToken  0E0E      pub  lbl 
tokvm.amigaos.tokenizer_vm.tokvmOpcodeEnd  0D98      pub  lbl 
tokvm.amigaos.tokenizer_vm.tokvmOpcodeFail  0E7C      pub  lbl 
tokvm.amigaos.tokenizer_vm.tokvmOpcodeJump  0EC0      pub  lbl 
tokvm.amigaos.tokenizer_vm.tokvmOpcodeJumpIfByteEq  0F16      pub  lbl 
tokvm.amigaos.tokenizer_vm.tokvmOpcodeJumpIfClass  0F60      pub  lbl 
tokvm.amigaos.tokenizer_vm.tokvmOpcodeJumpIfEol  0EE8      pub  lbl 
tokvm.amigaos.tokenizer_vm.tokvmOpcodePushChar  0DDA      pub  lbl 
tokvm.amigaos.tokenizer_vm.tokvmOpcodeReadChar  0DA4      pub  lbl 
tokvm.amigaos.tokenizer_vm.tokvmOpcodeScanIdentifier  1038      pub  lbl 
tokvm.amigaos.tokenizer_vm.tokvmOpcodeScanNumber  1050      pub  lbl 
tokvm.amigaos.tokenizer_vm.tokvmOpcodeScanString  1068      pub  lbl 
tokvm.amigaos.tokenizer_vm.tokvmOpcodeScanSymbol  1080      pub  lbl 
tokvm.amigaos.tokenizer_vm.tokvmOpcodeSetState  0E30      pub  lbl 
tokvm.amigaos.tokenizer_vm.tokvmOpcodeStartLexeme  0DCA      pub  lbl 
tokvm.amigaos.tokenizer_vm.tokvmPendingLexemeOverflow  1120      pub  lbl 
tokvm.amigaos.tokenizer_vm.tokvmPendingLexemeOverflowFromScan  1850      pub  lbl 
tokvm.amigaos.tokenizer_vm.tokvmPendingTokenOverflow  1118      pub  lbl 
tokvm.amigaos.tokenizer_vm.tokvmPercentCheckPrevNonSpaceByte  1A24      pub  lbl 
tokvm.amigaos.tokenizer_vm.tokvmPercentHasPrefixContext  19D8      pub  lbl 
tokvm.amigaos.tokenizer_vm.tokvmPercentMarkLeadingSpace  1A06      pub  lbl 
tokvm.amigaos.tokenizer_vm.tokvmPercentPrefixFalse  1AD0      pub  lbl 
tokvm.amigaos.tokenizer_vm.tokvmPercentPrefixTrue  1AD4      pub  lbl 
tokvm.amigaos.tokenizer_vm.tokvmPercentPrevNonSpaceLoop  1A0C      pub  lbl 
tokvm.amigaos.tokenizer_vm.tokvmPredicateFalse  1974      pub  lbl 
tokvm.amigaos.tokenizer_vm.tokvmPredicateTrue  1970      pub  lbl 
tokvm.amigaos.tokenizer_vm.tokvmProgramLoop  0D10      pub  lbl 
tokvm.amigaos.tokenizer_vm.tokvmProgramLoopDispatchOpcode  0D32      pub  lbl 
tokvm.amigaos.tokenizer_vm.tokvmProgramStartState  025D      pub  lbl 
tokvm.amigaos.tokenizer_vm.tokvmProgramStateCount  0259      pub  lbl 
tokvm.amigaos.tokenizer_vm.tokvmProgramStateTablePtr  0255      pub  lbl 
tokvm.amigaos.tokenizer_vm.tokvmReturn  10B2      pub  lbl 
tokvm.amigaos.tokenizer_vm.tokvmScanAndLike  16BA      pub  lbl 
tokvm.amigaos.tokenizer_vm.tokvmScanBangLike  1682      pub  lbl 
tokvm.amigaos.tokenizer_vm.tokvmScanCaretLike  172A      pub  lbl 
tokvm.amigaos.tokenizer_vm.tokvmScanCommentToEol  142A      pub  lbl 
tokvm.amigaos.tokenizer_vm.tokvmScanDollarOrPrefixedNumber  148C      pub  lbl 
tokvm.amigaos.tokenizer_vm.tokvmScanDotLike  1430      pub  lbl 
tokvm.amigaos.tokenizer_vm.tokvmScanEqualLike  165C      pub  lbl 
tokvm.amigaos.tokenizer_vm.tokvmScanGreaterLike  17DA      pub  lbl 
tokvm.amigaos.tokenizer_vm.tokvmScanIdentifierCommit  11CE      pub  lbl 
tokvm.amigaos.tokenizer_vm.tokvmScanIdentifierDone  11A8      pub  lbl 
tokvm.amigaos.tokenizer_vm.tokvmScanIdentifierLoop  115E      pub  lbl 
tokvm.amigaos.tokenizer_vm.tokvmScanIdentifierToken  1152      pub  lbl 
tokvm.amigaos.tokenizer_vm.tokvmScanLessLike  1762      pub  lbl 
tokvm.amigaos.tokenizer_vm.tokvmScanNumberAcceptByte  1214      pub  lbl 
tokvm.amigaos.tokenizer_vm.tokvmScanNumberCheckBody  1208      pub  lbl 
tokvm.amigaos.tokenizer_vm.tokvmScanNumberDone  122E      pub  lbl 
tokvm.amigaos.tokenizer_vm.tokvmScanNumberLoop  11EC      pub  lbl 
tokvm.amigaos.tokenizer_vm.tokvmScanNumberToken  11E0      pub  lbl 
tokvm.amigaos.tokenizer_vm.tokvmScanOrLike  16F2      pub  lbl 
tokvm.amigaos.tokenizer_vm.tokvmScanPercentAsNumber  14E2      pub  lbl 
tokvm.amigaos.tokenizer_vm.tokvmScanPercentOrPrefixedNumber  14C4      pub  lbl 
tokvm.amigaos.tokenizer_vm.tokvmScanStarLike  15FC      pub  lbl 
tokvm.amigaos.tokenizer_vm.tokvmScanStringClose  1326      pub  lbl 
tokvm.amigaos.tokenizer_vm.tokvmScanStringCopyLiteral  1300      pub  lbl 
tokvm.amigaos.tokenizer_vm.tokvmScanStringEmitDecoded  131A      pub  lbl 
tokvm.amigaos.tokenizer_vm.tokvmScanStringFailure  133A      pub  lbl 
tokvm.amigaos.tokenizer_vm.tokvmScanStringLiteralOverflow  1314      pub  lbl 
tokvm.amigaos.tokenizer_vm.tokvmScanStringLoop  1258      pub  lbl 
tokvm.amigaos.tokenizer_vm.tokvmScanStringToken  1240      pub  lbl 
tokvm.amigaos.tokenizer_vm.tokvmScanSymbolInvalidProgram  1848      pub  lbl 
tokvm.amigaos.tokenizer_vm.tokvmScanSymbolToken  133E      pub  lbl 
tokvm.amigaos.tokenizer_vm.tokvmSetProgramStateStore  0BF8      pub  lbl 
tokvm.amigaos.tokenizer_vm.tokvmSetStepBudgetStore  0BE2      pub  lbl 
tokvm.amigaos.tokenizer_vm.tokvmStageAltNe  17B4      pub  lbl 
tokvm.amigaos.tokenizer_vm.tokvmStageAndCommitSymbol  1830      pub  lbl 
tokvm.amigaos.tokenizer_vm.tokvmStageAndCommitSymbolDone  1846      pub  lbl 
tokvm.amigaos.tokenizer_vm.tokvmStageBitAnd  16E0      pub  lbl 
tokvm.amigaos.tokenizer_vm.tokvmStageBitNot  1648      pub  lbl 
tokvm.amigaos.tokenizer_vm.tokvmStageBitOr  1718      pub  lbl 
tokvm.amigaos.tokenizer_vm.tokvmStageBitXor  1750      pub  lbl 
tokvm.amigaos.tokenizer_vm.tokvmStageCloseBrace  1570      pub  lbl 
tokvm.amigaos.tokenizer_vm.tokvmStageCloseBracket  1548      pub  lbl 
tokvm.amigaos.tokenizer_vm.tokvmStageCloseParen  15C0      pub  lbl 
tokvm.amigaos.tokenizer_vm.tokvmStageColon  1598      pub  lbl 
tokvm.amigaos.tokenizer_vm.tokvmStageComma  1584      pub  lbl 
tokvm.amigaos.tokenizer_vm.tokvmStageDivide  1634      pub  lbl 
tokvm.amigaos.tokenizer_vm.tokvmStageDollar  14B2      pub  lbl 
tokvm.amigaos.tokenizer_vm.tokvmStageDot  147A      pub  lbl 
tokvm.amigaos.tokenizer_vm.tokvmStageEq  1670      pub  lbl 
tokvm.amigaos.tokenizer_vm.tokvmStageFixedLexeme  1128      pub  lbl 
tokvm.amigaos.tokenizer_vm.tokvmStageFixedLexemeDone  114E      pub  lbl 
tokvm.amigaos.tokenizer_vm.tokvmStageFixedLexemeLoop  1140      pub  lbl 
tokvm.amigaos.tokenizer_vm.tokvmStageGe  180E      pub  lbl 
tokvm.amigaos.tokenizer_vm.tokvmStageGt  1822      pub  lbl 
tokvm.amigaos.tokenizer_vm.tokvmStageHash  150C      pub  lbl 
tokvm.amigaos.tokenizer_vm.tokvmStageLe  17A0      pub  lbl 
tokvm.amigaos.tokenizer_vm.tokvmStageLogicNot  16A8      pub  lbl 
tokvm.amigaos.tokenizer_vm.tokvmStageLt  17C8      pub  lbl 
tokvm.amigaos.tokenizer_vm.tokvmStageMinus  15E8      pub  lbl 
tokvm.amigaos.tokenizer_vm.tokvmStageMultiply  160E      pub  lbl 
tokvm.amigaos.tokenizer_vm.tokvmStageOpenBrace  155C      pub  lbl 
tokvm.amigaos.tokenizer_vm.tokvmStageOpenBracket  1534      pub  lbl 
tokvm.amigaos.tokenizer_vm.tokvmStageOpenParen  15AC      pub  lbl 
tokvm.amigaos.tokenizer_vm.tokvmStagePercent  14FA      pub  lbl 
tokvm.amigaos.tokenizer_vm.tokvmStagePlus  15D4      pub  lbl 
tokvm.amigaos.tokenizer_vm.tokvmStagePower  1620      pub  lbl 
tokvm.amigaos.tokenizer_vm.tokvmStageQuestion  1520      pub  lbl 
tokvm.amigaos.tokenizer_vm.tokvmStageRange  1468      pub  lbl 
tokvm.amigaos.tokenizer_vm.tokvmStageShl  178C      pub  lbl 
tokvm.amigaos.tokenizer_vm.tokvmStageShr  17FA      pub  lbl 
tokvm.amigaos.tokenizer_vm.tokvmStepBudget  024D      pub  lbl 
tokvm.amigaos.tokenizer_vm.tokvmStepLimitExceeded  10AA      pub  lbl 
tokvm.amigaos.tokenizer_vm.tokvmStoreCurrentByte  0DB6      pub  lbl 
tokvm.amigaos.tokenizer_vm.tokvmStoreEofByte  0DB4      pub  lbl 
tokvm.amigaos.tokenizer_vm.tokvmStringEscapeHex  12B8      pub  lbl 
tokvm.amigaos.tokenizer_vm.tokvmStringEscapeNewline  12A6      pub  lbl 
tokvm.amigaos.tokenizer_vm.tokvmStringEscapeReturn  12AC      pub  lbl 
tokvm.amigaos.tokenizer_vm.tokvmStringEscapeTab  12B2      pub  lbl 
tokvm.amigaos.tokenizer_vm.tokvmVmFailureAtCursor  10A4      pub  lbl 
tokvm.amigaos.tokenizer_vm.TOKVM_DEFAULT_MAX_STEPS_PER_LINE  0800      pub  lbl 
tokvm.amigaos.tokenizer_vm.tokvm_read_last_failure_68000  0C0C      pub  lbl 
tokvm.amigaos.tokenizer_vm.tokvm_run_68000  0C1E      pub  lbl 
tokvm.amigaos.tokenizer_vm.tokvm_set_program_state_table_68000  0BEA      pub  lbl 
tokvm.amigaos.tokenizer_vm.tokvm_set_step_budget_68000  0BD8      pub  lbl 

Total memory is 0 bytes

GENERATED OUTPUT

(none)
